Excluding /root/audit/PX4-Autopilot/boards/px4/sitl/src/board_shutdown.cpp
Excluding /root/audit/PX4-Autopilot/build/px4_sitl_test/_deps/abseil-cpp-src/absl/algorithm/container.h
Excluding /root/audit/PX4-Autopilot/build/px4_sitl_test/_deps/abseil-cpp-src/absl/base/call_once.h
Excluding /root/audit/PX4-Autopilot/build/px4_sitl_test/_deps/abseil-cpp-src/absl/base/casts.h
Excluding /root/audit/PX4-Autopilot/build/px4_sitl_test/_deps/abseil-cpp-src/absl/base/dynamic_annotations.h
Excluding /root/audit/PX4-Autopilot/build/px4_sitl_test/_deps/abseil-cpp-src/absl/base/fast_type_id.h
Excluding /root/audit/PX4-Autopilot/build/px4_sitl_test/_deps/abseil-cpp-src/absl/base/internal/atomic_hook.h
Excluding /root/audit/PX4-Autopilot/build/px4_sitl_test/_deps/abseil-cpp-src/absl/base/internal/cycleclock.cc
Excluding /root/audit/PX4-Autopilot/build/px4_sitl_test/_deps/abseil-cpp-src/absl/base/internal/cycleclock.h
Excluding /root/audit/PX4-Autopilot/build/px4_sitl_test/_deps/abseil-cpp-src/absl/base/internal/direct_mmap.h
Excluding /root/audit/PX4-Autopilot/build/px4_sitl_test/_deps/abseil-cpp-src/absl/base/internal/endian.h
Excluding /root/audit/PX4-Autopilot/build/px4_sitl_test/_deps/abseil-cpp-src/absl/base/internal/errno_saver.h
Excluding /root/audit/PX4-Autopilot/build/px4_sitl_test/_deps/abseil-cpp-src/absl/base/internal/hide_ptr.h
Excluding /root/audit/PX4-Autopilot/build/px4_sitl_test/_deps/abseil-cpp-src/absl/base/internal/low_level_alloc.cc
Excluding /root/audit/PX4-Autopilot/build/px4_sitl_test/_deps/abseil-cpp-src/absl/base/internal/low_level_scheduling.h
Excluding /root/audit/PX4-Autopilot/build/px4_sitl_test/_deps/abseil-cpp-src/absl/base/internal/raw_logging.cc
Excluding /root/audit/PX4-Autopilot/build/px4_sitl_test/_deps/abseil-cpp-src/absl/base/internal/spinlock.cc
Excluding /root/audit/PX4-Autopilot/build/px4_sitl_test/_deps/abseil-cpp-src/absl/base/internal/spinlock.h
Excluding /root/audit/PX4-Autopilot/build/px4_sitl_test/_deps/abseil-cpp-src/absl/base/internal/spinlock_linux.inc
Excluding /root/audit/PX4-Autopilot/build/px4_sitl_test/_deps/abseil-cpp-src/absl/base/internal/spinlock_wait.cc
Excluding /root/audit/PX4-Autopilot/build/px4_sitl_test/_deps/abseil-cpp-src/absl/base/internal/spinlock_wait.h
Excluding /root/audit/PX4-Autopilot/build/px4_sitl_test/_deps/abseil-cpp-src/absl/base/internal/strerror.cc
Excluding /root/audit/PX4-Autopilot/build/px4_sitl_test/_deps/abseil-cpp-src/absl/base/internal/sysinfo.cc
Excluding /root/audit/PX4-Autopilot/build/px4_sitl_test/_deps/abseil-cpp-src/absl/base/internal/thread_identity.cc
Excluding /root/audit/PX4-Autopilot/build/px4_sitl_test/_deps/abseil-cpp-src/absl/base/internal/thread_identity.h
Excluding /root/audit/PX4-Autopilot/build/px4_sitl_test/_deps/abseil-cpp-src/absl/base/internal/throw_delegate.cc
Excluding /root/audit/PX4-Autopilot/build/px4_sitl_test/_deps/abseil-cpp-src/absl/base/internal/unaligned_access.h
Excluding /root/audit/PX4-Autopilot/build/px4_sitl_test/_deps/abseil-cpp-src/absl/base/internal/unscaledcycleclock.cc
Excluding /root/audit/PX4-Autopilot/build/px4_sitl_test/_deps/abseil-cpp-src/absl/base/internal/unscaledcycleclock.h
Excluding /root/audit/PX4-Autopilot/build/px4_sitl_test/_deps/abseil-cpp-src/absl/base/log_severity.h
Excluding /root/audit/PX4-Autopilot/build/px4_sitl_test/_deps/abseil-cpp-src/absl/base/no_destructor.h
Excluding /root/audit/PX4-Autopilot/build/px4_sitl_test/_deps/abseil-cpp-src/absl/base/prefetch.h
Excluding /root/audit/PX4-Autopilot/build/px4_sitl_test/_deps/abseil-cpp-src/absl/cleanup/cleanup.h
Excluding /root/audit/PX4-Autopilot/build/px4_sitl_test/_deps/abseil-cpp-src/absl/cleanup/internal/cleanup.h
Excluding /root/audit/PX4-Autopilot/build/px4_sitl_test/_deps/abseil-cpp-src/absl/container/fixed_array.h
Excluding /root/audit/PX4-Autopilot/build/px4_sitl_test/_deps/abseil-cpp-src/absl/container/flat_hash_map.h
Excluding /root/audit/PX4-Autopilot/build/px4_sitl_test/_deps/abseil-cpp-src/absl/container/flat_hash_set.h
Excluding /root/audit/PX4-Autopilot/build/px4_sitl_test/_deps/abseil-cpp-src/absl/container/inlined_vector.h
Excluding /root/audit/PX4-Autopilot/build/px4_sitl_test/_deps/abseil-cpp-src/absl/container/internal/common_policy_traits.h
Excluding /root/audit/PX4-Autopilot/build/px4_sitl_test/_deps/abseil-cpp-src/absl/container/internal/compressed_tuple.h
Excluding /root/audit/PX4-Autopilot/build/px4_sitl_test/_deps/abseil-cpp-src/absl/container/internal/container_memory.h
Excluding /root/audit/PX4-Autopilot/build/px4_sitl_test/_deps/abseil-cpp-src/absl/container/internal/hash_function_defaults.h
Excluding /root/audit/PX4-Autopilot/build/px4_sitl_test/_deps/abseil-cpp-src/absl/container/internal/hash_policy_traits.h
Excluding /root/audit/PX4-Autopilot/build/px4_sitl_test/_deps/abseil-cpp-src/absl/container/internal/hashtable_control_bytes.h
Excluding /root/audit/PX4-Autopilot/build/px4_sitl_test/_deps/abseil-cpp-src/absl/container/internal/hashtablez_sampler.cc
Excluding /root/audit/PX4-Autopilot/build/px4_sitl_test/_deps/abseil-cpp-src/absl/container/internal/hashtablez_sampler.h
Excluding /root/audit/PX4-Autopilot/build/px4_sitl_test/_deps/abseil-cpp-src/absl/container/internal/hashtablez_sampler_force_weak_definition.cc
Excluding /root/audit/PX4-Autopilot/build/px4_sitl_test/_deps/abseil-cpp-src/absl/container/internal/inlined_vector.h
Excluding /root/audit/PX4-Autopilot/build/px4_sitl_test/_deps/abseil-cpp-src/absl/container/internal/raw_hash_map.h
Excluding /root/audit/PX4-Autopilot/build/px4_sitl_test/_deps/abseil-cpp-src/absl/container/internal/raw_hash_set.cc
Excluding /root/audit/PX4-Autopilot/build/px4_sitl_test/_deps/abseil-cpp-src/absl/container/internal/raw_hash_set.h
Excluding /root/audit/PX4-Autopilot/build/px4_sitl_test/_deps/abseil-cpp-src/absl/crc/crc32c.cc
Excluding /root/audit/PX4-Autopilot/build/px4_sitl_test/_deps/abseil-cpp-src/absl/crc/crc32c.h
Excluding /root/audit/PX4-Autopilot/build/px4_sitl_test/_deps/abseil-cpp-src/absl/crc/internal/crc.cc
Excluding /root/audit/PX4-Autopilot/build/px4_sitl_test/_deps/abseil-cpp-src/absl/crc/internal/crc32c_inline.h
Excluding /root/audit/PX4-Autopilot/build/px4_sitl_test/_deps/abseil-cpp-src/absl/crc/internal/crc_cord_state.cc
Excluding /root/audit/PX4-Autopilot/build/px4_sitl_test/_deps/abseil-cpp-src/absl/crc/internal/crc_cord_state.h
Excluding /root/audit/PX4-Autopilot/build/px4_sitl_test/_deps/abseil-cpp-src/absl/crc/internal/crc_internal.h
Excluding /root/audit/PX4-Autopilot/build/px4_sitl_test/_deps/abseil-cpp-src/absl/crc/internal/crc_memcpy.h
Excluding /root/audit/PX4-Autopilot/build/px4_sitl_test/_deps/abseil-cpp-src/absl/crc/internal/crc_memcpy_fallback.cc
Excluding /root/audit/PX4-Autopilot/build/px4_sitl_test/_deps/abseil-cpp-src/absl/crc/internal/crc_x86_arm_combined.cc
Excluding /root/audit/PX4-Autopilot/build/px4_sitl_test/_deps/abseil-cpp-src/absl/debugging/failure_signal_handler.cc
Excluding /root/audit/PX4-Autopilot/build/px4_sitl_test/_deps/abseil-cpp-src/absl/debugging/failure_signal_handler.h
Excluding /root/audit/PX4-Autopilot/build/px4_sitl_test/_deps/abseil-cpp-src/absl/debugging/internal/address_is_readable.cc
Excluding /root/audit/PX4-Autopilot/build/px4_sitl_test/_deps/abseil-cpp-src/absl/debugging/internal/addresses.h
Excluding /root/audit/PX4-Autopilot/build/px4_sitl_test/_deps/abseil-cpp-src/absl/debugging/internal/bounded_utf8_length_sequence.h
Excluding /root/audit/PX4-Autopilot/build/px4_sitl_test/_deps/abseil-cpp-src/absl/debugging/internal/decode_rust_punycode.cc
Excluding /root/audit/PX4-Autopilot/build/px4_sitl_test/_deps/abseil-cpp-src/absl/debugging/internal/decode_rust_punycode.h
Excluding /root/audit/PX4-Autopilot/build/px4_sitl_test/_deps/abseil-cpp-src/absl/debugging/internal/demangle.cc
Excluding /root/audit/PX4-Autopilot/build/px4_sitl_test/_deps/abseil-cpp-src/absl/debugging/internal/demangle_rust.cc
Excluding /root/audit/PX4-Autopilot/build/px4_sitl_test/_deps/abseil-cpp-src/absl/debugging/internal/elf_mem_image.cc
Excluding /root/audit/PX4-Autopilot/build/px4_sitl_test/_deps/abseil-cpp-src/absl/debugging/internal/elf_mem_image.h
Excluding /root/audit/PX4-Autopilot/build/px4_sitl_test/_deps/abseil-cpp-src/absl/debugging/internal/examine_stack.cc
Excluding /root/audit/PX4-Autopilot/build/px4_sitl_test/_deps/abseil-cpp-src/absl/debugging/internal/stacktrace_x86-inl.inc
Excluding /root/audit/PX4-Autopilot/build/px4_sitl_test/_deps/abseil-cpp-src/absl/debugging/internal/utf8_for_code_point.cc
Excluding /root/audit/PX4-Autopilot/build/px4_sitl_test/_deps/abseil-cpp-src/absl/debugging/internal/utf8_for_code_point.h
Excluding /root/audit/PX4-Autopilot/build/px4_sitl_test/_deps/abseil-cpp-src/absl/debugging/internal/vdso_support.cc
Excluding /root/audit/PX4-Autopilot/build/px4_sitl_test/_deps/abseil-cpp-src/absl/debugging/internal/vdso_support.h
Excluding /root/audit/PX4-Autopilot/build/px4_sitl_test/_deps/abseil-cpp-src/absl/debugging/leak_check.cc
Excluding /root/audit/PX4-Autopilot/build/px4_sitl_test/_deps/abseil-cpp-src/absl/debugging/leak_check.h
Excluding /root/audit/PX4-Autopilot/build/px4_sitl_test/_deps/abseil-cpp-src/absl/debugging/stacktrace.cc
Excluding /root/audit/PX4-Autopilot/build/px4_sitl_test/_deps/abseil-cpp-src/absl/debugging/stacktrace.h
Excluding /root/audit/PX4-Autopilot/build/px4_sitl_test/_deps/abseil-cpp-src/absl/debugging/symbolize_elf.inc
Excluding /root/audit/PX4-Autopilot/build/px4_sitl_test/_deps/abseil-cpp-src/absl/flags/commandlineflag.cc
Excluding /root/audit/PX4-Autopilot/build/px4_sitl_test/_deps/abseil-cpp-src/absl/flags/commandlineflag.h
Excluding /root/audit/PX4-Autopilot/build/px4_sitl_test/_deps/abseil-cpp-src/absl/flags/flag.h
Excluding /root/audit/PX4-Autopilot/build/px4_sitl_test/_deps/abseil-cpp-src/absl/flags/internal/commandlineflag.cc
Excluding /root/audit/PX4-Autopilot/build/px4_sitl_test/_deps/abseil-cpp-src/absl/flags/internal/commandlineflag.h
Excluding /root/audit/PX4-Autopilot/build/px4_sitl_test/_deps/abseil-cpp-src/absl/flags/internal/flag.cc
Excluding /root/audit/PX4-Autopilot/build/px4_sitl_test/_deps/abseil-cpp-src/absl/flags/internal/flag.h
Excluding /root/audit/PX4-Autopilot/build/px4_sitl_test/_deps/abseil-cpp-src/absl/flags/internal/path_util.h
Excluding /root/audit/PX4-Autopilot/build/px4_sitl_test/_deps/abseil-cpp-src/absl/flags/internal/private_handle_accessor.cc
Excluding /root/audit/PX4-Autopilot/build/px4_sitl_test/_deps/abseil-cpp-src/absl/flags/internal/program_name.cc
Excluding /root/audit/PX4-Autopilot/build/px4_sitl_test/_deps/abseil-cpp-src/absl/flags/internal/sequence_lock.h
Excluding /root/audit/PX4-Autopilot/build/px4_sitl_test/_deps/abseil-cpp-src/absl/flags/internal/usage.cc
Excluding /root/audit/PX4-Autopilot/build/px4_sitl_test/_deps/abseil-cpp-src/absl/flags/marshalling.cc
Excluding /root/audit/PX4-Autopilot/build/px4_sitl_test/_deps/abseil-cpp-src/absl/flags/marshalling.h
Excluding /root/audit/PX4-Autopilot/build/px4_sitl_test/_deps/abseil-cpp-src/absl/flags/parse.cc
Excluding /root/audit/PX4-Autopilot/build/px4_sitl_test/_deps/abseil-cpp-src/absl/flags/parse.h
Excluding /root/audit/PX4-Autopilot/build/px4_sitl_test/_deps/abseil-cpp-src/absl/flags/reflection.cc
Excluding /root/audit/PX4-Autopilot/build/px4_sitl_test/_deps/abseil-cpp-src/absl/flags/usage.cc
Excluding /root/audit/PX4-Autopilot/build/px4_sitl_test/_deps/abseil-cpp-src/absl/flags/usage_config.cc
Excluding /root/audit/PX4-Autopilot/build/px4_sitl_test/_deps/abseil-cpp-src/absl/flags/usage_config.h
Excluding /root/audit/PX4-Autopilot/build/px4_sitl_test/_deps/abseil-cpp-src/absl/functional/any_invocable.h
Excluding /root/audit/PX4-Autopilot/build/px4_sitl_test/_deps/abseil-cpp-src/absl/functional/bind_front.h
Excluding /root/audit/PX4-Autopilot/build/px4_sitl_test/_deps/abseil-cpp-src/absl/functional/function_ref.h
Excluding /root/audit/PX4-Autopilot/build/px4_sitl_test/_deps/abseil-cpp-src/absl/functional/internal/any_invocable.h
Excluding /root/audit/PX4-Autopilot/build/px4_sitl_test/_deps/abseil-cpp-src/absl/functional/internal/front_binder.h
Excluding /root/audit/PX4-Autopilot/build/px4_sitl_test/_deps/abseil-cpp-src/absl/functional/internal/function_ref.h
Excluding /root/audit/PX4-Autopilot/build/px4_sitl_test/_deps/abseil-cpp-src/absl/hash/hash.h
Excluding /root/audit/PX4-Autopilot/build/px4_sitl_test/_deps/abseil-cpp-src/absl/hash/internal/city.cc
Excluding /root/audit/PX4-Autopilot/build/px4_sitl_test/_deps/abseil-cpp-src/absl/hash/internal/hash.cc
Excluding /root/audit/PX4-Autopilot/build/px4_sitl_test/_deps/abseil-cpp-src/absl/hash/internal/hash.h
Excluding /root/audit/PX4-Autopilot/build/px4_sitl_test/_deps/abseil-cpp-src/absl/hash/internal/low_level_hash.cc
Excluding /root/audit/PX4-Autopilot/build/px4_sitl_test/_deps/abseil-cpp-src/absl/log/globals.cc
Excluding /root/audit/PX4-Autopilot/build/px4_sitl_test/_deps/abseil-cpp-src/absl/log/internal/append_truncated.h
Excluding /root/audit/PX4-Autopilot/build/px4_sitl_test/_deps/abseil-cpp-src/absl/log/internal/check_op.cc
Excluding /root/audit/PX4-Autopilot/build/px4_sitl_test/_deps/abseil-cpp-src/absl/log/internal/check_op.h
Excluding /root/audit/PX4-Autopilot/build/px4_sitl_test/_deps/abseil-cpp-src/absl/log/internal/globals.cc
Excluding /root/audit/PX4-Autopilot/build/px4_sitl_test/_deps/abseil-cpp-src/absl/log/internal/log_format.cc
Excluding /root/audit/PX4-Autopilot/build/px4_sitl_test/_deps/abseil-cpp-src/absl/log/internal/log_message.cc
Excluding /root/audit/PX4-Autopilot/build/px4_sitl_test/_deps/abseil-cpp-src/absl/log/internal/log_message.h
Excluding /root/audit/PX4-Autopilot/build/px4_sitl_test/_deps/abseil-cpp-src/absl/log/internal/log_sink_set.cc
Excluding /root/audit/PX4-Autopilot/build/px4_sitl_test/_deps/abseil-cpp-src/absl/log/internal/nullguard.h
Excluding /root/audit/PX4-Autopilot/build/px4_sitl_test/_deps/abseil-cpp-src/absl/log/internal/proto.cc
Excluding /root/audit/PX4-Autopilot/build/px4_sitl_test/_deps/abseil-cpp-src/absl/log/internal/proto.h
Excluding /root/audit/PX4-Autopilot/build/px4_sitl_test/_deps/abseil-cpp-src/absl/log/internal/structured_proto.cc
Excluding /root/audit/PX4-Autopilot/build/px4_sitl_test/_deps/abseil-cpp-src/absl/log/internal/structured_proto.h
Excluding /root/audit/PX4-Autopilot/build/px4_sitl_test/_deps/abseil-cpp-src/absl/log/internal/voidify.h
Excluding /root/audit/PX4-Autopilot/build/px4_sitl_test/_deps/abseil-cpp-src/absl/log/log_entry.h
Excluding /root/audit/PX4-Autopilot/build/px4_sitl_test/_deps/abseil-cpp-src/absl/log/log_sink.cc
Excluding /root/audit/PX4-Autopilot/build/px4_sitl_test/_deps/abseil-cpp-src/absl/log/log_sink.h
Excluding /root/audit/PX4-Autopilot/build/px4_sitl_test/_deps/abseil-cpp-src/absl/log/log_sink_registry.h
Excluding /root/audit/PX4-Autopilot/build/px4_sitl_test/_deps/abseil-cpp-src/absl/memory/memory.h
Excluding /root/audit/PX4-Autopilot/build/px4_sitl_test/_deps/abseil-cpp-src/absl/numeric/bits.h
Excluding /root/audit/PX4-Autopilot/build/px4_sitl_test/_deps/abseil-cpp-src/absl/numeric/int128.cc
Excluding /root/audit/PX4-Autopilot/build/px4_sitl_test/_deps/abseil-cpp-src/absl/numeric/int128.h
Excluding /root/audit/PX4-Autopilot/build/px4_sitl_test/_deps/abseil-cpp-src/absl/numeric/int128_have_intrinsic.inc
Excluding /root/audit/PX4-Autopilot/build/px4_sitl_test/_deps/abseil-cpp-src/absl/numeric/internal/bits.h
Excluding /root/audit/PX4-Autopilot/build/px4_sitl_test/_deps/abseil-cpp-src/absl/numeric/internal/representation.h
Excluding /root/audit/PX4-Autopilot/build/px4_sitl_test/_deps/abseil-cpp-src/absl/profiling/internal/exponential_biased.cc
Excluding /root/audit/PX4-Autopilot/build/px4_sitl_test/_deps/abseil-cpp-src/absl/profiling/internal/exponential_biased.h
Excluding /root/audit/PX4-Autopilot/build/px4_sitl_test/_deps/abseil-cpp-src/absl/profiling/internal/sample_recorder.h
Excluding /root/audit/PX4-Autopilot/build/px4_sitl_test/_deps/abseil-cpp-src/absl/random/bernoulli_distribution.h
Excluding /root/audit/PX4-Autopilot/build/px4_sitl_test/_deps/abseil-cpp-src/absl/random/bit_gen_ref.h
Excluding /root/audit/PX4-Autopilot/build/px4_sitl_test/_deps/abseil-cpp-src/absl/random/discrete_distribution.cc
Excluding /root/audit/PX4-Autopilot/build/px4_sitl_test/_deps/abseil-cpp-src/absl/random/discrete_distribution.h
Excluding /root/audit/PX4-Autopilot/build/px4_sitl_test/_deps/abseil-cpp-src/absl/random/distributions.h
Excluding /root/audit/PX4-Autopilot/build/px4_sitl_test/_deps/abseil-cpp-src/absl/random/internal/distribution_caller.h
Excluding /root/audit/PX4-Autopilot/build/px4_sitl_test/_deps/abseil-cpp-src/absl/random/internal/entropy_pool.cc
Excluding /root/audit/PX4-Autopilot/build/px4_sitl_test/_deps/abseil-cpp-src/absl/random/internal/fast_uniform_bits.h
Excluding /root/audit/PX4-Autopilot/build/px4_sitl_test/_deps/abseil-cpp-src/absl/random/internal/fastmath.h
Excluding /root/audit/PX4-Autopilot/build/px4_sitl_test/_deps/abseil-cpp-src/absl/random/internal/generate_real.h
Excluding /root/audit/PX4-Autopilot/build/px4_sitl_test/_deps/abseil-cpp-src/absl/random/internal/nonsecure_base.h
Excluding /root/audit/PX4-Autopilot/build/px4_sitl_test/_deps/abseil-cpp-src/absl/random/internal/randen.cc
Excluding /root/audit/PX4-Autopilot/build/px4_sitl_test/_deps/abseil-cpp-src/absl/random/internal/randen.h
Excluding /root/audit/PX4-Autopilot/build/px4_sitl_test/_deps/abseil-cpp-src/absl/random/internal/randen_detect.cc
Excluding /root/audit/PX4-Autopilot/build/px4_sitl_test/_deps/abseil-cpp-src/absl/random/internal/randen_engine.h
Excluding /root/audit/PX4-Autopilot/build/px4_sitl_test/_deps/abseil-cpp-src/absl/random/internal/randen_hwaes.cc
Excluding /root/audit/PX4-Autopilot/build/px4_sitl_test/_deps/abseil-cpp-src/absl/random/internal/randen_slow.cc
Excluding /root/audit/PX4-Autopilot/build/px4_sitl_test/_deps/abseil-cpp-src/absl/random/internal/seed_material.cc
Excluding /root/audit/PX4-Autopilot/build/px4_sitl_test/_deps/abseil-cpp-src/absl/random/internal/uniform_helper.h
Excluding /root/audit/PX4-Autopilot/build/px4_sitl_test/_deps/abseil-cpp-src/absl/random/internal/wide_multiply.h
Excluding /root/audit/PX4-Autopilot/build/px4_sitl_test/_deps/abseil-cpp-src/absl/random/poisson_distribution.h
Excluding /root/audit/PX4-Autopilot/build/px4_sitl_test/_deps/abseil-cpp-src/absl/random/random.h
Excluding /root/audit/PX4-Autopilot/build/px4_sitl_test/_deps/abseil-cpp-src/absl/random/seed_gen_exception.cc
Excluding /root/audit/PX4-Autopilot/build/px4_sitl_test/_deps/abseil-cpp-src/absl/random/seed_gen_exception.h
Excluding /root/audit/PX4-Autopilot/build/px4_sitl_test/_deps/abseil-cpp-src/absl/random/uniform_int_distribution.h
Excluding /root/audit/PX4-Autopilot/build/px4_sitl_test/_deps/abseil-cpp-src/absl/random/uniform_real_distribution.h
Excluding /root/audit/PX4-Autopilot/build/px4_sitl_test/_deps/abseil-cpp-src/absl/random/zipf_distribution.h
Excluding /root/audit/PX4-Autopilot/build/px4_sitl_test/_deps/abseil-cpp-src/absl/status/internal/status_internal.cc
Excluding /root/audit/PX4-Autopilot/build/px4_sitl_test/_deps/abseil-cpp-src/absl/status/internal/status_internal.h
Excluding /root/audit/PX4-Autopilot/build/px4_sitl_test/_deps/abseil-cpp-src/absl/status/internal/statusor_internal.h
Excluding /root/audit/PX4-Autopilot/build/px4_sitl_test/_deps/abseil-cpp-src/absl/status/status.cc
Excluding /root/audit/PX4-Autopilot/build/px4_sitl_test/_deps/abseil-cpp-src/absl/status/status.h
Excluding /root/audit/PX4-Autopilot/build/px4_sitl_test/_deps/abseil-cpp-src/absl/status/status_payload_printer.cc
Excluding /root/audit/PX4-Autopilot/build/px4_sitl_test/_deps/abseil-cpp-src/absl/status/statusor.cc
Excluding /root/audit/PX4-Autopilot/build/px4_sitl_test/_deps/abseil-cpp-src/absl/status/statusor.h
Excluding /root/audit/PX4-Autopilot/build/px4_sitl_test/_deps/abseil-cpp-src/absl/strings/ascii.cc
Excluding /root/audit/PX4-Autopilot/build/px4_sitl_test/_deps/abseil-cpp-src/absl/strings/ascii.h
Excluding /root/audit/PX4-Autopilot/build/px4_sitl_test/_deps/abseil-cpp-src/absl/strings/charconv.cc
Excluding /root/audit/PX4-Autopilot/build/px4_sitl_test/_deps/abseil-cpp-src/absl/strings/charconv.h
Excluding /root/audit/PX4-Autopilot/build/px4_sitl_test/_deps/abseil-cpp-src/absl/strings/cord.cc
Excluding /root/audit/PX4-Autopilot/build/px4_sitl_test/_deps/abseil-cpp-src/absl/strings/cord.h
Excluding /root/audit/PX4-Autopilot/build/px4_sitl_test/_deps/abseil-cpp-src/absl/strings/cord_buffer.h
Excluding /root/audit/PX4-Autopilot/build/px4_sitl_test/_deps/abseil-cpp-src/absl/strings/escaping.cc
Excluding /root/audit/PX4-Autopilot/build/px4_sitl_test/_deps/abseil-cpp-src/absl/strings/internal/charconv_bigint.cc
Excluding /root/audit/PX4-Autopilot/build/px4_sitl_test/_deps/abseil-cpp-src/absl/strings/internal/charconv_bigint.h
Excluding /root/audit/PX4-Autopilot/build/px4_sitl_test/_deps/abseil-cpp-src/absl/strings/internal/charconv_parse.cc
Excluding /root/audit/PX4-Autopilot/build/px4_sitl_test/_deps/abseil-cpp-src/absl/strings/internal/charconv_parse.h
Excluding /root/audit/PX4-Autopilot/build/px4_sitl_test/_deps/abseil-cpp-src/absl/strings/internal/cord_data_edge.h
Excluding /root/audit/PX4-Autopilot/build/px4_sitl_test/_deps/abseil-cpp-src/absl/strings/internal/cord_internal.cc
Excluding /root/audit/PX4-Autopilot/build/px4_sitl_test/_deps/abseil-cpp-src/absl/strings/internal/cord_internal.h
Excluding /root/audit/PX4-Autopilot/build/px4_sitl_test/_deps/abseil-cpp-src/absl/strings/internal/cord_rep_btree.cc
Excluding /root/audit/PX4-Autopilot/build/px4_sitl_test/_deps/abseil-cpp-src/absl/strings/internal/cord_rep_btree.h
Excluding /root/audit/PX4-Autopilot/build/px4_sitl_test/_deps/abseil-cpp-src/absl/strings/internal/cord_rep_btree_navigator.cc
Excluding /root/audit/PX4-Autopilot/build/px4_sitl_test/_deps/abseil-cpp-src/absl/strings/internal/cord_rep_btree_navigator.h
Excluding /root/audit/PX4-Autopilot/build/px4_sitl_test/_deps/abseil-cpp-src/absl/strings/internal/cord_rep_btree_reader.cc
Excluding /root/audit/PX4-Autopilot/build/px4_sitl_test/_deps/abseil-cpp-src/absl/strings/internal/cord_rep_btree_reader.h
Excluding /root/audit/PX4-Autopilot/build/px4_sitl_test/_deps/abseil-cpp-src/absl/strings/internal/cord_rep_consume.cc
Excluding /root/audit/PX4-Autopilot/build/px4_sitl_test/_deps/abseil-cpp-src/absl/strings/internal/cord_rep_crc.cc
Excluding /root/audit/PX4-Autopilot/build/px4_sitl_test/_deps/abseil-cpp-src/absl/strings/internal/cord_rep_crc.h
Excluding /root/audit/PX4-Autopilot/build/px4_sitl_test/_deps/abseil-cpp-src/absl/strings/internal/cord_rep_flat.h
Excluding /root/audit/PX4-Autopilot/build/px4_sitl_test/_deps/abseil-cpp-src/absl/strings/internal/cordz_functions.cc
Excluding /root/audit/PX4-Autopilot/build/px4_sitl_test/_deps/abseil-cpp-src/absl/strings/internal/cordz_functions.h
Excluding /root/audit/PX4-Autopilot/build/px4_sitl_test/_deps/abseil-cpp-src/absl/strings/internal/cordz_handle.cc
Excluding /root/audit/PX4-Autopilot/build/px4_sitl_test/_deps/abseil-cpp-src/absl/strings/internal/cordz_handle.h
Excluding /root/audit/PX4-Autopilot/build/px4_sitl_test/_deps/abseil-cpp-src/absl/strings/internal/cordz_info.cc
Excluding /root/audit/PX4-Autopilot/build/px4_sitl_test/_deps/abseil-cpp-src/absl/strings/internal/cordz_info.h
Excluding /root/audit/PX4-Autopilot/build/px4_sitl_test/_deps/abseil-cpp-src/absl/strings/internal/cordz_statistics.h
Excluding /root/audit/PX4-Autopilot/build/px4_sitl_test/_deps/abseil-cpp-src/absl/strings/internal/cordz_update_scope.h
Excluding /root/audit/PX4-Autopilot/build/px4_sitl_test/_deps/abseil-cpp-src/absl/strings/internal/cordz_update_tracker.h
Excluding /root/audit/PX4-Autopilot/build/px4_sitl_test/_deps/abseil-cpp-src/absl/strings/internal/damerau_levenshtein_distance.cc
Excluding /root/audit/PX4-Autopilot/build/px4_sitl_test/_deps/abseil-cpp-src/absl/strings/internal/escaping.cc
Excluding /root/audit/PX4-Autopilot/build/px4_sitl_test/_deps/abseil-cpp-src/absl/strings/internal/escaping.h
Excluding /root/audit/PX4-Autopilot/build/px4_sitl_test/_deps/abseil-cpp-src/absl/strings/internal/memutil.cc
Excluding /root/audit/PX4-Autopilot/build/px4_sitl_test/_deps/abseil-cpp-src/absl/strings/internal/resize_uninitialized.h
Excluding /root/audit/PX4-Autopilot/build/px4_sitl_test/_deps/abseil-cpp-src/absl/strings/internal/str_format/arg.cc
Excluding /root/audit/PX4-Autopilot/build/px4_sitl_test/_deps/abseil-cpp-src/absl/strings/internal/str_format/arg.h
Excluding /root/audit/PX4-Autopilot/build/px4_sitl_test/_deps/abseil-cpp-src/absl/strings/internal/str_format/bind.cc
Excluding /root/audit/PX4-Autopilot/build/px4_sitl_test/_deps/abseil-cpp-src/absl/strings/internal/str_format/bind.h
Excluding /root/audit/PX4-Autopilot/build/px4_sitl_test/_deps/abseil-cpp-src/absl/strings/internal/str_format/constexpr_parser.h
Excluding /root/audit/PX4-Autopilot/build/px4_sitl_test/_deps/abseil-cpp-src/absl/strings/internal/str_format/extension.cc
Excluding /root/audit/PX4-Autopilot/build/px4_sitl_test/_deps/abseil-cpp-src/absl/strings/internal/str_format/extension.h
Excluding /root/audit/PX4-Autopilot/build/px4_sitl_test/_deps/abseil-cpp-src/absl/strings/internal/str_format/float_conversion.cc
Excluding /root/audit/PX4-Autopilot/build/px4_sitl_test/_deps/abseil-cpp-src/absl/strings/internal/str_format/output.cc
Excluding /root/audit/PX4-Autopilot/build/px4_sitl_test/_deps/abseil-cpp-src/absl/strings/internal/str_format/output.h
Excluding /root/audit/PX4-Autopilot/build/px4_sitl_test/_deps/abseil-cpp-src/absl/strings/internal/str_format/parser.cc
Excluding /root/audit/PX4-Autopilot/build/px4_sitl_test/_deps/abseil-cpp-src/absl/strings/internal/str_format/parser.h
Excluding /root/audit/PX4-Autopilot/build/px4_sitl_test/_deps/abseil-cpp-src/absl/strings/internal/str_join_internal.h
Excluding /root/audit/PX4-Autopilot/build/px4_sitl_test/_deps/abseil-cpp-src/absl/strings/internal/str_split_internal.h
Excluding /root/audit/PX4-Autopilot/build/px4_sitl_test/_deps/abseil-cpp-src/absl/strings/internal/stringify_sink.cc
Excluding /root/audit/PX4-Autopilot/build/px4_sitl_test/_deps/abseil-cpp-src/absl/strings/internal/stringify_sink.h
Excluding /root/audit/PX4-Autopilot/build/px4_sitl_test/_deps/abseil-cpp-src/absl/strings/internal/utf8.cc
Excluding /root/audit/PX4-Autopilot/build/px4_sitl_test/_deps/abseil-cpp-src/absl/strings/match.cc
Excluding /root/audit/PX4-Autopilot/build/px4_sitl_test/_deps/abseil-cpp-src/absl/strings/match.h
Excluding /root/audit/PX4-Autopilot/build/px4_sitl_test/_deps/abseil-cpp-src/absl/strings/numbers.cc
Excluding /root/audit/PX4-Autopilot/build/px4_sitl_test/_deps/abseil-cpp-src/absl/strings/numbers.h
Excluding /root/audit/PX4-Autopilot/build/px4_sitl_test/_deps/abseil-cpp-src/absl/strings/str_cat.cc
Excluding /root/audit/PX4-Autopilot/build/px4_sitl_test/_deps/abseil-cpp-src/absl/strings/str_cat.h
Excluding /root/audit/PX4-Autopilot/build/px4_sitl_test/_deps/abseil-cpp-src/absl/strings/str_format.h
Excluding /root/audit/PX4-Autopilot/build/px4_sitl_test/_deps/abseil-cpp-src/absl/strings/str_join.h
Excluding /root/audit/PX4-Autopilot/build/px4_sitl_test/_deps/abseil-cpp-src/absl/strings/str_replace.cc
Excluding /root/audit/PX4-Autopilot/build/px4_sitl_test/_deps/abseil-cpp-src/absl/strings/str_replace.h
Excluding /root/audit/PX4-Autopilot/build/px4_sitl_test/_deps/abseil-cpp-src/absl/strings/str_split.cc
Excluding /root/audit/PX4-Autopilot/build/px4_sitl_test/_deps/abseil-cpp-src/absl/strings/str_split.h
Excluding /root/audit/PX4-Autopilot/build/px4_sitl_test/_deps/abseil-cpp-src/absl/strings/string_view.h
Excluding /root/audit/PX4-Autopilot/build/px4_sitl_test/_deps/abseil-cpp-src/absl/strings/strip.h
Excluding /root/audit/PX4-Autopilot/build/px4_sitl_test/_deps/abseil-cpp-src/absl/synchronization/internal/create_thread_identity.cc
Excluding /root/audit/PX4-Autopilot/build/px4_sitl_test/_deps/abseil-cpp-src/absl/synchronization/internal/create_thread_identity.h
Excluding /root/audit/PX4-Autopilot/build/px4_sitl_test/_deps/abseil-cpp-src/absl/synchronization/internal/futex.h
Excluding /root/audit/PX4-Autopilot/build/px4_sitl_test/_deps/abseil-cpp-src/absl/synchronization/internal/futex_waiter.cc
Excluding /root/audit/PX4-Autopilot/build/px4_sitl_test/_deps/abseil-cpp-src/absl/synchronization/internal/futex_waiter.h
Excluding /root/audit/PX4-Autopilot/build/px4_sitl_test/_deps/abseil-cpp-src/absl/synchronization/internal/graphcycles.cc
Excluding /root/audit/PX4-Autopilot/build/px4_sitl_test/_deps/abseil-cpp-src/absl/synchronization/internal/graphcycles.h
Excluding /root/audit/PX4-Autopilot/build/px4_sitl_test/_deps/abseil-cpp-src/absl/synchronization/internal/kernel_timeout.cc
Excluding /root/audit/PX4-Autopilot/build/px4_sitl_test/_deps/abseil-cpp-src/absl/synchronization/internal/kernel_timeout.h
Excluding /root/audit/PX4-Autopilot/build/px4_sitl_test/_deps/abseil-cpp-src/absl/synchronization/internal/per_thread_sem.cc
Excluding /root/audit/PX4-Autopilot/build/px4_sitl_test/_deps/abseil-cpp-src/absl/synchronization/internal/per_thread_sem.h
Excluding /root/audit/PX4-Autopilot/build/px4_sitl_test/_deps/abseil-cpp-src/absl/synchronization/internal/waiter_base.cc
Excluding /root/audit/PX4-Autopilot/build/px4_sitl_test/_deps/abseil-cpp-src/absl/synchronization/internal/waiter_base.h
Excluding /root/audit/PX4-Autopilot/build/px4_sitl_test/_deps/abseil-cpp-src/absl/synchronization/mutex.cc
Excluding /root/audit/PX4-Autopilot/build/px4_sitl_test/_deps/abseil-cpp-src/absl/synchronization/mutex.h
Excluding /root/audit/PX4-Autopilot/build/px4_sitl_test/_deps/abseil-cpp-src/absl/time/civil_time.h
Excluding /root/audit/PX4-Autopilot/build/px4_sitl_test/_deps/abseil-cpp-src/absl/time/clock.cc
Excluding /root/audit/PX4-Autopilot/build/px4_sitl_test/_deps/abseil-cpp-src/absl/time/clock.h
Excluding /root/audit/PX4-Autopilot/build/px4_sitl_test/_deps/abseil-cpp-src/absl/time/duration.cc
Excluding /root/audit/PX4-Autopilot/build/px4_sitl_test/_deps/abseil-cpp-src/absl/time/internal/cctz/include/cctz/civil_time_detail.h
Excluding /root/audit/PX4-Autopilot/build/px4_sitl_test/_deps/abseil-cpp-src/absl/time/internal/cctz/include/cctz/time_zone.h
Excluding /root/audit/PX4-Autopilot/build/px4_sitl_test/_deps/abseil-cpp-src/absl/time/internal/cctz/include/cctz/zone_info_source.h
Excluding /root/audit/PX4-Autopilot/build/px4_sitl_test/_deps/abseil-cpp-src/absl/time/internal/cctz/src/time_zone_fixed.cc
Excluding /root/audit/PX4-Autopilot/build/px4_sitl_test/_deps/abseil-cpp-src/absl/time/internal/cctz/src/time_zone_if.cc
Excluding /root/audit/PX4-Autopilot/build/px4_sitl_test/_deps/abseil-cpp-src/absl/time/internal/cctz/src/time_zone_if.h
Excluding /root/audit/PX4-Autopilot/build/px4_sitl_test/_deps/abseil-cpp-src/absl/time/internal/cctz/src/time_zone_impl.cc
Excluding /root/audit/PX4-Autopilot/build/px4_sitl_test/_deps/abseil-cpp-src/absl/time/internal/cctz/src/time_zone_impl.h
Excluding /root/audit/PX4-Autopilot/build/px4_sitl_test/_deps/abseil-cpp-src/absl/time/internal/cctz/src/time_zone_info.cc
Excluding /root/audit/PX4-Autopilot/build/px4_sitl_test/_deps/abseil-cpp-src/absl/time/internal/cctz/src/time_zone_info.h
Excluding /root/audit/PX4-Autopilot/build/px4_sitl_test/_deps/abseil-cpp-src/absl/time/internal/cctz/src/time_zone_libc.cc
Excluding /root/audit/PX4-Autopilot/build/px4_sitl_test/_deps/abseil-cpp-src/absl/time/internal/cctz/src/time_zone_libc.h
Excluding /root/audit/PX4-Autopilot/build/px4_sitl_test/_deps/abseil-cpp-src/absl/time/internal/cctz/src/time_zone_lookup.cc
Excluding /root/audit/PX4-Autopilot/build/px4_sitl_test/_deps/abseil-cpp-src/absl/time/internal/cctz/src/time_zone_posix.cc
Excluding /root/audit/PX4-Autopilot/build/px4_sitl_test/_deps/abseil-cpp-src/absl/time/internal/cctz/src/time_zone_posix.h
Excluding /root/audit/PX4-Autopilot/build/px4_sitl_test/_deps/abseil-cpp-src/absl/time/internal/cctz/src/zone_info_source.cc
Excluding /root/audit/PX4-Autopilot/build/px4_sitl_test/_deps/abseil-cpp-src/absl/time/internal/get_current_time_posix.inc
Excluding /root/audit/PX4-Autopilot/build/px4_sitl_test/_deps/abseil-cpp-src/absl/time/time.cc
Excluding /root/audit/PX4-Autopilot/build/px4_sitl_test/_deps/abseil-cpp-src/absl/time/time.h
Excluding /root/audit/PX4-Autopilot/build/px4_sitl_test/_deps/abseil-cpp-src/absl/types/internal/span.h
Excluding /root/audit/PX4-Autopilot/build/px4_sitl_test/_deps/abseil-cpp-src/absl/types/span.h
Excluding /root/audit/PX4-Autopilot/build/px4_sitl_test/_deps/googletest-src/googletest/include/gtest/gtest-assertion-result.h
Excluding /root/audit/PX4-Autopilot/build/px4_sitl_test/_deps/googletest-src/googletest/include/gtest/gtest-matchers.h
Excluding /root/audit/PX4-Autopilot/build/px4_sitl_test/_deps/googletest-src/googletest/include/gtest/gtest-message.h
Excluding /root/audit/PX4-Autopilot/build/px4_sitl_test/_deps/googletest-src/googletest/include/gtest/gtest-param-test.h
Excluding /root/audit/PX4-Autopilot/build/px4_sitl_test/_deps/googletest-src/googletest/include/gtest/gtest-printers.h
Excluding /root/audit/PX4-Autopilot/build/px4_sitl_test/_deps/googletest-src/googletest/include/gtest/gtest-test-part.h
Excluding /root/audit/PX4-Autopilot/build/px4_sitl_test/_deps/googletest-src/googletest/include/gtest/gtest.h
Excluding /root/audit/PX4-Autopilot/build/px4_sitl_test/_deps/googletest-src/googletest/include/gtest/internal/gtest-death-test-internal.h
Excluding /root/audit/PX4-Autopilot/build/px4_sitl_test/_deps/googletest-src/googletest/include/gtest/internal/gtest-filepath.h
Excluding /root/audit/PX4-Autopilot/build/px4_sitl_test/_deps/googletest-src/googletest/include/gtest/internal/gtest-internal.h
Excluding /root/audit/PX4-Autopilot/build/px4_sitl_test/_deps/googletest-src/googletest/include/gtest/internal/gtest-param-util.h
Excluding /root/audit/PX4-Autopilot/build/px4_sitl_test/_deps/googletest-src/googletest/include/gtest/internal/gtest-port.h
Excluding /root/audit/PX4-Autopilot/build/px4_sitl_test/_deps/googletest-src/googletest/src/gtest-assertion-result.cc
Excluding /root/audit/PX4-Autopilot/build/px4_sitl_test/_deps/googletest-src/googletest/src/gtest-death-test.cc
Excluding /root/audit/PX4-Autopilot/build/px4_sitl_test/_deps/googletest-src/googletest/src/gtest-filepath.cc
Excluding /root/audit/PX4-Autopilot/build/px4_sitl_test/_deps/googletest-src/googletest/src/gtest-internal-inl.h
Excluding /root/audit/PX4-Autopilot/build/px4_sitl_test/_deps/googletest-src/googletest/src/gtest-matchers.cc
Excluding /root/audit/PX4-Autopilot/build/px4_sitl_test/_deps/googletest-src/googletest/src/gtest-port.cc
Excluding /root/audit/PX4-Autopilot/build/px4_sitl_test/_deps/googletest-src/googletest/src/gtest-printers.cc
Excluding /root/audit/PX4-Autopilot/build/px4_sitl_test/_deps/googletest-src/googletest/src/gtest-test-part.cc
Excluding /root/audit/PX4-Autopilot/build/px4_sitl_test/_deps/googletest-src/googletest/src/gtest-typed-test.cc
Excluding /root/audit/PX4-Autopilot/build/px4_sitl_test/_deps/googletest-src/googletest/src/gtest.cc
Excluding /root/audit/PX4-Autopilot/build/px4_sitl_test/_deps/re2-src/re2/bitmap256.cc
Excluding /root/audit/PX4-Autopilot/build/px4_sitl_test/_deps/re2-src/re2/bitmap256.h
Excluding /root/audit/PX4-Autopilot/build/px4_sitl_test/_deps/re2-src/re2/bitstate.cc
Excluding /root/audit/PX4-Autopilot/build/px4_sitl_test/_deps/re2-src/re2/compile.cc
Excluding /root/audit/PX4-Autopilot/build/px4_sitl_test/_deps/re2-src/re2/dfa.cc
Excluding /root/audit/PX4-Autopilot/build/px4_sitl_test/_deps/re2-src/re2/nfa.cc
Excluding /root/audit/PX4-Autopilot/build/px4_sitl_test/_deps/re2-src/re2/onepass.cc
Excluding /root/audit/PX4-Autopilot/build/px4_sitl_test/_deps/re2-src/re2/parse.cc
Excluding /root/audit/PX4-Autopilot/build/px4_sitl_test/_deps/re2-src/re2/pod_array.h
Excluding /root/audit/PX4-Autopilot/build/px4_sitl_test/_deps/re2-src/re2/prog.cc
Excluding /root/audit/PX4-Autopilot/build/px4_sitl_test/_deps/re2-src/re2/prog.h
Excluding /root/audit/PX4-Autopilot/build/px4_sitl_test/_deps/re2-src/re2/re2.cc
Excluding /root/audit/PX4-Autopilot/build/px4_sitl_test/_deps/re2-src/re2/re2.h
Excluding /root/audit/PX4-Autopilot/build/px4_sitl_test/_deps/re2-src/re2/regexp.cc
Excluding /root/audit/PX4-Autopilot/build/px4_sitl_test/_deps/re2-src/re2/regexp.h
Excluding /root/audit/PX4-Autopilot/build/px4_sitl_test/_deps/re2-src/re2/simplify.cc
Excluding /root/audit/PX4-Autopilot/build/px4_sitl_test/_deps/re2-src/re2/sparse_array.h
Excluding /root/audit/PX4-Autopilot/build/px4_sitl_test/_deps/re2-src/re2/sparse_set.h
Excluding /root/audit/PX4-Autopilot/build/px4_sitl_test/_deps/re2-src/re2/tostring.cc
Excluding /root/audit/PX4-Autopilot/build/px4_sitl_test/_deps/re2-src/re2/walker-inl.h
Excluding /root/audit/PX4-Autopilot/build/px4_sitl_test/_deps/re2-src/util/rune.cc
Excluding /root/audit/PX4-Autopilot/build/px4_sitl_test/_deps/re2-src/util/strutil.cc
Excluding /root/audit/PX4-Autopilot/build/px4_sitl_test/events/events_generated.h
Excluding /root/audit/PX4-Autopilot/build/px4_sitl_test/mavlink/checksum.h
Excluding /root/audit/PX4-Autopilot/build/px4_sitl_test/mavlink/common/mavlink_msg_actuator_output_status.h
Excluding /root/audit/PX4-Autopilot/build/px4_sitl_test/mavlink/common/mavlink_msg_adsb_vehicle.h
Excluding /root/audit/PX4-Autopilot/build/px4_sitl_test/mavlink/common/mavlink_msg_altitude.h
Excluding /root/audit/PX4-Autopilot/build/px4_sitl_test/mavlink/common/mavlink_msg_att_pos_mocap.h
Excluding /root/audit/PX4-Autopilot/build/px4_sitl_test/mavlink/common/mavlink_msg_attitude.h
Excluding /root/audit/PX4-Autopilot/build/px4_sitl_test/mavlink/common/mavlink_msg_attitude_quaternion.h
Excluding /root/audit/PX4-Autopilot/build/px4_sitl_test/mavlink/common/mavlink_msg_attitude_target.h
Excluding /root/audit/PX4-Autopilot/build/px4_sitl_test/mavlink/common/mavlink_msg_autopilot_state_for_gimbal_device.h
Excluding /root/audit/PX4-Autopilot/build/px4_sitl_test/mavlink/common/mavlink_msg_available_modes.h
Excluding /root/audit/PX4-Autopilot/build/px4_sitl_test/mavlink/common/mavlink_msg_available_modes_monitor.h
Excluding /root/audit/PX4-Autopilot/build/px4_sitl_test/mavlink/common/mavlink_msg_battery_info.h
Excluding /root/audit/PX4-Autopilot/build/px4_sitl_test/mavlink/common/mavlink_msg_battery_status.h
Excluding /root/audit/PX4-Autopilot/build/px4_sitl_test/mavlink/common/mavlink_msg_camera_image_captured.h
Excluding /root/audit/PX4-Autopilot/build/px4_sitl_test/mavlink/common/mavlink_msg_camera_trigger.h
Excluding /root/audit/PX4-Autopilot/build/px4_sitl_test/mavlink/common/mavlink_msg_cellular_status.h
Excluding /root/audit/PX4-Autopilot/build/px4_sitl_test/mavlink/common/mavlink_msg_command_ack.h
Excluding /root/audit/PX4-Autopilot/build/px4_sitl_test/mavlink/common/mavlink_msg_command_int.h
Excluding /root/audit/PX4-Autopilot/build/px4_sitl_test/mavlink/common/mavlink_msg_command_long.h
Excluding /root/audit/PX4-Autopilot/build/px4_sitl_test/mavlink/common/mavlink_msg_component_information.h
Excluding /root/audit/PX4-Autopilot/build/px4_sitl_test/mavlink/common/mavlink_msg_component_metadata.h
Excluding /root/audit/PX4-Autopilot/build/px4_sitl_test/mavlink/common/mavlink_msg_current_event_sequence.h
Excluding /root/audit/PX4-Autopilot/build/px4_sitl_test/mavlink/common/mavlink_msg_current_mode.h
Excluding /root/audit/PX4-Autopilot/build/px4_sitl_test/mavlink/common/mavlink_msg_debug.h
Excluding /root/audit/PX4-Autopilot/build/px4_sitl_test/mavlink/common/mavlink_msg_debug_float_array.h
Excluding /root/audit/PX4-Autopilot/build/px4_sitl_test/mavlink/common/mavlink_msg_debug_vect.h
Excluding /root/audit/PX4-Autopilot/build/px4_sitl_test/mavlink/common/mavlink_msg_distance_sensor.h
Excluding /root/audit/PX4-Autopilot/build/px4_sitl_test/mavlink/common/mavlink_msg_efi_status.h
Excluding /root/audit/PX4-Autopilot/build/px4_sitl_test/mavlink/common/mavlink_msg_esc_info.h
Excluding /root/audit/PX4-Autopilot/build/px4_sitl_test/mavlink/common/mavlink_msg_esc_status.h
Excluding /root/audit/PX4-Autopilot/build/px4_sitl_test/mavlink/common/mavlink_msg_estimator_status.h
Excluding /root/audit/PX4-Autopilot/build/px4_sitl_test/mavlink/common/mavlink_msg_event.h
Excluding /root/audit/PX4-Autopilot/build/px4_sitl_test/mavlink/common/mavlink_msg_extended_sys_state.h
Excluding /root/audit/PX4-Autopilot/build/px4_sitl_test/mavlink/common/mavlink_msg_file_transfer_protocol.h
Excluding /root/audit/PX4-Autopilot/build/px4_sitl_test/mavlink/common/mavlink_msg_flight_information.h
Excluding /root/audit/PX4-Autopilot/build/px4_sitl_test/mavlink/common/mavlink_msg_follow_target.h
Excluding /root/audit/PX4-Autopilot/build/px4_sitl_test/mavlink/common/mavlink_msg_fuel_status.h
Excluding /root/audit/PX4-Autopilot/build/px4_sitl_test/mavlink/common/mavlink_msg_generator_status.h
Excluding /root/audit/PX4-Autopilot/build/px4_sitl_test/mavlink/common/mavlink_msg_gimbal_device_attitude_status.h
Excluding /root/audit/PX4-Autopilot/build/px4_sitl_test/mavlink/common/mavlink_msg_gimbal_device_information.h
Excluding /root/audit/PX4-Autopilot/build/px4_sitl_test/mavlink/common/mavlink_msg_gimbal_device_set_attitude.h
Excluding /root/audit/PX4-Autopilot/build/px4_sitl_test/mavlink/common/mavlink_msg_gimbal_manager_information.h
Excluding /root/audit/PX4-Autopilot/build/px4_sitl_test/mavlink/common/mavlink_msg_gimbal_manager_set_attitude.h
Excluding /root/audit/PX4-Autopilot/build/px4_sitl_test/mavlink/common/mavlink_msg_gimbal_manager_set_manual_control.h
Excluding /root/audit/PX4-Autopilot/build/px4_sitl_test/mavlink/common/mavlink_msg_gimbal_manager_status.h
Excluding /root/audit/PX4-Autopilot/build/px4_sitl_test/mavlink/common/mavlink_msg_gps2_raw.h
Excluding /root/audit/PX4-Autopilot/build/px4_sitl_test/mavlink/common/mavlink_msg_gps_global_origin.h
Excluding /root/audit/PX4-Autopilot/build/px4_sitl_test/mavlink/common/mavlink_msg_gps_raw_int.h
Excluding /root/audit/PX4-Autopilot/build/px4_sitl_test/mavlink/common/mavlink_msg_gps_rtcm_data.h
Excluding /root/audit/PX4-Autopilot/build/px4_sitl_test/mavlink/common/mavlink_msg_gps_status.h
Excluding /root/audit/PX4-Autopilot/build/px4_sitl_test/mavlink/common/mavlink_msg_high_latency2.h
Excluding /root/audit/PX4-Autopilot/build/px4_sitl_test/mavlink/common/mavlink_msg_highres_imu.h
Excluding /root/audit/PX4-Autopilot/build/px4_sitl_test/mavlink/common/mavlink_msg_hil_actuator_controls.h
Excluding /root/audit/PX4-Autopilot/build/px4_sitl_test/mavlink/common/mavlink_msg_hil_gps.h
Excluding /root/audit/PX4-Autopilot/build/px4_sitl_test/mavlink/common/mavlink_msg_hil_optical_flow.h
Excluding /root/audit/PX4-Autopilot/build/px4_sitl_test/mavlink/common/mavlink_msg_hil_sensor.h
Excluding /root/audit/PX4-Autopilot/build/px4_sitl_test/mavlink/common/mavlink_msg_hil_state_quaternion.h
Excluding /root/audit/PX4-Autopilot/build/px4_sitl_test/mavlink/common/mavlink_msg_home_position.h
Excluding /root/audit/PX4-Autopilot/build/px4_sitl_test/mavlink/common/mavlink_msg_hygrometer_sensor.h
Excluding /root/audit/PX4-Autopilot/build/px4_sitl_test/mavlink/common/mavlink_msg_landing_target.h
Excluding /root/audit/PX4-Autopilot/build/px4_sitl_test/mavlink/common/mavlink_msg_link_node_status.h
Excluding /root/audit/PX4-Autopilot/build/px4_sitl_test/mavlink/common/mavlink_msg_local_position_ned.h
Excluding /root/audit/PX4-Autopilot/build/px4_sitl_test/mavlink/common/mavlink_msg_log_data.h
Excluding /root/audit/PX4-Autopilot/build/px4_sitl_test/mavlink/common/mavlink_msg_log_entry.h
Excluding /root/audit/PX4-Autopilot/build/px4_sitl_test/mavlink/common/mavlink_msg_log_request_data.h
Excluding /root/audit/PX4-Autopilot/build/px4_sitl_test/mavlink/common/mavlink_msg_log_request_list.h
Excluding /root/audit/PX4-Autopilot/build/px4_sitl_test/mavlink/common/mavlink_msg_logging_ack.h
Excluding /root/audit/PX4-Autopilot/build/px4_sitl_test/mavlink/common/mavlink_msg_logging_data.h
Excluding /root/audit/PX4-Autopilot/build/px4_sitl_test/mavlink/common/mavlink_msg_logging_data_acked.h
Excluding /root/audit/PX4-Autopilot/build/px4_sitl_test/mavlink/common/mavlink_msg_mag_cal_report.h
Excluding /root/audit/PX4-Autopilot/build/px4_sitl_test/mavlink/common/mavlink_msg_manual_control.h
Excluding /root/audit/PX4-Autopilot/build/px4_sitl_test/mavlink/common/mavlink_msg_message_interval.h
Excluding /root/audit/PX4-Autopilot/build/px4_sitl_test/mavlink/common/mavlink_msg_mission_ack.h
Excluding /root/audit/PX4-Autopilot/build/px4_sitl_test/mavlink/common/mavlink_msg_mission_clear_all.h
Excluding /root/audit/PX4-Autopilot/build/px4_sitl_test/mavlink/common/mavlink_msg_mission_count.h
Excluding /root/audit/PX4-Autopilot/build/px4_sitl_test/mavlink/common/mavlink_msg_mission_current.h
Excluding /root/audit/PX4-Autopilot/build/px4_sitl_test/mavlink/common/mavlink_msg_mission_item.h
Excluding /root/audit/PX4-Autopilot/build/px4_sitl_test/mavlink/common/mavlink_msg_mission_item_int.h
Excluding /root/audit/PX4-Autopilot/build/px4_sitl_test/mavlink/common/mavlink_msg_mission_item_reached.h
Excluding /root/audit/PX4-Autopilot/build/px4_sitl_test/mavlink/common/mavlink_msg_mission_request.h
Excluding /root/audit/PX4-Autopilot/build/px4_sitl_test/mavlink/common/mavlink_msg_mission_request_int.h
Excluding /root/audit/PX4-Autopilot/build/px4_sitl_test/mavlink/common/mavlink_msg_mission_request_list.h
Excluding /root/audit/PX4-Autopilot/build/px4_sitl_test/mavlink/common/mavlink_msg_mission_set_current.h
Excluding /root/audit/PX4-Autopilot/build/px4_sitl_test/mavlink/common/mavlink_msg_mount_orientation.h
Excluding /root/audit/PX4-Autopilot/build/px4_sitl_test/mavlink/common/mavlink_msg_named_value_float.h
Excluding /root/audit/PX4-Autopilot/build/px4_sitl_test/mavlink/common/mavlink_msg_named_value_int.h
Excluding /root/audit/PX4-Autopilot/build/px4_sitl_test/mavlink/common/mavlink_msg_nav_controller_output.h
Excluding /root/audit/PX4-Autopilot/build/px4_sitl_test/mavlink/common/mavlink_msg_obstacle_distance.h
Excluding /root/audit/PX4-Autopilot/build/px4_sitl_test/mavlink/common/mavlink_msg_odometry.h
Excluding /root/audit/PX4-Autopilot/build/px4_sitl_test/mavlink/common/mavlink_msg_onboard_computer_status.h
Excluding /root/audit/PX4-Autopilot/build/px4_sitl_test/mavlink/common/mavlink_msg_open_drone_id_arm_status.h
Excluding /root/audit/PX4-Autopilot/build/px4_sitl_test/mavlink/common/mavlink_msg_open_drone_id_basic_id.h
Excluding /root/audit/PX4-Autopilot/build/px4_sitl_test/mavlink/common/mavlink_msg_open_drone_id_location.h
Excluding /root/audit/PX4-Autopilot/build/px4_sitl_test/mavlink/common/mavlink_msg_open_drone_id_operator_id.h
Excluding /root/audit/PX4-Autopilot/build/px4_sitl_test/mavlink/common/mavlink_msg_open_drone_id_self_id.h
Excluding /root/audit/PX4-Autopilot/build/px4_sitl_test/mavlink/common/mavlink_msg_open_drone_id_system.h
Excluding /root/audit/PX4-Autopilot/build/px4_sitl_test/mavlink/common/mavlink_msg_optical_flow_rad.h
Excluding /root/audit/PX4-Autopilot/build/px4_sitl_test/mavlink/common/mavlink_msg_orbit_execution_status.h
Excluding /root/audit/PX4-Autopilot/build/px4_sitl_test/mavlink/common/mavlink_msg_param_map_rc.h
Excluding /root/audit/PX4-Autopilot/build/px4_sitl_test/mavlink/common/mavlink_msg_param_request_list.h
Excluding /root/audit/PX4-Autopilot/build/px4_sitl_test/mavlink/common/mavlink_msg_param_request_read.h
Excluding /root/audit/PX4-Autopilot/build/px4_sitl_test/mavlink/common/mavlink_msg_param_set.h
Excluding /root/audit/PX4-Autopilot/build/px4_sitl_test/mavlink/common/mavlink_msg_param_value.h
Excluding /root/audit/PX4-Autopilot/build/px4_sitl_test/mavlink/common/mavlink_msg_ping.h
Excluding /root/audit/PX4-Autopilot/build/px4_sitl_test/mavlink/common/mavlink_msg_play_tune.h
Excluding /root/audit/PX4-Autopilot/build/px4_sitl_test/mavlink/common/mavlink_msg_play_tune_v2.h
Excluding /root/audit/PX4-Autopilot/build/px4_sitl_test/mavlink/common/mavlink_msg_position_target_global_int.h
Excluding /root/audit/PX4-Autopilot/build/px4_sitl_test/mavlink/common/mavlink_msg_position_target_local_ned.h
Excluding /root/audit/PX4-Autopilot/build/px4_sitl_test/mavlink/common/mavlink_msg_radio_status.h
Excluding /root/audit/PX4-Autopilot/build/px4_sitl_test/mavlink/common/mavlink_msg_raw_rpm.h
Excluding /root/audit/PX4-Autopilot/build/px4_sitl_test/mavlink/common/mavlink_msg_rc_channels.h
Excluding /root/audit/PX4-Autopilot/build/px4_sitl_test/mavlink/common/mavlink_msg_rc_channels_override.h
Excluding /root/audit/PX4-Autopilot/build/px4_sitl_test/mavlink/common/mavlink_msg_request_event.h
Excluding /root/audit/PX4-Autopilot/build/px4_sitl_test/mavlink/common/mavlink_msg_response_event_error.h
Excluding /root/audit/PX4-Autopilot/build/px4_sitl_test/mavlink/common/mavlink_msg_scaled_imu.h
Excluding /root/audit/PX4-Autopilot/build/px4_sitl_test/mavlink/common/mavlink_msg_scaled_imu2.h
Excluding /root/audit/PX4-Autopilot/build/px4_sitl_test/mavlink/common/mavlink_msg_scaled_imu3.h
Excluding /root/audit/PX4-Autopilot/build/px4_sitl_test/mavlink/common/mavlink_msg_scaled_pressure.h
Excluding /root/audit/PX4-Autopilot/build/px4_sitl_test/mavlink/common/mavlink_msg_scaled_pressure2.h
Excluding /root/audit/PX4-Autopilot/build/px4_sitl_test/mavlink/common/mavlink_msg_scaled_pressure3.h
Excluding /root/audit/PX4-Autopilot/build/px4_sitl_test/mavlink/common/mavlink_msg_serial_control.h
Excluding /root/audit/PX4-Autopilot/build/px4_sitl_test/mavlink/common/mavlink_msg_servo_output_raw.h
Excluding /root/audit/PX4-Autopilot/build/px4_sitl_test/mavlink/common/mavlink_msg_set_attitude_target.h
Excluding /root/audit/PX4-Autopilot/build/px4_sitl_test/mavlink/common/mavlink_msg_set_gps_global_origin.h
Excluding /root/audit/PX4-Autopilot/build/px4_sitl_test/mavlink/common/mavlink_msg_set_mode.h
Excluding /root/audit/PX4-Autopilot/build/px4_sitl_test/mavlink/common/mavlink_msg_set_position_target_global_int.h
Excluding /root/audit/PX4-Autopilot/build/px4_sitl_test/mavlink/common/mavlink_msg_set_position_target_local_ned.h
Excluding /root/audit/PX4-Autopilot/build/px4_sitl_test/mavlink/common/mavlink_msg_statustext.h
Excluding /root/audit/PX4-Autopilot/build/px4_sitl_test/mavlink/common/mavlink_msg_storage_information.h
Excluding /root/audit/PX4-Autopilot/build/px4_sitl_test/mavlink/common/mavlink_msg_sys_status.h
Excluding /root/audit/PX4-Autopilot/build/px4_sitl_test/mavlink/common/mavlink_msg_system_time.h
Excluding /root/audit/PX4-Autopilot/build/px4_sitl_test/mavlink/common/mavlink_msg_time_estimate_to_target.h
Excluding /root/audit/PX4-Autopilot/build/px4_sitl_test/mavlink/common/mavlink_msg_timesync.h
Excluding /root/audit/PX4-Autopilot/build/px4_sitl_test/mavlink/common/mavlink_msg_tunnel.h
Excluding /root/audit/PX4-Autopilot/build/px4_sitl_test/mavlink/common/mavlink_msg_vfr_hud.h
Excluding /root/audit/PX4-Autopilot/build/px4_sitl_test/mavlink/common/mavlink_msg_vibration.h
Excluding /root/audit/PX4-Autopilot/build/px4_sitl_test/mavlink/common/mavlink_msg_vision_position_estimate.h
Excluding /root/audit/PX4-Autopilot/build/px4_sitl_test/mavlink/common/mavlink_msg_wind_cov.h
Excluding /root/audit/PX4-Autopilot/build/px4_sitl_test/mavlink/development/mavlink_msg_figure_eight_execution_status.h
Excluding /root/audit/PX4-Autopilot/build/px4_sitl_test/mavlink/development/mavlink_msg_global_position.h
Excluding /root/audit/PX4-Autopilot/build/px4_sitl_test/mavlink/development/mavlink_msg_gnss_integrity.h
Excluding /root/audit/PX4-Autopilot/build/px4_sitl_test/mavlink/development/mavlink_msg_set_velocity_limits.h
Excluding /root/audit/PX4-Autopilot/build/px4_sitl_test/mavlink/mavlink_helpers.h
Excluding /root/audit/PX4-Autopilot/build/px4_sitl_test/mavlink/mavlink_sha256.h
Excluding /root/audit/PX4-Autopilot/build/px4_sitl_test/mavlink/minimal/mavlink_msg_heartbeat.h
Excluding /root/audit/PX4-Autopilot/build/px4_sitl_test/mavlink/minimal/mavlink_msg_protocol_version.h
Excluding /root/audit/PX4-Autopilot/build/px4_sitl_test/mavlink/protocol.h
Excluding /root/audit/PX4-Autopilot/build/px4_sitl_test/mavlink/standard/mavlink_msg_autopilot_version.h
Excluding /root/audit/PX4-Autopilot/build/px4_sitl_test/mavlink/standard/mavlink_msg_global_position_int.h
Excluding /root/audit/PX4-Autopilot/build/px4_sitl_test/mavlink/uAvionix/mavlink_msg_uavionix_adsb_out_cfg.h
Excluding /root/audit/PX4-Autopilot/build/px4_sitl_test/mavlink/uAvionix/mavlink_msg_uavionix_adsb_out_dynamic.h
Excluding /root/audit/PX4-Autopilot/build/px4_sitl_test/msg/topics_sources/action_request.cpp
Excluding /root/audit/PX4-Autopilot/build/px4_sitl_test/msg/topics_sources/actuator_armed.cpp
Excluding /root/audit/PX4-Autopilot/build/px4_sitl_test/msg/topics_sources/actuator_controls_status.cpp
Excluding /root/audit/PX4-Autopilot/build/px4_sitl_test/msg/topics_sources/actuator_motors.cpp
Excluding /root/audit/PX4-Autopilot/build/px4_sitl_test/msg/topics_sources/actuator_outputs.cpp
Excluding /root/audit/PX4-Autopilot/build/px4_sitl_test/msg/topics_sources/actuator_servos.cpp
Excluding /root/audit/PX4-Autopilot/build/px4_sitl_test/msg/topics_sources/actuator_servos_trim.cpp
Excluding /root/audit/PX4-Autopilot/build/px4_sitl_test/msg/topics_sources/actuator_test.cpp
Excluding /root/audit/PX4-Autopilot/build/px4_sitl_test/msg/topics_sources/adc_report.cpp
Excluding /root/audit/PX4-Autopilot/build/px4_sitl_test/msg/topics_sources/airspeed.cpp
Excluding /root/audit/PX4-Autopilot/build/px4_sitl_test/msg/topics_sources/airspeed_validated.cpp
Excluding /root/audit/PX4-Autopilot/build/px4_sitl_test/msg/topics_sources/airspeed_wind.cpp
Excluding /root/audit/PX4-Autopilot/build/px4_sitl_test/msg/topics_sources/arming_check_reply.cpp
Excluding /root/audit/PX4-Autopilot/build/px4_sitl_test/msg/topics_sources/arming_check_request.cpp
Excluding /root/audit/PX4-Autopilot/build/px4_sitl_test/msg/topics_sources/autotune_attitude_control_status.cpp
Excluding /root/audit/PX4-Autopilot/build/px4_sitl_test/msg/topics_sources/battery_info.cpp
Excluding /root/audit/PX4-Autopilot/build/px4_sitl_test/msg/topics_sources/battery_status.cpp
Excluding /root/audit/PX4-Autopilot/build/px4_sitl_test/msg/topics_sources/button_event.cpp
Excluding /root/audit/PX4-Autopilot/build/px4_sitl_test/msg/topics_sources/camera_capture.cpp
Excluding /root/audit/PX4-Autopilot/build/px4_sitl_test/msg/topics_sources/camera_status.cpp
Excluding /root/audit/PX4-Autopilot/build/px4_sitl_test/msg/topics_sources/camera_trigger.cpp
Excluding /root/audit/PX4-Autopilot/build/px4_sitl_test/msg/topics_sources/can_interface_status.cpp
Excluding /root/audit/PX4-Autopilot/build/px4_sitl_test/msg/topics_sources/cellular_status.cpp
Excluding /root/audit/PX4-Autopilot/build/px4_sitl_test/msg/topics_sources/collision_constraints.cpp
Excluding /root/audit/PX4-Autopilot/build/px4_sitl_test/msg/topics_sources/config_overrides.cpp
Excluding /root/audit/PX4-Autopilot/build/px4_sitl_test/msg/topics_sources/control_allocator_status.cpp
Excluding /root/audit/PX4-Autopilot/build/px4_sitl_test/msg/topics_sources/cpuload.cpp
Excluding /root/audit/PX4-Autopilot/build/px4_sitl_test/msg/topics_sources/dataman_request.cpp
Excluding /root/audit/PX4-Autopilot/build/px4_sitl_test/msg/topics_sources/dataman_response.cpp
Excluding /root/audit/PX4-Autopilot/build/px4_sitl_test/msg/topics_sources/debug_array.cpp
Excluding /root/audit/PX4-Autopilot/build/px4_sitl_test/msg/topics_sources/debug_key_value.cpp
Excluding /root/audit/PX4-Autopilot/build/px4_sitl_test/msg/topics_sources/debug_value.cpp
Excluding /root/audit/PX4-Autopilot/build/px4_sitl_test/msg/topics_sources/debug_vect.cpp
Excluding /root/audit/PX4-Autopilot/build/px4_sitl_test/msg/topics_sources/differential_pressure.cpp
Excluding /root/audit/PX4-Autopilot/build/px4_sitl_test/msg/topics_sources/distance_sensor.cpp
Excluding /root/audit/PX4-Autopilot/build/px4_sitl_test/msg/topics_sources/distance_sensor_mode_change_request.cpp
Excluding /root/audit/PX4-Autopilot/build/px4_sitl_test/msg/topics_sources/dronecan_node_status.cpp
Excluding /root/audit/PX4-Autopilot/build/px4_sitl_test/msg/topics_sources/ekf2_timestamps.cpp
Excluding /root/audit/PX4-Autopilot/build/px4_sitl_test/msg/topics_sources/esc_report.cpp
Excluding /root/audit/PX4-Autopilot/build/px4_sitl_test/msg/topics_sources/esc_status.cpp
Excluding /root/audit/PX4-Autopilot/build/px4_sitl_test/msg/topics_sources/estimator_aid_source1d.cpp
Excluding /root/audit/PX4-Autopilot/build/px4_sitl_test/msg/topics_sources/estimator_aid_source2d.cpp
Excluding /root/audit/PX4-Autopilot/build/px4_sitl_test/msg/topics_sources/estimator_aid_source3d.cpp
Excluding /root/audit/PX4-Autopilot/build/px4_sitl_test/msg/topics_sources/estimator_bias.cpp
Excluding /root/audit/PX4-Autopilot/build/px4_sitl_test/msg/topics_sources/estimator_bias3d.cpp
Excluding /root/audit/PX4-Autopilot/build/px4_sitl_test/msg/topics_sources/estimator_event_flags.cpp
Excluding /root/audit/PX4-Autopilot/build/px4_sitl_test/msg/topics_sources/estimator_gps_status.cpp
Excluding /root/audit/PX4-Autopilot/build/px4_sitl_test/msg/topics_sources/estimator_innovations.cpp
Excluding /root/audit/PX4-Autopilot/build/px4_sitl_test/msg/topics_sources/estimator_selector_status.cpp
Excluding /root/audit/PX4-Autopilot/build/px4_sitl_test/msg/topics_sources/estimator_sensor_bias.cpp
Excluding /root/audit/PX4-Autopilot/build/px4_sitl_test/msg/topics_sources/estimator_states.cpp
Excluding /root/audit/PX4-Autopilot/build/px4_sitl_test/msg/topics_sources/estimator_status.cpp
Excluding /root/audit/PX4-Autopilot/build/px4_sitl_test/msg/topics_sources/estimator_status_flags.cpp
Excluding /root/audit/PX4-Autopilot/build/px4_sitl_test/msg/topics_sources/event.cpp
Excluding /root/audit/PX4-Autopilot/build/px4_sitl_test/msg/topics_sources/failsafe_flags.cpp
Excluding /root/audit/PX4-Autopilot/build/px4_sitl_test/msg/topics_sources/failure_detector_status.cpp
Excluding /root/audit/PX4-Autopilot/build/px4_sitl_test/msg/topics_sources/figure_eight_status.cpp
Excluding /root/audit/PX4-Autopilot/build/px4_sitl_test/msg/topics_sources/fixed_wing_lateral_guidance_status.cpp
Excluding /root/audit/PX4-Autopilot/build/px4_sitl_test/msg/topics_sources/fixed_wing_lateral_setpoint.cpp
Excluding /root/audit/PX4-Autopilot/build/px4_sitl_test/msg/topics_sources/fixed_wing_lateral_status.cpp
Excluding /root/audit/PX4-Autopilot/build/px4_sitl_test/msg/topics_sources/fixed_wing_longitudinal_setpoint.cpp
Excluding /root/audit/PX4-Autopilot/build/px4_sitl_test/msg/topics_sources/fixed_wing_runway_control.cpp
Excluding /root/audit/PX4-Autopilot/build/px4_sitl_test/msg/topics_sources/flight_phase_estimation.cpp
Excluding /root/audit/PX4-Autopilot/build/px4_sitl_test/msg/topics_sources/follow_target.cpp
Excluding /root/audit/PX4-Autopilot/build/px4_sitl_test/msg/topics_sources/follow_target_estimator.cpp
Excluding /root/audit/PX4-Autopilot/build/px4_sitl_test/msg/topics_sources/follow_target_status.cpp
Excluding /root/audit/PX4-Autopilot/build/px4_sitl_test/msg/topics_sources/fuel_tank_status.cpp
Excluding /root/audit/PX4-Autopilot/build/px4_sitl_test/msg/topics_sources/generator_status.cpp
Excluding /root/audit/PX4-Autopilot/build/px4_sitl_test/msg/topics_sources/geofence_result.cpp
Excluding /root/audit/PX4-Autopilot/build/px4_sitl_test/msg/topics_sources/geofence_status.cpp
Excluding /root/audit/PX4-Autopilot/build/px4_sitl_test/msg/topics_sources/gimbal_controls.cpp
Excluding /root/audit/PX4-Autopilot/build/px4_sitl_test/msg/topics_sources/gimbal_device_attitude_status.cpp
Excluding /root/audit/PX4-Autopilot/build/px4_sitl_test/msg/topics_sources/gimbal_device_information.cpp
Excluding /root/audit/PX4-Autopilot/build/px4_sitl_test/msg/topics_sources/gimbal_device_set_attitude.cpp
Excluding /root/audit/PX4-Autopilot/build/px4_sitl_test/msg/topics_sources/gimbal_manager_information.cpp
Excluding /root/audit/PX4-Autopilot/build/px4_sitl_test/msg/topics_sources/gimbal_manager_set_attitude.cpp
Excluding /root/audit/PX4-Autopilot/build/px4_sitl_test/msg/topics_sources/gimbal_manager_set_manual_control.cpp
Excluding /root/audit/PX4-Autopilot/build/px4_sitl_test/msg/topics_sources/gimbal_manager_status.cpp
Excluding /root/audit/PX4-Autopilot/build/px4_sitl_test/msg/topics_sources/goto_setpoint.cpp
Excluding /root/audit/PX4-Autopilot/build/px4_sitl_test/msg/topics_sources/gpio_config.cpp
Excluding /root/audit/PX4-Autopilot/build/px4_sitl_test/msg/topics_sources/gpio_in.cpp
Excluding /root/audit/PX4-Autopilot/build/px4_sitl_test/msg/topics_sources/gpio_out.cpp
Excluding /root/audit/PX4-Autopilot/build/px4_sitl_test/msg/topics_sources/gpio_request.cpp
Excluding /root/audit/PX4-Autopilot/build/px4_sitl_test/msg/topics_sources/gps_dump.cpp
Excluding /root/audit/PX4-Autopilot/build/px4_sitl_test/msg/topics_sources/gps_inject_data.cpp
Excluding /root/audit/PX4-Autopilot/build/px4_sitl_test/msg/topics_sources/gripper.cpp
Excluding /root/audit/PX4-Autopilot/build/px4_sitl_test/msg/topics_sources/health_report.cpp
Excluding /root/audit/PX4-Autopilot/build/px4_sitl_test/msg/topics_sources/heater_status.cpp
Excluding /root/audit/PX4-Autopilot/build/px4_sitl_test/msg/topics_sources/home_position.cpp
Excluding /root/audit/PX4-Autopilot/build/px4_sitl_test/msg/topics_sources/hover_thrust_estimate.cpp
Excluding /root/audit/PX4-Autopilot/build/px4_sitl_test/msg/topics_sources/input_rc.cpp
Excluding /root/audit/PX4-Autopilot/build/px4_sitl_test/msg/topics_sources/internal_combustion_engine_control.cpp
Excluding /root/audit/PX4-Autopilot/build/px4_sitl_test/msg/topics_sources/internal_combustion_engine_status.cpp
Excluding /root/audit/PX4-Autopilot/build/px4_sitl_test/msg/topics_sources/iridiumsbd_status.cpp
Excluding /root/audit/PX4-Autopilot/build/px4_sitl_test/msg/topics_sources/irlock_report.cpp
Excluding /root/audit/PX4-Autopilot/build/px4_sitl_test/msg/topics_sources/landing_gear.cpp
Excluding /root/audit/PX4-Autopilot/build/px4_sitl_test/msg/topics_sources/landing_gear_wheel.cpp
Excluding /root/audit/PX4-Autopilot/build/px4_sitl_test/msg/topics_sources/landing_target_innovations.cpp
Excluding /root/audit/PX4-Autopilot/build/px4_sitl_test/msg/topics_sources/landing_target_pose.cpp
Excluding /root/audit/PX4-Autopilot/build/px4_sitl_test/msg/topics_sources/lateral_control_configuration.cpp
Excluding /root/audit/PX4-Autopilot/build/px4_sitl_test/msg/topics_sources/launch_detection_status.cpp
Excluding /root/audit/PX4-Autopilot/build/px4_sitl_test/msg/topics_sources/led_control.cpp
Excluding /root/audit/PX4-Autopilot/build/px4_sitl_test/msg/topics_sources/log_message.cpp
Excluding /root/audit/PX4-Autopilot/build/px4_sitl_test/msg/topics_sources/logger_status.cpp
Excluding /root/audit/PX4-Autopilot/build/px4_sitl_test/msg/topics_sources/longitudinal_control_configuration.cpp
Excluding /root/audit/PX4-Autopilot/build/px4_sitl_test/msg/topics_sources/mag_worker_data.cpp
Excluding /root/audit/PX4-Autopilot/build/px4_sitl_test/msg/topics_sources/magnetometer_bias_estimate.cpp
Excluding /root/audit/PX4-Autopilot/build/px4_sitl_test/msg/topics_sources/manual_control_setpoint.cpp
Excluding /root/audit/PX4-Autopilot/build/px4_sitl_test/msg/topics_sources/manual_control_switches.cpp
Excluding /root/audit/PX4-Autopilot/build/px4_sitl_test/msg/topics_sources/mavlink_log.cpp
Excluding /root/audit/PX4-Autopilot/build/px4_sitl_test/msg/topics_sources/mavlink_tunnel.cpp
Excluding /root/audit/PX4-Autopilot/build/px4_sitl_test/msg/topics_sources/message_format_request.cpp
Excluding /root/audit/PX4-Autopilot/build/px4_sitl_test/msg/topics_sources/message_format_response.cpp
Excluding /root/audit/PX4-Autopilot/build/px4_sitl_test/msg/topics_sources/mission.cpp
Excluding /root/audit/PX4-Autopilot/build/px4_sitl_test/msg/topics_sources/mission_result.cpp
Excluding /root/audit/PX4-Autopilot/build/px4_sitl_test/msg/topics_sources/mode_completed.cpp
Excluding /root/audit/PX4-Autopilot/build/px4_sitl_test/msg/topics_sources/mount_orientation.cpp
Excluding /root/audit/PX4-Autopilot/build/px4_sitl_test/msg/topics_sources/navigator_mission_item.cpp
Excluding /root/audit/PX4-Autopilot/build/px4_sitl_test/msg/topics_sources/navigator_status.cpp
Excluding /root/audit/PX4-Autopilot/build/px4_sitl_test/msg/topics_sources/neural_control.cpp
Excluding /root/audit/PX4-Autopilot/build/px4_sitl_test/msg/topics_sources/normalized_unsigned_setpoint.cpp
Excluding /root/audit/PX4-Autopilot/build/px4_sitl_test/msg/topics_sources/obstacle_distance.cpp
Excluding /root/audit/PX4-Autopilot/build/px4_sitl_test/msg/topics_sources/offboard_control_mode.cpp
Excluding /root/audit/PX4-Autopilot/build/px4_sitl_test/msg/topics_sources/onboard_computer_status.cpp
Excluding /root/audit/PX4-Autopilot/build/px4_sitl_test/msg/topics_sources/open_drone_id_arm_status.cpp
Excluding /root/audit/PX4-Autopilot/build/px4_sitl_test/msg/topics_sources/open_drone_id_operator_id.cpp
Excluding /root/audit/PX4-Autopilot/build/px4_sitl_test/msg/topics_sources/open_drone_id_self_id.cpp
Excluding /root/audit/PX4-Autopilot/build/px4_sitl_test/msg/topics_sources/open_drone_id_system.cpp
Excluding /root/audit/PX4-Autopilot/build/px4_sitl_test/msg/topics_sources/orb_test.cpp
Excluding /root/audit/PX4-Autopilot/build/px4_sitl_test/msg/topics_sources/orb_test_large.cpp
Excluding /root/audit/PX4-Autopilot/build/px4_sitl_test/msg/topics_sources/orb_test_medium.cpp
Excluding /root/audit/PX4-Autopilot/build/px4_sitl_test/msg/topics_sources/orbit_status.cpp
Excluding /root/audit/PX4-Autopilot/build/px4_sitl_test/msg/topics_sources/parameter_reset_request.cpp
Excluding /root/audit/PX4-Autopilot/build/px4_sitl_test/msg/topics_sources/parameter_set_used_request.cpp
Excluding /root/audit/PX4-Autopilot/build/px4_sitl_test/msg/topics_sources/parameter_set_value_request.cpp
Excluding /root/audit/PX4-Autopilot/build/px4_sitl_test/msg/topics_sources/parameter_set_value_response.cpp
Excluding /root/audit/PX4-Autopilot/build/px4_sitl_test/msg/topics_sources/parameter_update.cpp
Excluding /root/audit/PX4-Autopilot/build/px4_sitl_test/msg/topics_sources/ping.cpp
Excluding /root/audit/PX4-Autopilot/build/px4_sitl_test/msg/topics_sources/position_controller_landing_status.cpp
Excluding /root/audit/PX4-Autopilot/build/px4_sitl_test/msg/topics_sources/position_controller_status.cpp
Excluding /root/audit/PX4-Autopilot/build/px4_sitl_test/msg/topics_sources/position_setpoint.cpp
Excluding /root/audit/PX4-Autopilot/build/px4_sitl_test/msg/topics_sources/position_setpoint_triplet.cpp
Excluding /root/audit/PX4-Autopilot/build/px4_sitl_test/msg/topics_sources/power_button_state.cpp
Excluding /root/audit/PX4-Autopilot/build/px4_sitl_test/msg/topics_sources/power_monitor.cpp
Excluding /root/audit/PX4-Autopilot/build/px4_sitl_test/msg/topics_sources/pps_capture.cpp
Excluding /root/audit/PX4-Autopilot/build/px4_sitl_test/msg/topics_sources/pure_pursuit_status.cpp
Excluding /root/audit/PX4-Autopilot/build/px4_sitl_test/msg/topics_sources/pwm_input.cpp
Excluding /root/audit/PX4-Autopilot/build/px4_sitl_test/msg/topics_sources/px4io_status.cpp
Excluding /root/audit/PX4-Autopilot/build/px4_sitl_test/msg/topics_sources/qshell_req.cpp
Excluding /root/audit/PX4-Autopilot/build/px4_sitl_test/msg/topics_sources/qshell_retval.cpp
Excluding /root/audit/PX4-Autopilot/build/px4_sitl_test/msg/topics_sources/radio_status.cpp
Excluding /root/audit/PX4-Autopilot/build/px4_sitl_test/msg/topics_sources/rate_ctrl_status.cpp
Excluding /root/audit/PX4-Autopilot/build/px4_sitl_test/msg/topics_sources/rc_channels.cpp
Excluding /root/audit/PX4-Autopilot/build/px4_sitl_test/msg/topics_sources/rc_parameter_map.cpp
Excluding /root/audit/PX4-Autopilot/build/px4_sitl_test/msg/topics_sources/register_ext_component_reply.cpp
Excluding /root/audit/PX4-Autopilot/build/px4_sitl_test/msg/topics_sources/register_ext_component_request.cpp
Excluding /root/audit/PX4-Autopilot/build/px4_sitl_test/msg/topics_sources/rover_attitude_setpoint.cpp
Excluding /root/audit/PX4-Autopilot/build/px4_sitl_test/msg/topics_sources/rover_attitude_status.cpp
Excluding /root/audit/PX4-Autopilot/build/px4_sitl_test/msg/topics_sources/rover_position_setpoint.cpp
Excluding /root/audit/PX4-Autopilot/build/px4_sitl_test/msg/topics_sources/rover_rate_setpoint.cpp
Excluding /root/audit/PX4-Autopilot/build/px4_sitl_test/msg/topics_sources/rover_rate_status.cpp
Excluding /root/audit/PX4-Autopilot/build/px4_sitl_test/msg/topics_sources/rover_speed_setpoint.cpp
Excluding /root/audit/PX4-Autopilot/build/px4_sitl_test/msg/topics_sources/rover_speed_status.cpp
Excluding /root/audit/PX4-Autopilot/build/px4_sitl_test/msg/topics_sources/rover_steering_setpoint.cpp
Excluding /root/audit/PX4-Autopilot/build/px4_sitl_test/msg/topics_sources/rover_throttle_setpoint.cpp
Excluding /root/audit/PX4-Autopilot/build/px4_sitl_test/msg/topics_sources/rpm.cpp
Excluding /root/audit/PX4-Autopilot/build/px4_sitl_test/msg/topics_sources/rtl_status.cpp
Excluding /root/audit/PX4-Autopilot/build/px4_sitl_test/msg/topics_sources/rtl_time_estimate.cpp
Excluding /root/audit/PX4-Autopilot/build/px4_sitl_test/msg/topics_sources/satellite_info.cpp
Excluding /root/audit/PX4-Autopilot/build/px4_sitl_test/msg/topics_sources/sensor_accel.cpp
Excluding /root/audit/PX4-Autopilot/build/px4_sitl_test/msg/topics_sources/sensor_accel_fifo.cpp
Excluding /root/audit/PX4-Autopilot/build/px4_sitl_test/msg/topics_sources/sensor_airflow.cpp
Excluding /root/audit/PX4-Autopilot/build/px4_sitl_test/msg/topics_sources/sensor_baro.cpp
Excluding /root/audit/PX4-Autopilot/build/px4_sitl_test/msg/topics_sources/sensor_combined.cpp
Excluding /root/audit/PX4-Autopilot/build/px4_sitl_test/msg/topics_sources/sensor_correction.cpp
Excluding /root/audit/PX4-Autopilot/build/px4_sitl_test/msg/topics_sources/sensor_gnss_relative.cpp
Excluding /root/audit/PX4-Autopilot/build/px4_sitl_test/msg/topics_sources/sensor_gnss_status.cpp
Excluding /root/audit/PX4-Autopilot/build/px4_sitl_test/msg/topics_sources/sensor_gps.cpp
Excluding /root/audit/PX4-Autopilot/build/px4_sitl_test/msg/topics_sources/sensor_gyro.cpp
Excluding /root/audit/PX4-Autopilot/build/px4_sitl_test/msg/topics_sources/sensor_gyro_fft.cpp
Excluding /root/audit/PX4-Autopilot/build/px4_sitl_test/msg/topics_sources/sensor_gyro_fifo.cpp
Excluding /root/audit/PX4-Autopilot/build/px4_sitl_test/msg/topics_sources/sensor_hygrometer.cpp
Excluding /root/audit/PX4-Autopilot/build/px4_sitl_test/msg/topics_sources/sensor_mag.cpp
Excluding /root/audit/PX4-Autopilot/build/px4_sitl_test/msg/topics_sources/sensor_optical_flow.cpp
Excluding /root/audit/PX4-Autopilot/build/px4_sitl_test/msg/topics_sources/sensor_preflight_mag.cpp
Excluding /root/audit/PX4-Autopilot/build/px4_sitl_test/msg/topics_sources/sensor_selection.cpp
Excluding /root/audit/PX4-Autopilot/build/px4_sitl_test/msg/topics_sources/sensor_uwb.cpp
Excluding /root/audit/PX4-Autopilot/build/px4_sitl_test/msg/topics_sources/sensors_status.cpp
Excluding /root/audit/PX4-Autopilot/build/px4_sitl_test/msg/topics_sources/sensors_status_imu.cpp
Excluding /root/audit/PX4-Autopilot/build/px4_sitl_test/msg/topics_sources/system_power.cpp
Excluding /root/audit/PX4-Autopilot/build/px4_sitl_test/msg/topics_sources/takeoff_status.cpp
Excluding /root/audit/PX4-Autopilot/build/px4_sitl_test/msg/topics_sources/task_stack_info.cpp
Excluding /root/audit/PX4-Autopilot/build/px4_sitl_test/msg/topics_sources/tecs_status.cpp
Excluding /root/audit/PX4-Autopilot/build/px4_sitl_test/msg/topics_sources/telemetry_status.cpp
Excluding /root/audit/PX4-Autopilot/build/px4_sitl_test/msg/topics_sources/tiltrotor_extra_controls.cpp
Excluding /root/audit/PX4-Autopilot/build/px4_sitl_test/msg/topics_sources/timesync_status.cpp
Excluding /root/audit/PX4-Autopilot/build/px4_sitl_test/msg/topics_sources/trajectory_setpoint.cpp
Excluding /root/audit/PX4-Autopilot/build/px4_sitl_test/msg/topics_sources/trajectory_setpoint6dof.cpp
Excluding /root/audit/PX4-Autopilot/build/px4_sitl_test/msg/topics_sources/transponder_report.cpp
Excluding /root/audit/PX4-Autopilot/build/px4_sitl_test/msg/topics_sources/tune_control.cpp
Excluding /root/audit/PX4-Autopilot/build/px4_sitl_test/msg/topics_sources/uORBMessageFieldsGenerated.cpp
Excluding /root/audit/PX4-Autopilot/build/px4_sitl_test/msg/topics_sources/uORBTopics.cpp
Excluding /root/audit/PX4-Autopilot/build/px4_sitl_test/msg/topics_sources/uavcan_parameter_request.cpp
Excluding /root/audit/PX4-Autopilot/build/px4_sitl_test/msg/topics_sources/uavcan_parameter_value.cpp
Excluding /root/audit/PX4-Autopilot/build/px4_sitl_test/msg/topics_sources/ulog_stream.cpp
Excluding /root/audit/PX4-Autopilot/build/px4_sitl_test/msg/topics_sources/ulog_stream_ack.cpp
Excluding /root/audit/PX4-Autopilot/build/px4_sitl_test/msg/topics_sources/unregister_ext_component.cpp
Excluding /root/audit/PX4-Autopilot/build/px4_sitl_test/msg/topics_sources/vehicle_acceleration.cpp
Excluding /root/audit/PX4-Autopilot/build/px4_sitl_test/msg/topics_sources/vehicle_air_data.cpp
Excluding /root/audit/PX4-Autopilot/build/px4_sitl_test/msg/topics_sources/vehicle_angular_acceleration_setpoint.cpp
Excluding /root/audit/PX4-Autopilot/build/px4_sitl_test/msg/topics_sources/vehicle_angular_velocity.cpp
Excluding /root/audit/PX4-Autopilot/build/px4_sitl_test/msg/topics_sources/vehicle_attitude.cpp
Excluding /root/audit/PX4-Autopilot/build/px4_sitl_test/msg/topics_sources/vehicle_attitude_setpoint.cpp
Excluding /root/audit/PX4-Autopilot/build/px4_sitl_test/msg/topics_sources/vehicle_command.cpp
Excluding /root/audit/PX4-Autopilot/build/px4_sitl_test/msg/topics_sources/vehicle_command_ack.cpp
Excluding /root/audit/PX4-Autopilot/build/px4_sitl_test/msg/topics_sources/vehicle_constraints.cpp
Excluding /root/audit/PX4-Autopilot/build/px4_sitl_test/msg/topics_sources/vehicle_control_mode.cpp
Excluding /root/audit/PX4-Autopilot/build/px4_sitl_test/msg/topics_sources/vehicle_global_position.cpp
Excluding /root/audit/PX4-Autopilot/build/px4_sitl_test/msg/topics_sources/vehicle_imu.cpp
Excluding /root/audit/PX4-Autopilot/build/px4_sitl_test/msg/topics_sources/vehicle_imu_status.cpp
Excluding /root/audit/PX4-Autopilot/build/px4_sitl_test/msg/topics_sources/vehicle_land_detected.cpp
Excluding /root/audit/PX4-Autopilot/build/px4_sitl_test/msg/topics_sources/vehicle_local_position.cpp
Excluding /root/audit/PX4-Autopilot/build/px4_sitl_test/msg/topics_sources/vehicle_local_position_setpoint.cpp
Excluding /root/audit/PX4-Autopilot/build/px4_sitl_test/msg/topics_sources/vehicle_magnetometer.cpp
Excluding /root/audit/PX4-Autopilot/build/px4_sitl_test/msg/topics_sources/vehicle_odometry.cpp
Excluding /root/audit/PX4-Autopilot/build/px4_sitl_test/msg/topics_sources/vehicle_optical_flow.cpp
Excluding /root/audit/PX4-Autopilot/build/px4_sitl_test/msg/topics_sources/vehicle_optical_flow_vel.cpp
Excluding /root/audit/PX4-Autopilot/build/px4_sitl_test/msg/topics_sources/vehicle_rates_setpoint.cpp
Excluding /root/audit/PX4-Autopilot/build/px4_sitl_test/msg/topics_sources/vehicle_roi.cpp
Excluding /root/audit/PX4-Autopilot/build/px4_sitl_test/msg/topics_sources/vehicle_status.cpp
Excluding /root/audit/PX4-Autopilot/build/px4_sitl_test/msg/topics_sources/vehicle_thrust_setpoint.cpp
Excluding /root/audit/PX4-Autopilot/build/px4_sitl_test/msg/topics_sources/vehicle_torque_setpoint.cpp
Excluding /root/audit/PX4-Autopilot/build/px4_sitl_test/msg/topics_sources/velocity_limits.cpp
Excluding /root/audit/PX4-Autopilot/build/px4_sitl_test/msg/topics_sources/vtol_vehicle_status.cpp
Excluding /root/audit/PX4-Autopilot/build/px4_sitl_test/msg/topics_sources/wheel_encoders.cpp
Excluding /root/audit/PX4-Autopilot/build/px4_sitl_test/msg/topics_sources/wind.cpp
Excluding /root/audit/PX4-Autopilot/build/px4_sitl_test/msg/topics_sources/yaw_estimator_status.cpp
Excluding /root/audit/PX4-Autopilot/build/px4_sitl_test/platforms/posix/apps.cpp
Excluding /root/audit/PX4-Autopilot/build/px4_sitl_test/src/modules/flight_mode_manager/FlightTasks_generated.cpp
Excluding /root/audit/PX4-Autopilot/build/px4_sitl_test/src/modules/flight_mode_manager/FlightTasks_generated.hpp
Excluding /root/audit/PX4-Autopilot/build/px4_sitl_test/src/modules/uxrce_dds_client/dds_topics.h
Excluding /root/audit/PX4-Autopilot/build/px4_sitl_test/src/modules/uxrce_dds_client/include/uxr/client/core/session/create_entities_bin.h
Excluding /root/audit/PX4-Autopilot/build/px4_sitl_test/src/modules/uxrce_dds_client/include/uxr/client/core/session/object_id.h
Excluding /root/audit/PX4-Autopilot/build/px4_sitl_test/src/modules/uxrce_dds_client/include/uxr/client/core/session/stream/stream_id.h
Excluding /root/audit/PX4-Autopilot/build/px4_sitl_test/uORB/topics/actuator_armed.h
Excluding /root/audit/PX4-Autopilot/build/px4_sitl_test/uORB/topics/airspeed_wind.h
Excluding /root/audit/PX4-Autopilot/build/px4_sitl_test/uORB/topics/arming_check_reply.h
Excluding /root/audit/PX4-Autopilot/build/px4_sitl_test/uORB/topics/battery_status.h
Excluding /root/audit/PX4-Autopilot/build/px4_sitl_test/uORB/topics/config_overrides.h
Excluding /root/audit/PX4-Autopilot/build/px4_sitl_test/uORB/topics/distance_sensor.h
Excluding /root/audit/PX4-Autopilot/build/px4_sitl_test/uORB/topics/esc_status.h
Excluding /root/audit/PX4-Autopilot/build/px4_sitl_test/uORB/topics/estimator_aid_source1d.h
Excluding /root/audit/PX4-Autopilot/build/px4_sitl_test/uORB/topics/estimator_aid_source2d.h
Excluding /root/audit/PX4-Autopilot/build/px4_sitl_test/uORB/topics/estimator_aid_source3d.h
Excluding /root/audit/PX4-Autopilot/build/px4_sitl_test/uORB/topics/estimator_bias.h
Excluding /root/audit/PX4-Autopilot/build/px4_sitl_test/uORB/topics/estimator_event_flags.h
Excluding /root/audit/PX4-Autopilot/build/px4_sitl_test/uORB/topics/failsafe_flags.h
Excluding /root/audit/PX4-Autopilot/build/px4_sitl_test/uORB/topics/fixed_wing_lateral_setpoint.h
Excluding /root/audit/PX4-Autopilot/build/px4_sitl_test/uORB/topics/fixed_wing_longitudinal_setpoint.h
Excluding /root/audit/PX4-Autopilot/build/px4_sitl_test/uORB/topics/flight_phase_estimation.h
Excluding /root/audit/PX4-Autopilot/build/px4_sitl_test/uORB/topics/follow_target.h
Excluding /root/audit/PX4-Autopilot/build/px4_sitl_test/uORB/topics/geofence_result.h
Excluding /root/audit/PX4-Autopilot/build/px4_sitl_test/uORB/topics/home_position.h
Excluding /root/audit/PX4-Autopilot/build/px4_sitl_test/uORB/topics/landing_gear.h
Excluding /root/audit/PX4-Autopilot/build/px4_sitl_test/uORB/topics/lateral_control_configuration.h
Excluding /root/audit/PX4-Autopilot/build/px4_sitl_test/uORB/topics/longitudinal_control_configuration.h
Excluding /root/audit/PX4-Autopilot/build/px4_sitl_test/uORB/topics/manual_control_setpoint.h
Excluding /root/audit/PX4-Autopilot/build/px4_sitl_test/uORB/topics/manual_control_switches.h
Excluding /root/audit/PX4-Autopilot/build/px4_sitl_test/uORB/topics/mission.h
Excluding /root/audit/PX4-Autopilot/build/px4_sitl_test/uORB/topics/navigator_status.h
Excluding /root/audit/PX4-Autopilot/build/px4_sitl_test/uORB/topics/obstacle_distance.h
Excluding /root/audit/PX4-Autopilot/build/px4_sitl_test/uORB/topics/position_setpoint.h
Excluding /root/audit/PX4-Autopilot/build/px4_sitl_test/uORB/topics/position_setpoint_triplet.h
Excluding /root/audit/PX4-Autopilot/build/px4_sitl_test/uORB/topics/radio_status.h
Excluding /root/audit/PX4-Autopilot/build/px4_sitl_test/uORB/topics/rtl_time_estimate.h
Excluding /root/audit/PX4-Autopilot/build/px4_sitl_test/uORB/topics/sensor_gps.h
Excluding /root/audit/PX4-Autopilot/build/px4_sitl_test/uORB/topics/trajectory_setpoint.h
Excluding /root/audit/PX4-Autopilot/build/px4_sitl_test/uORB/topics/uORBTopics.hpp
Excluding /root/audit/PX4-Autopilot/build/px4_sitl_test/uORB/topics/vehicle_attitude.h
Excluding /root/audit/PX4-Autopilot/build/px4_sitl_test/uORB/topics/vehicle_attitude_setpoint.h
Excluding /root/audit/PX4-Autopilot/build/px4_sitl_test/uORB/topics/vehicle_constraints.h
Excluding /root/audit/PX4-Autopilot/build/px4_sitl_test/uORB/topics/vehicle_control_mode.h
Excluding /root/audit/PX4-Autopilot/build/px4_sitl_test/uORB/topics/vehicle_global_position.h
Excluding /root/audit/PX4-Autopilot/build/px4_sitl_test/uORB/topics/vehicle_land_detected.h
Excluding /root/audit/PX4-Autopilot/build/px4_sitl_test/uORB/topics/vehicle_local_position.h
Excluding /root/audit/PX4-Autopilot/build/px4_sitl_test/uORB/topics/vehicle_odometry.h
Excluding /root/audit/PX4-Autopilot/build/px4_sitl_test/uORB/topics/vehicle_roi.h
Excluding /root/audit/PX4-Autopilot/build/px4_sitl_test/uORB/topics/vehicle_status.h
Excluding /root/audit/PX4-Autopilot/build/px4_sitl_test/uORB/topics/vtol_vehicle_status.h
Excluding /root/audit/PX4-Autopilot/build/px4_sitl_test/uORB/topics/wind.h
Excluding /root/audit/PX4-Autopilot/build/px4_sitl_test/uORB/ucdr/actuator_motors.h
Excluding /root/audit/PX4-Autopilot/build/px4_sitl_test/uORB/ucdr/actuator_servos.h
Excluding /root/audit/PX4-Autopilot/build/px4_sitl_test/uORB/ucdr/airspeed_validated.h
Excluding /root/audit/PX4-Autopilot/build/px4_sitl_test/uORB/ucdr/arming_check_reply.h
Excluding /root/audit/PX4-Autopilot/build/px4_sitl_test/uORB/ucdr/arming_check_request.h
Excluding /root/audit/PX4-Autopilot/build/px4_sitl_test/uORB/ucdr/battery_status.h
Excluding /root/audit/PX4-Autopilot/build/px4_sitl_test/uORB/ucdr/collision_constraints.h
Excluding /root/audit/PX4-Autopilot/build/px4_sitl_test/uORB/ucdr/config_overrides.h
Excluding /root/audit/PX4-Autopilot/build/px4_sitl_test/uORB/ucdr/distance_sensor.h
Excluding /root/audit/PX4-Autopilot/build/px4_sitl_test/uORB/ucdr/estimator_status_flags.h
Excluding /root/audit/PX4-Autopilot/build/px4_sitl_test/uORB/ucdr/failsafe_flags.h
Excluding /root/audit/PX4-Autopilot/build/px4_sitl_test/uORB/ucdr/fixed_wing_lateral_setpoint.h
Excluding /root/audit/PX4-Autopilot/build/px4_sitl_test/uORB/ucdr/fixed_wing_longitudinal_setpoint.h
Excluding /root/audit/PX4-Autopilot/build/px4_sitl_test/uORB/ucdr/gimbal_device_attitude_status.h
Excluding /root/audit/PX4-Autopilot/build/px4_sitl_test/uORB/ucdr/goto_setpoint.h
Excluding /root/audit/PX4-Autopilot/build/px4_sitl_test/uORB/ucdr/home_position.h
Excluding /root/audit/PX4-Autopilot/build/px4_sitl_test/uORB/ucdr/landing_gear.h
Excluding /root/audit/PX4-Autopilot/build/px4_sitl_test/uORB/ucdr/lateral_control_configuration.h
Excluding /root/audit/PX4-Autopilot/build/px4_sitl_test/uORB/ucdr/longitudinal_control_configuration.h
Excluding /root/audit/PX4-Autopilot/build/px4_sitl_test/uORB/ucdr/manual_control_setpoint.h
Excluding /root/audit/PX4-Autopilot/build/px4_sitl_test/uORB/ucdr/message_format_request.h
Excluding /root/audit/PX4-Autopilot/build/px4_sitl_test/uORB/ucdr/message_format_response.h
Excluding /root/audit/PX4-Autopilot/build/px4_sitl_test/uORB/ucdr/mode_completed.h
Excluding /root/audit/PX4-Autopilot/build/px4_sitl_test/uORB/ucdr/obstacle_distance.h
Excluding /root/audit/PX4-Autopilot/build/px4_sitl_test/uORB/ucdr/offboard_control_mode.h
Excluding /root/audit/PX4-Autopilot/build/px4_sitl_test/uORB/ucdr/onboard_computer_status.h
Excluding /root/audit/PX4-Autopilot/build/px4_sitl_test/uORB/ucdr/position_setpoint_triplet.h
Excluding /root/audit/PX4-Autopilot/build/px4_sitl_test/uORB/ucdr/register_ext_component_reply.h
Excluding /root/audit/PX4-Autopilot/build/px4_sitl_test/uORB/ucdr/register_ext_component_request.h
Excluding /root/audit/PX4-Autopilot/build/px4_sitl_test/uORB/ucdr/rover_attitude_setpoint.h
Excluding /root/audit/PX4-Autopilot/build/px4_sitl_test/uORB/ucdr/rover_position_setpoint.h
Excluding /root/audit/PX4-Autopilot/build/px4_sitl_test/uORB/ucdr/rover_rate_setpoint.h
Excluding /root/audit/PX4-Autopilot/build/px4_sitl_test/uORB/ucdr/rover_speed_setpoint.h
Excluding /root/audit/PX4-Autopilot/build/px4_sitl_test/uORB/ucdr/rover_steering_setpoint.h
Excluding /root/audit/PX4-Autopilot/build/px4_sitl_test/uORB/ucdr/rover_throttle_setpoint.h
Excluding /root/audit/PX4-Autopilot/build/px4_sitl_test/uORB/ucdr/sensor_combined.h
Excluding /root/audit/PX4-Autopilot/build/px4_sitl_test/uORB/ucdr/sensor_gps.h
Excluding /root/audit/PX4-Autopilot/build/px4_sitl_test/uORB/ucdr/sensor_optical_flow.h
Excluding /root/audit/PX4-Autopilot/build/px4_sitl_test/uORB/ucdr/telemetry_status.h
Excluding /root/audit/PX4-Autopilot/build/px4_sitl_test/uORB/ucdr/timesync_status.h
Excluding /root/audit/PX4-Autopilot/build/px4_sitl_test/uORB/ucdr/trajectory_setpoint.h
Excluding /root/audit/PX4-Autopilot/build/px4_sitl_test/uORB/ucdr/transponder_report.h
Excluding /root/audit/PX4-Autopilot/build/px4_sitl_test/uORB/ucdr/unregister_ext_component.h
Excluding /root/audit/PX4-Autopilot/build/px4_sitl_test/uORB/ucdr/vehicle_attitude.h
Excluding /root/audit/PX4-Autopilot/build/px4_sitl_test/uORB/ucdr/vehicle_attitude_setpoint.h
Excluding /root/audit/PX4-Autopilot/build/px4_sitl_test/uORB/ucdr/vehicle_command.h
Excluding /root/audit/PX4-Autopilot/build/px4_sitl_test/uORB/ucdr/vehicle_command_ack.h
Excluding /root/audit/PX4-Autopilot/build/px4_sitl_test/uORB/ucdr/vehicle_control_mode.h
Excluding /root/audit/PX4-Autopilot/build/px4_sitl_test/uORB/ucdr/vehicle_global_position.h
Excluding /root/audit/PX4-Autopilot/build/px4_sitl_test/uORB/ucdr/vehicle_land_detected.h
Excluding /root/audit/PX4-Autopilot/build/px4_sitl_test/uORB/ucdr/vehicle_local_position.h
Excluding /root/audit/PX4-Autopilot/build/px4_sitl_test/uORB/ucdr/vehicle_odometry.h
Excluding /root/audit/PX4-Autopilot/build/px4_sitl_test/uORB/ucdr/vehicle_rates_setpoint.h
Excluding /root/audit/PX4-Autopilot/build/px4_sitl_test/uORB/ucdr/vehicle_status.h
Excluding /root/audit/PX4-Autopilot/build/px4_sitl_test/uORB/ucdr/vehicle_thrust_setpoint.h
Excluding /root/audit/PX4-Autopilot/build/px4_sitl_test/uORB/ucdr/vehicle_torque_setpoint.h
Excluding /root/audit/PX4-Autopilot/build/px4_sitl_test/uORB/ucdr/vtol_vehicle_status.h
Excluding /root/audit/PX4-Autopilot/build/px4_sitl_test/uORB/ucdr/wind.h
Excluding /root/audit/PX4-Autopilot/platforms/common/Serial.cpp
Excluding /root/audit/PX4-Autopilot/platforms/common/board_identity.c
Excluding /root/audit/PX4-Autopilot/platforms/common/board_identity_test.cpp
Excluding /root/audit/PX4-Autopilot/platforms/common/external_reset_lockout.cpp
Excluding /root/audit/PX4-Autopilot/platforms/common/i2c_spi_buses.cpp
Excluding /root/audit/PX4-Autopilot/platforms/common/include/px4_platform_common/app.h
Excluding /root/audit/PX4-Autopilot/platforms/common/include/px4_platform_common/atomic.h
Excluding /root/audit/PX4-Autopilot/platforms/common/include/px4_platform_common/atomic_bitset.h
Excluding /root/audit/PX4-Autopilot/platforms/common/include/px4_platform_common/console_buffer.h
Excluding /root/audit/PX4-Autopilot/platforms/common/include/px4_platform_common/defines.h
Excluding /root/audit/PX4-Autopilot/platforms/common/include/px4_platform_common/events.h
Excluding /root/audit/PX4-Autopilot/platforms/common/include/px4_platform_common/i2c_spi_buses.h
Excluding /root/audit/PX4-Autopilot/platforms/common/include/px4_platform_common/log.h
Excluding /root/audit/PX4-Autopilot/platforms/common/include/px4_platform_common/module.h
Excluding /root/audit/PX4-Autopilot/platforms/common/include/px4_platform_common/module_params.h
Excluding /root/audit/PX4-Autopilot/platforms/common/include/px4_platform_common/param.h
Excluding /root/audit/PX4-Autopilot/platforms/common/include/px4_platform_common/px4_work_queue/ScheduledWorkItem.hpp
Excluding /root/audit/PX4-Autopilot/platforms/common/include/px4_platform_common/px4_work_queue/WorkItem.hpp
Excluding /root/audit/PX4-Autopilot/platforms/common/include/px4_platform_common/px4_work_queue/WorkQueue.hpp
Excluding /root/audit/PX4-Autopilot/platforms/common/include/px4_platform_common/sem.hpp
Excluding /root/audit/PX4-Autopilot/platforms/common/module.cpp
Excluding /root/audit/PX4-Autopilot/platforms/common/px4_cli.cpp
Excluding /root/audit/PX4-Autopilot/platforms/common/px4_getopt.c
Excluding /root/audit/PX4-Autopilot/platforms/common/px4_log.cpp
Excluding /root/audit/PX4-Autopilot/platforms/common/px4_work_queue/ScheduledWorkItem.cpp
Excluding /root/audit/PX4-Autopilot/platforms/common/px4_work_queue/WorkItem.cpp
Excluding /root/audit/PX4-Autopilot/platforms/common/px4_work_queue/WorkItemSingleShot.cpp
Excluding /root/audit/PX4-Autopilot/platforms/common/px4_work_queue/WorkQueue.cpp
Excluding /root/audit/PX4-Autopilot/platforms/common/px4_work_queue/WorkQueueManager.cpp
Excluding /root/audit/PX4-Autopilot/platforms/common/px4_work_queue/test/wqueue_main.cpp
Excluding /root/audit/PX4-Autopilot/platforms/common/px4_work_queue/test/wqueue_scheduled_test.cpp
Excluding /root/audit/PX4-Autopilot/platforms/common/px4_work_queue/test/wqueue_scheduled_test.h
Excluding /root/audit/PX4-Autopilot/platforms/common/px4_work_queue/test/wqueue_start.cpp
Excluding /root/audit/PX4-Autopilot/platforms/common/px4_work_queue/test/wqueue_test.cpp
Excluding /root/audit/PX4-Autopilot/platforms/common/px4_work_queue/test/wqueue_test.h
Excluding /root/audit/PX4-Autopilot/platforms/common/shutdown.cpp
Excluding /root/audit/PX4-Autopilot/platforms/common/uORB/Publication.hpp
Excluding /root/audit/PX4-Autopilot/platforms/common/uORB/PublicationMulti.hpp
Excluding /root/audit/PX4-Autopilot/platforms/common/uORB/Subscription.cpp
Excluding /root/audit/PX4-Autopilot/platforms/common/uORB/Subscription.hpp
Excluding /root/audit/PX4-Autopilot/platforms/common/uORB/SubscriptionBlocking.hpp
Excluding /root/audit/PX4-Autopilot/platforms/common/uORB/SubscriptionCallback.hpp
Excluding /root/audit/PX4-Autopilot/platforms/common/uORB/SubscriptionInterval.cpp
Excluding /root/audit/PX4-Autopilot/platforms/common/uORB/SubscriptionInterval.hpp
Excluding /root/audit/PX4-Autopilot/platforms/common/uORB/SubscriptionMultiArray.hpp
Excluding /root/audit/PX4-Autopilot/platforms/common/uORB/test/uORBMessageFieldsTest.cpp
Excluding /root/audit/PX4-Autopilot/platforms/common/uORB/test/uORBSubscriptionTest.cpp
Excluding /root/audit/PX4-Autopilot/platforms/common/uORB/uORB.cpp
Excluding /root/audit/PX4-Autopilot/platforms/common/uORB/uORBDeviceMaster.cpp
Excluding /root/audit/PX4-Autopilot/platforms/common/uORB/uORBDeviceMaster.hpp
Excluding /root/audit/PX4-Autopilot/platforms/common/uORB/uORBDeviceNode.cpp
Excluding /root/audit/PX4-Autopilot/platforms/common/uORB/uORBDeviceNode.hpp
Excluding /root/audit/PX4-Autopilot/platforms/common/uORB/uORBManager.cpp
Excluding /root/audit/PX4-Autopilot/platforms/common/uORB/uORBManager.hpp
Excluding /root/audit/PX4-Autopilot/platforms/common/uORB/uORBMessageFields.cpp
Excluding /root/audit/PX4-Autopilot/platforms/common/uORB/uORBMessageFields.hpp
Excluding /root/audit/PX4-Autopilot/platforms/common/uORB/uORBUtils.cpp
Excluding /root/audit/PX4-Autopilot/platforms/common/uORB/uORB_tests/uORBTest_UnitTest.cpp
Excluding /root/audit/PX4-Autopilot/platforms/common/uORB/uORB_tests/uORBTest_UnitTest.hpp
Excluding /root/audit/PX4-Autopilot/platforms/common/uORB/uORB_tests/uORB_tests_main.cpp
Excluding /root/audit/PX4-Autopilot/platforms/common/work_queue/dq_addlast.c
Excluding /root/audit/PX4-Autopilot/platforms/common/work_queue/dq_rem.c
Excluding /root/audit/PX4-Autopilot/platforms/common/work_queue/hrt_queue.c
Excluding /root/audit/PX4-Autopilot/platforms/common/work_queue/hrt_thread.c
Excluding /root/audit/PX4-Autopilot/platforms/common/work_queue/hrt_work_cancel.c
Excluding /root/audit/PX4-Autopilot/platforms/common/work_queue/queue.c
Excluding /root/audit/PX4-Autopilot/platforms/common/work_queue/sq_addafter.c
Excluding /root/audit/PX4-Autopilot/platforms/common/work_queue/sq_addlast.c
Excluding /root/audit/PX4-Autopilot/platforms/common/work_queue/work_lock.c
Excluding /root/audit/PX4-Autopilot/platforms/common/work_queue/work_queue.c
Excluding /root/audit/PX4-Autopilot/platforms/common/work_queue/work_thread.c
Excluding /root/audit/PX4-Autopilot/platforms/posix/include/hrt_work.h
Excluding /root/audit/PX4-Autopilot/platforms/posix/src/px4/common/SerialImpl.cpp
Excluding /root/audit/PX4-Autopilot/platforms/posix/src/px4/common/cpuload.cpp
Excluding /root/audit/PX4-Autopilot/platforms/posix/src/px4/common/drv_hrt.cpp
Excluding /root/audit/PX4-Autopilot/platforms/posix/src/px4/common/gtest_runner/gtest_functional_main.cpp
Excluding /root/audit/PX4-Autopilot/platforms/posix/src/px4/common/lib_crc32.c
Excluding /root/audit/PX4-Autopilot/platforms/posix/src/px4/common/lockstep_scheduler/include/lockstep_scheduler/lockstep_scheduler.h
Excluding /root/audit/PX4-Autopilot/platforms/posix/src/px4/common/lockstep_scheduler/src/lockstep_components.cpp
Excluding /root/audit/PX4-Autopilot/platforms/posix/src/px4/common/lockstep_scheduler/src/lockstep_scheduler.cpp
Excluding /root/audit/PX4-Autopilot/platforms/posix/src/px4/common/lockstep_scheduler/test/src/lockstep_scheduler_test.cpp
Excluding /root/audit/PX4-Autopilot/platforms/posix/src/px4/common/main.cpp
Excluding /root/audit/PX4-Autopilot/platforms/posix/src/px4/common/print_load.cpp
Excluding /root/audit/PX4-Autopilot/platforms/posix/src/px4/common/px4_daemon/client.cpp
Excluding /root/audit/PX4-Autopilot/platforms/posix/src/px4/common/px4_daemon/history.cpp
Excluding /root/audit/PX4-Autopilot/platforms/posix/src/px4/common/px4_daemon/history.h
Excluding /root/audit/PX4-Autopilot/platforms/posix/src/px4/common/px4_daemon/pxh.cpp
Excluding /root/audit/PX4-Autopilot/platforms/posix/src/px4/common/px4_daemon/server.cpp
Excluding /root/audit/PX4-Autopilot/platforms/posix/src/px4/common/px4_daemon/server.h
Excluding /root/audit/PX4-Autopilot/platforms/posix/src/px4/common/px4_daemon/server_io.cpp
Excluding /root/audit/PX4-Autopilot/platforms/posix/src/px4/common/px4_daemon/sock_protocol.cpp
Excluding /root/audit/PX4-Autopilot/platforms/posix/src/px4/common/px4_init.cpp
Excluding /root/audit/PX4-Autopilot/platforms/posix/src/px4/common/px4_posix_impl.cpp
Excluding /root/audit/PX4-Autopilot/platforms/posix/src/px4/common/px4_sem.cpp
Excluding /root/audit/PX4-Autopilot/platforms/posix/src/px4/common/tasks.cpp
Excluding /root/audit/PX4-Autopilot/platforms/posix/src/px4/common/test_stubs/stub_daemon.cpp
Excluding /root/audit/PX4-Autopilot/platforms/posix/src/px4/common/test_stubs/stub_daemon.h
Excluding /root/audit/PX4-Autopilot/platforms/posix/src/px4/generic/generic/tone_alarm/ToneAlarmInterface.cpp
Excluding /root/audit/PX4-Autopilot/src/drivers/camera_trigger/camera_trigger.cpp
Excluding /root/audit/PX4-Autopilot/src/drivers/camera_trigger/interfaces/src/camera_interface.h
Excluding /root/audit/PX4-Autopilot/src/drivers/distance_sensor/lightware_laser_serial/lightware_laser_serial.cpp
Excluding /root/audit/PX4-Autopilot/src/drivers/distance_sensor/lightware_laser_serial/lightware_laser_serial_main.cpp
Excluding /root/audit/PX4-Autopilot/src/drivers/distance_sensor/lightware_laser_serial/parser.cpp
Excluding /root/audit/PX4-Autopilot/src/drivers/distance_sensor/lightware_laser_serial/tests/lightware_laser_test.cpp
Excluding /root/audit/PX4-Autopilot/src/drivers/drv_hrt.h
Excluding /root/audit/PX4-Autopilot/src/drivers/gnss/septentrio/rtcm.cpp
Excluding /root/audit/PX4-Autopilot/src/drivers/gnss/septentrio/rtcm.h
Excluding /root/audit/PX4-Autopilot/src/drivers/gnss/septentrio/sbf/decoder.cpp
Excluding /root/audit/PX4-Autopilot/src/drivers/gnss/septentrio/sbf/decoder.h
Excluding /root/audit/PX4-Autopilot/src/drivers/gnss/septentrio/sbf/messages.h
Excluding /root/audit/PX4-Autopilot/src/drivers/gnss/septentrio/septentrio.cpp
Excluding /root/audit/PX4-Autopilot/src/drivers/gnss/septentrio/septentrio.h
Excluding /root/audit/PX4-Autopilot/src/drivers/gnss/septentrio/septentrio_fuzz_tests.cpp
Excluding /root/audit/PX4-Autopilot/src/drivers/gnss/septentrio/util.cpp
Excluding /root/audit/PX4-Autopilot/src/drivers/gps/devices/src/ashtech.cpp
Excluding /root/audit/PX4-Autopilot/src/drivers/gps/devices/src/base_station.h
Excluding /root/audit/PX4-Autopilot/src/drivers/gps/devices/src/crc.cpp
Excluding /root/audit/PX4-Autopilot/src/drivers/gps/devices/src/emlid_reach.cpp
Excluding /root/audit/PX4-Autopilot/src/drivers/gps/devices/src/emlid_reach.h
Excluding /root/audit/PX4-Autopilot/src/drivers/gps/devices/src/femtomes.cpp
Excluding /root/audit/PX4-Autopilot/src/drivers/gps/devices/src/gps_helper.cpp
Excluding /root/audit/PX4-Autopilot/src/drivers/gps/devices/src/gps_helper.h
Excluding /root/audit/PX4-Autopilot/src/drivers/gps/devices/src/mtk.cpp
Excluding /root/audit/PX4-Autopilot/src/drivers/gps/devices/src/mtk.h
Excluding /root/audit/PX4-Autopilot/src/drivers/gps/devices/src/nmea.cpp
Excluding /root/audit/PX4-Autopilot/src/drivers/gps/devices/src/rtcm.cpp
Excluding /root/audit/PX4-Autopilot/src/drivers/gps/devices/src/rtcm.h
Excluding /root/audit/PX4-Autopilot/src/drivers/gps/devices/src/ubx.cpp
Excluding /root/audit/PX4-Autopilot/src/drivers/gps/devices/src/ubx.h
Excluding /root/audit/PX4-Autopilot/src/drivers/gps/devices/src/unicore.cpp
Excluding /root/audit/PX4-Autopilot/src/drivers/gps/devices/src/unicore.h
Excluding /root/audit/PX4-Autopilot/src/drivers/gps/gps.cpp
Excluding /root/audit/PX4-Autopilot/src/drivers/osd/msp_osd/MessageDisplay/MessageDisplay.cpp
Excluding /root/audit/PX4-Autopilot/src/drivers/osd/msp_osd/MessageDisplay/MessageDisplay.hpp
Excluding /root/audit/PX4-Autopilot/src/drivers/osd/msp_osd/MessageDisplay/MessageDisplayTest.cpp
Excluding /root/audit/PX4-Autopilot/src/drivers/osd/msp_osd/MspV1.cpp
Excluding /root/audit/PX4-Autopilot/src/drivers/osd/msp_osd/MspV1.hpp
Excluding /root/audit/PX4-Autopilot/src/drivers/osd/msp_osd/msp_defines.h
Excluding /root/audit/PX4-Autopilot/src/drivers/osd/msp_osd/msp_osd.cpp
Excluding /root/audit/PX4-Autopilot/src/drivers/osd/msp_osd/msp_osd.hpp
Excluding /root/audit/PX4-Autopilot/src/drivers/osd/msp_osd/uorb_to_msp.cpp
Excluding /root/audit/PX4-Autopilot/src/drivers/tone_alarm/ToneAlarm.cpp
Excluding /root/audit/PX4-Autopilot/src/drivers/tone_alarm/ToneAlarm.h
Excluding /root/audit/PX4-Autopilot/src/examples/dyn_hello/hello.cpp
Excluding /root/audit/PX4-Autopilot/src/examples/fake_gps/FakeGps.cpp
Excluding /root/audit/PX4-Autopilot/src/examples/fake_gps/FakeGps.hpp
Excluding /root/audit/PX4-Autopilot/src/examples/fake_imu/FakeImu.cpp
Excluding /root/audit/PX4-Autopilot/src/examples/fake_imu/FakeImu.hpp
Excluding /root/audit/PX4-Autopilot/src/examples/fake_magnetometer/FakeMagnetometer.cpp
Excluding /root/audit/PX4-Autopilot/src/examples/fake_magnetometer/FakeMagnetometer.hpp
Excluding /root/audit/PX4-Autopilot/src/examples/hello/hello_example.cpp
Excluding /root/audit/PX4-Autopilot/src/examples/hello/hello_example.h
Excluding /root/audit/PX4-Autopilot/src/examples/hello/hello_main.cpp
Excluding /root/audit/PX4-Autopilot/src/examples/hello/hello_start.cpp
Excluding /root/audit/PX4-Autopilot/src/examples/px4_mavlink_debug/px4_mavlink_debug.cpp
Excluding /root/audit/PX4-Autopilot/src/examples/px4_simple_app/px4_simple_app.c
Excluding /root/audit/PX4-Autopilot/src/examples/work_item/WorkItemExample.cpp
Excluding /root/audit/PX4-Autopilot/src/examples/work_item/WorkItemExample.hpp
Excluding /root/audit/PX4-Autopilot/src/include/containers/Array.hpp
Excluding /root/audit/PX4-Autopilot/src/include/containers/Bitset.hpp
Excluding /root/audit/PX4-Autopilot/src/include/containers/BlockingList.hpp
Excluding /root/audit/PX4-Autopilot/src/include/containers/BlockingQueue.hpp
Excluding /root/audit/PX4-Autopilot/src/include/containers/IntrusiveQueue.hpp
Excluding /root/audit/PX4-Autopilot/src/include/containers/IntrusiveSortedList.hpp
Excluding /root/audit/PX4-Autopilot/src/include/containers/List.hpp
Excluding /root/audit/PX4-Autopilot/src/include/containers/LockGuard.hpp
Excluding /root/audit/PX4-Autopilot/src/include/unit_test.h
Excluding /root/audit/PX4-Autopilot/src/lib/adsb/AdsbConflict.cpp
Excluding /root/audit/PX4-Autopilot/src/lib/adsb/AdsbConflict.h
Excluding /root/audit/PX4-Autopilot/src/lib/adsb/AdsbConflictTest.cpp
Excluding /root/audit/PX4-Autopilot/src/lib/adsb/AdsbConflictTest.h
Excluding /root/audit/PX4-Autopilot/src/lib/airspeed/airspeed.cpp
Excluding /root/audit/PX4-Autopilot/src/lib/atmosphere/atmosphere.cpp
Excluding /root/audit/PX4-Autopilot/src/lib/atmosphere/test_atmosphere.cpp
Excluding /root/audit/PX4-Autopilot/src/lib/battery/SqeBatteryTest.cpp
Excluding /root/audit/PX4-Autopilot/src/lib/battery/battery.h
Excluding /root/audit/PX4-Autopilot/src/lib/cdev/CDev.cpp
Excluding /root/audit/PX4-Autopilot/src/lib/cdev/CDev.hpp
Excluding /root/audit/PX4-Autopilot/src/lib/cdev/posix/cdev_platform.cpp
Excluding /root/audit/PX4-Autopilot/src/lib/cdev/posix/cdev_platform.hpp
Excluding /root/audit/PX4-Autopilot/src/lib/cdev/test/cdevtest_example.cpp
Excluding /root/audit/PX4-Autopilot/src/lib/cdev/test/cdevtest_example.h
Excluding /root/audit/PX4-Autopilot/src/lib/cdev/test/cdevtest_main.cpp
Excluding /root/audit/PX4-Autopilot/src/lib/cdev/test/cdevtest_start.cpp
Excluding /root/audit/PX4-Autopilot/src/lib/circuit_breaker/circuit_breaker.cpp
Excluding /root/audit/PX4-Autopilot/src/lib/circuit_breaker/circuit_breaker.h
Excluding /root/audit/PX4-Autopilot/src/lib/collision_prevention/CollisionPrevention.cpp
Excluding /root/audit/PX4-Autopilot/src/lib/collision_prevention/CollisionPrevention.hpp
Excluding /root/audit/PX4-Autopilot/src/lib/collision_prevention/CollisionPreventionTest.cpp
Excluding /root/audit/PX4-Autopilot/src/lib/collision_prevention/ObstacleMath.cpp
Excluding /root/audit/PX4-Autopilot/src/lib/collision_prevention/ObstacleMathTest.cpp
Excluding /root/audit/PX4-Autopilot/src/lib/control_allocation/actuator_effectiveness/ActuatorEffectiveness.cpp
Excluding /root/audit/PX4-Autopilot/src/lib/control_allocation/actuator_effectiveness/ActuatorEffectiveness.hpp
Excluding /root/audit/PX4-Autopilot/src/lib/control_allocation/control_allocation/ControlAllocation.cpp
Excluding /root/audit/PX4-Autopilot/src/lib/control_allocation/control_allocation/ControlAllocation.hpp
Excluding /root/audit/PX4-Autopilot/src/lib/control_allocation/control_allocation/ControlAllocationPseudoInverse.cpp
Excluding /root/audit/PX4-Autopilot/src/lib/control_allocation/control_allocation/ControlAllocationPseudoInverse.hpp
Excluding /root/audit/PX4-Autopilot/src/lib/control_allocation/control_allocation/ControlAllocationPseudoInverseTest.cpp
Excluding /root/audit/PX4-Autopilot/src/lib/control_allocation/control_allocation/ControlAllocationSequentialDesaturation.cpp
Excluding /root/audit/PX4-Autopilot/src/lib/control_allocation/control_allocation/ControlAllocationSequentialDesaturation.hpp
Excluding /root/audit/PX4-Autopilot/src/lib/control_allocation/control_allocation/ControlAllocationSequentialDesaturationTest.cpp
Excluding /root/audit/PX4-Autopilot/src/lib/controllib/BlockDelay.hpp
Excluding /root/audit/PX4-Autopilot/src/lib/controllib/BlockDerivative.cpp
Excluding /root/audit/PX4-Autopilot/src/lib/controllib/BlockDerivative.hpp
Excluding /root/audit/PX4-Autopilot/src/lib/controllib/BlockHighPass.cpp
Excluding /root/audit/PX4-Autopilot/src/lib/controllib/BlockHighPass.hpp
Excluding /root/audit/PX4-Autopilot/src/lib/controllib/BlockIntegral.cpp
Excluding /root/audit/PX4-Autopilot/src/lib/controllib/BlockIntegral.hpp
Excluding /root/audit/PX4-Autopilot/src/lib/controllib/BlockIntegralTrap.cpp
Excluding /root/audit/PX4-Autopilot/src/lib/controllib/BlockIntegralTrap.hpp
Excluding /root/audit/PX4-Autopilot/src/lib/controllib/BlockLimit.cpp
Excluding /root/audit/PX4-Autopilot/src/lib/controllib/BlockLimit.hpp
Excluding /root/audit/PX4-Autopilot/src/lib/controllib/BlockLimitSym.cpp
Excluding /root/audit/PX4-Autopilot/src/lib/controllib/BlockLimitSym.hpp
Excluding /root/audit/PX4-Autopilot/src/lib/controllib/BlockLowPass.cpp
Excluding /root/audit/PX4-Autopilot/src/lib/controllib/BlockLowPass.hpp
Excluding /root/audit/PX4-Autopilot/src/lib/controllib/BlockLowPass2.cpp
Excluding /root/audit/PX4-Autopilot/src/lib/controllib/BlockLowPass2.hpp
Excluding /root/audit/PX4-Autopilot/src/lib/controllib/BlockLowPassVector.hpp
Excluding /root/audit/PX4-Autopilot/src/lib/controllib/BlockOutput.hpp
Excluding /root/audit/PX4-Autopilot/src/lib/controllib/BlockP.hpp
Excluding /root/audit/PX4-Autopilot/src/lib/controllib/BlockPD.hpp
Excluding /root/audit/PX4-Autopilot/src/lib/controllib/BlockPI.hpp
Excluding /root/audit/PX4-Autopilot/src/lib/controllib/BlockPID.hpp
Excluding /root/audit/PX4-Autopilot/src/lib/controllib/BlockRandGauss.hpp
Excluding /root/audit/PX4-Autopilot/src/lib/controllib/BlockRandUniform.hpp
Excluding /root/audit/PX4-Autopilot/src/lib/controllib/BlockStats.hpp
Excluding /root/audit/PX4-Autopilot/src/lib/controllib/block/Block.cpp
Excluding /root/audit/PX4-Autopilot/src/lib/controllib/block/Block.hpp
Excluding /root/audit/PX4-Autopilot/src/lib/controllib/block/BlockParam.cpp
Excluding /root/audit/PX4-Autopilot/src/lib/controllib/block/BlockParam.hpp
Excluding /root/audit/PX4-Autopilot/src/lib/controllib/controllib_test/controllib_test_main.cpp
Excluding /root/audit/PX4-Autopilot/src/lib/conversion/RotationTest.cpp
Excluding /root/audit/PX4-Autopilot/src/lib/conversion/rotation.cpp
Excluding /root/audit/PX4-Autopilot/src/lib/conversion/rotation.h
Excluding /root/audit/PX4-Autopilot/src/lib/dataman_client/DatamanClient.cpp
Excluding /root/audit/PX4-Autopilot/src/lib/dataman_client/DatamanClient.hpp
Excluding /root/audit/PX4-Autopilot/src/lib/drivers/accelerometer/PX4Accelerometer.cpp
Excluding /root/audit/PX4-Autopilot/src/lib/drivers/accelerometer/PX4Accelerometer.hpp
Excluding /root/audit/PX4-Autopilot/src/lib/drivers/device/Device.hpp
Excluding /root/audit/PX4-Autopilot/src/lib/drivers/gyroscope/PX4Gyroscope.cpp
Excluding /root/audit/PX4-Autopilot/src/lib/drivers/gyroscope/PX4Gyroscope.hpp
Excluding /root/audit/PX4-Autopilot/src/lib/drivers/magnetometer/PX4Magnetometer.cpp
Excluding /root/audit/PX4-Autopilot/src/lib/drivers/magnetometer/PX4Magnetometer.hpp
Excluding /root/audit/PX4-Autopilot/src/lib/drivers/rangefinder/PX4Rangefinder.cpp
Excluding /root/audit/PX4-Autopilot/src/lib/drivers/rangefinder/PX4Rangefinder.hpp
Excluding /root/audit/PX4-Autopilot/src/lib/events/events.cpp
Excluding /root/audit/PX4-Autopilot/src/lib/field_sensor_bias_estimator/FieldSensorBiasEstimator.hpp
Excluding /root/audit/PX4-Autopilot/src/lib/field_sensor_bias_estimator/FieldSensorBiasEstimatorTest.cpp
Excluding /root/audit/PX4-Autopilot/src/lib/fw_performance_model/PerformanceModel.cpp
Excluding /root/audit/PX4-Autopilot/src/lib/fw_performance_model/PerformanceModel.hpp
Excluding /root/audit/PX4-Autopilot/src/lib/geo/geo.cpp
Excluding /root/audit/PX4-Autopilot/src/lib/geo/geo.h
Excluding /root/audit/PX4-Autopilot/src/lib/geo/test_geo.cpp
Excluding /root/audit/PX4-Autopilot/src/lib/heatshrink/heatshrink/heatshrink_decoder.c
Excluding /root/audit/PX4-Autopilot/src/lib/hysteresis/HysteresisTest.cpp
Excluding /root/audit/PX4-Autopilot/src/lib/hysteresis/hysteresis.cpp
Excluding /root/audit/PX4-Autopilot/src/lib/hysteresis/hysteresis.h
Excluding /root/audit/PX4-Autopilot/src/lib/lat_lon_alt/lat_lon_alt.cpp
Excluding /root/audit/PX4-Autopilot/src/lib/lat_lon_alt/lat_lon_alt.hpp
Excluding /root/audit/PX4-Autopilot/src/lib/lat_lon_alt/test_lat_lon_alt.cpp
Excluding /root/audit/PX4-Autopilot/src/lib/mathlib/math/Functions.hpp
Excluding /root/audit/PX4-Autopilot/src/lib/mathlib/math/FunctionsTest.cpp
Excluding /root/audit/PX4-Autopilot/src/lib/mathlib/math/Limits.hpp
Excluding /root/audit/PX4-Autopilot/src/lib/mathlib/math/MaxDistanceToCircleTest.cpp
Excluding /root/audit/PX4-Autopilot/src/lib/mathlib/math/SearchMin.hpp
Excluding /root/audit/PX4-Autopilot/src/lib/mathlib/math/TrajMath.hpp
Excluding /root/audit/PX4-Autopilot/src/lib/mathlib/math/Utilities.hpp
Excluding /root/audit/PX4-Autopilot/src/lib/mathlib/math/WelfordMean.hpp
Excluding /root/audit/PX4-Autopilot/src/lib/mathlib/math/WelfordMeanTest.cpp
Excluding /root/audit/PX4-Autopilot/src/lib/mathlib/math/WelfordMeanVector.hpp
Excluding /root/audit/PX4-Autopilot/src/lib/mathlib/math/WelfordMeanVectorTest.cpp
Excluding /root/audit/PX4-Autopilot/src/lib/mathlib/math/filter/AlphaFilter.hpp
Excluding /root/audit/PX4-Autopilot/src/lib/mathlib/math/filter/FilteredDerivative.hpp
Excluding /root/audit/PX4-Autopilot/src/lib/mathlib/math/filter/LowPassFilter2p.hpp
Excluding /root/audit/PX4-Autopilot/src/lib/mathlib/math/filter/MedianFilter.hpp
Excluding /root/audit/PX4-Autopilot/src/lib/mathlib/math/filter/NotchFilter.hpp
Excluding /root/audit/PX4-Autopilot/src/lib/mathlib/math/filter/second_order_reference_model.hpp
Excluding /root/audit/PX4-Autopilot/src/lib/mathlib/math/test/AlphaFilterTest.cpp
Excluding /root/audit/PX4-Autopilot/src/lib/mathlib/math/test/LowPassFilter2pVector3fTest.cpp
Excluding /root/audit/PX4-Autopilot/src/lib/mathlib/math/test/MedianFilterTest.cpp
Excluding /root/audit/PX4-Autopilot/src/lib/mathlib/math/test/NotchFilterTest.cpp
Excluding /root/audit/PX4-Autopilot/src/lib/mathlib/math/test/UtilitiesTest.cpp
Excluding /root/audit/PX4-Autopilot/src/lib/mathlib/math/test/second_order_reference_model_test.cpp
Excluding /root/audit/PX4-Autopilot/src/lib/mathlib/math/test/test.cpp
Excluding /root/audit/PX4-Autopilot/src/lib/matrix/matrix/AxisAngle.hpp
Excluding /root/audit/PX4-Autopilot/src/lib/matrix/matrix/Dcm.hpp
Excluding /root/audit/PX4-Autopilot/src/lib/matrix/matrix/Dcm2.hpp
Excluding /root/audit/PX4-Autopilot/src/lib/matrix/matrix/Dual.hpp
Excluding /root/audit/PX4-Autopilot/src/lib/matrix/matrix/Euler.hpp
Excluding /root/audit/PX4-Autopilot/src/lib/matrix/matrix/LeastSquaresSolver.hpp
Excluding /root/audit/PX4-Autopilot/src/lib/matrix/matrix/Matrix.hpp
Excluding /root/audit/PX4-Autopilot/src/lib/matrix/matrix/PseudoInverse.hpp
Excluding /root/audit/PX4-Autopilot/src/lib/matrix/matrix/Quaternion.hpp
Excluding /root/audit/PX4-Autopilot/src/lib/matrix/matrix/Scalar.hpp
Excluding /root/audit/PX4-Autopilot/src/lib/matrix/matrix/Slice.hpp
Excluding /root/audit/PX4-Autopilot/src/lib/matrix/matrix/SparseVector.hpp
Excluding /root/audit/PX4-Autopilot/src/lib/matrix/matrix/SquareMatrix.hpp
Excluding /root/audit/PX4-Autopilot/src/lib/matrix/matrix/Vector.hpp
Excluding /root/audit/PX4-Autopilot/src/lib/matrix/matrix/Vector2.hpp
Excluding /root/audit/PX4-Autopilot/src/lib/matrix/matrix/Vector3.hpp
Excluding /root/audit/PX4-Autopilot/src/lib/matrix/matrix/Vector4.hpp
Excluding /root/audit/PX4-Autopilot/src/lib/matrix/matrix/filter.hpp
Excluding /root/audit/PX4-Autopilot/src/lib/matrix/matrix/helper_functions.hpp
Excluding /root/audit/PX4-Autopilot/src/lib/matrix/matrix/integration.hpp
Excluding /root/audit/PX4-Autopilot/src/lib/matrix/test/MatrixAssignmentTest.cpp
Excluding /root/audit/PX4-Autopilot/src/lib/matrix/test/MatrixAttitudeTest.cpp
Excluding /root/audit/PX4-Autopilot/src/lib/matrix/test/MatrixCopyToTest.cpp
Excluding /root/audit/PX4-Autopilot/src/lib/matrix/test/MatrixDcm2Test.cpp
Excluding /root/audit/PX4-Autopilot/src/lib/matrix/test/MatrixDualTest.cpp
Excluding /root/audit/PX4-Autopilot/src/lib/matrix/test/MatrixFilterTest.cpp
Excluding /root/audit/PX4-Autopilot/src/lib/matrix/test/MatrixHatveeTest.cpp
Excluding /root/audit/PX4-Autopilot/src/lib/matrix/test/MatrixHelperTest.cpp
Excluding /root/audit/PX4-Autopilot/src/lib/matrix/test/MatrixIntegralTest.cpp
Excluding /root/audit/PX4-Autopilot/src/lib/matrix/test/MatrixInverseTest.cpp
Excluding /root/audit/PX4-Autopilot/src/lib/matrix/test/MatrixLeastSquaresTest.cpp
Excluding /root/audit/PX4-Autopilot/src/lib/matrix/test/MatrixMultiplicationTest.cpp
Excluding /root/audit/PX4-Autopilot/src/lib/matrix/test/MatrixPseudoInverseTest.cpp
Excluding /root/audit/PX4-Autopilot/src/lib/matrix/test/MatrixScalarMultiplicationTest.cpp
Excluding /root/audit/PX4-Autopilot/src/lib/matrix/test/MatrixSetIdentityTest.cpp
Excluding /root/audit/PX4-Autopilot/src/lib/matrix/test/MatrixSliceTest.cpp
Excluding /root/audit/PX4-Autopilot/src/lib/matrix/test/MatrixSparseVectorTest.cpp
Excluding /root/audit/PX4-Autopilot/src/lib/matrix/test/MatrixSquareTest.cpp
Excluding /root/audit/PX4-Autopilot/src/lib/matrix/test/MatrixTransposeTest.cpp
Excluding /root/audit/PX4-Autopilot/src/lib/matrix/test/MatrixUnwrapTest.cpp
Excluding /root/audit/PX4-Autopilot/src/lib/matrix/test/MatrixUpperRightTriangleTest.cpp
Excluding /root/audit/PX4-Autopilot/src/lib/matrix/test/MatrixVector2Test.cpp
Excluding /root/audit/PX4-Autopilot/src/lib/matrix/test/MatrixVector3Test.cpp
Excluding /root/audit/PX4-Autopilot/src/lib/matrix/test/MatrixVectorAssignmentTest.cpp
Excluding /root/audit/PX4-Autopilot/src/lib/matrix/test/MatrixVectorTest.cpp
Excluding /root/audit/PX4-Autopilot/src/lib/mixer_module/actuator_test.cpp
Excluding /root/audit/PX4-Autopilot/src/lib/mixer_module/actuator_test.hpp
Excluding /root/audit/PX4-Autopilot/src/lib/mixer_module/functions/FunctionActuatorSet.hpp
Excluding /root/audit/PX4-Autopilot/src/lib/mixer_module/functions/FunctionConstantMax.hpp
Excluding /root/audit/PX4-Autopilot/src/lib/mixer_module/functions/FunctionConstantMin.hpp
Excluding /root/audit/PX4-Autopilot/src/lib/mixer_module/functions/FunctionGimbal.hpp
Excluding /root/audit/PX4-Autopilot/src/lib/mixer_module/functions/FunctionGripper.hpp
Excluding /root/audit/PX4-Autopilot/src/lib/mixer_module/functions/FunctionICEngineControl.hpp
Excluding /root/audit/PX4-Autopilot/src/lib/mixer_module/functions/FunctionLandingGear.hpp
Excluding /root/audit/PX4-Autopilot/src/lib/mixer_module/functions/FunctionLandingGearWheel.hpp
Excluding /root/audit/PX4-Autopilot/src/lib/mixer_module/functions/FunctionManualRC.hpp
Excluding /root/audit/PX4-Autopilot/src/lib/mixer_module/functions/FunctionMotors.hpp
Excluding /root/audit/PX4-Autopilot/src/lib/mixer_module/functions/FunctionParachute.hpp
Excluding /root/audit/PX4-Autopilot/src/lib/mixer_module/functions/FunctionProviderBase.hpp
Excluding /root/audit/PX4-Autopilot/src/lib/mixer_module/functions/FunctionServos.hpp
Excluding /root/audit/PX4-Autopilot/src/lib/mixer_module/mixer_module.cpp
Excluding /root/audit/PX4-Autopilot/src/lib/mixer_module/mixer_module.hpp
Excluding /root/audit/PX4-Autopilot/src/lib/mixer_module/mixer_module_tests.cpp
Excluding /root/audit/PX4-Autopilot/src/lib/modes/standard_modes.hpp
Excluding /root/audit/PX4-Autopilot/src/lib/modes/ui.hpp
Excluding /root/audit/PX4-Autopilot/src/lib/motion_planning/HeadingSmoothing.cpp
Excluding /root/audit/PX4-Autopilot/src/lib/motion_planning/HeadingSmoothing.hpp
Excluding /root/audit/PX4-Autopilot/src/lib/motion_planning/HeadingSmoothingTest.cpp
Excluding /root/audit/PX4-Autopilot/src/lib/motion_planning/ManualVelocitySmoothingZ.cpp
Excluding /root/audit/PX4-Autopilot/src/lib/motion_planning/ManualVelocitySmoothingZ.hpp
Excluding /root/audit/PX4-Autopilot/src/lib/motion_planning/PositionSmoothing.cpp
Excluding /root/audit/PX4-Autopilot/src/lib/motion_planning/PositionSmoothing.hpp
Excluding /root/audit/PX4-Autopilot/src/lib/motion_planning/PositionSmoothingTest.cpp
Excluding /root/audit/PX4-Autopilot/src/lib/motion_planning/TrajectoryConstraints.hpp
Excluding /root/audit/PX4-Autopilot/src/lib/motion_planning/VelocitySmoothing.cpp
Excluding /root/audit/PX4-Autopilot/src/lib/motion_planning/VelocitySmoothing.hpp
Excluding /root/audit/PX4-Autopilot/src/lib/motion_planning/VelocitySmoothingTest.cpp
Excluding /root/audit/PX4-Autopilot/src/lib/npfg/AirspeedDirectionController.cpp
Excluding /root/audit/PX4-Autopilot/src/lib/npfg/AirspeedDirectionController.hpp
Excluding /root/audit/PX4-Autopilot/src/lib/npfg/CourseToAirspeedRefMapper.cpp
Excluding /root/audit/PX4-Autopilot/src/lib/npfg/CourseToAirspeedRefMapper.hpp
Excluding /root/audit/PX4-Autopilot/src/lib/npfg/DirectionalGuidance.cpp
Excluding /root/audit/PX4-Autopilot/src/lib/npfg/DirectionalGuidance.hpp
Excluding /root/audit/PX4-Autopilot/src/lib/npfg/NpfgTest.cpp
Excluding /root/audit/PX4-Autopilot/src/lib/parameters/ConstLayer.h
Excluding /root/audit/PX4-Autopilot/src/lib/parameters/DynamicSparseLayer.h
Excluding /root/audit/PX4-Autopilot/src/lib/parameters/ParamLayer.h
Excluding /root/audit/PX4-Autopilot/src/lib/parameters/ParameterTest.cpp
Excluding /root/audit/PX4-Autopilot/src/lib/parameters/atomic_transaction.cpp
Excluding /root/audit/PX4-Autopilot/src/lib/parameters/atomic_transaction.h
Excluding /root/audit/PX4-Autopilot/src/lib/parameters/autosave.cpp
Excluding /root/audit/PX4-Autopilot/src/lib/parameters/autosave.h
Excluding /root/audit/PX4-Autopilot/src/lib/parameters/param.h
Excluding /root/audit/PX4-Autopilot/src/lib/parameters/param_translation_unit_tests.cpp
Excluding /root/audit/PX4-Autopilot/src/lib/parameters/parameters.cpp
Excluding /root/audit/PX4-Autopilot/src/lib/parameters/parameters_common.cpp
Excluding /root/audit/PX4-Autopilot/src/lib/perf/perf_counter.cpp
Excluding /root/audit/PX4-Autopilot/src/lib/pid/PID.cpp
Excluding /root/audit/PX4-Autopilot/src/lib/pid/PID.hpp
Excluding /root/audit/PX4-Autopilot/src/lib/pid/PIDTest.cpp
Excluding /root/audit/PX4-Autopilot/src/lib/pid_design/pid_design.hpp
Excluding /root/audit/PX4-Autopilot/src/lib/pid_design/pid_design_test.cpp
Excluding /root/audit/PX4-Autopilot/src/lib/pure_pursuit/PurePursuit.cpp
Excluding /root/audit/PX4-Autopilot/src/lib/pure_pursuit/PurePursuitTest.cpp
Excluding /root/audit/PX4-Autopilot/src/lib/rate_control/rate_control.cpp
Excluding /root/audit/PX4-Autopilot/src/lib/rate_control/rate_control.hpp
Excluding /root/audit/PX4-Autopilot/src/lib/rate_control/rate_control_test.cpp
Excluding /root/audit/PX4-Autopilot/src/lib/rc/common_rc.cpp
Excluding /root/audit/PX4-Autopilot/src/lib/rc/crsf.cpp
Excluding /root/audit/PX4-Autopilot/src/lib/rc/dsm.cpp
Excluding /root/audit/PX4-Autopilot/src/lib/rc/ghst.cpp
Excluding /root/audit/PX4-Autopilot/src/lib/rc/ghst.hpp
Excluding /root/audit/PX4-Autopilot/src/lib/rc/rc_tests/RCTest.cpp
Excluding /root/audit/PX4-Autopilot/src/lib/rc/sbus.cpp
Excluding /root/audit/PX4-Autopilot/src/lib/rc/spektrum_rssi.h
Excluding /root/audit/PX4-Autopilot/src/lib/rc/st24.cpp
Excluding /root/audit/PX4-Autopilot/src/lib/rc/sumd.cpp
Excluding /root/audit/PX4-Autopilot/src/lib/ringbuffer/Ringbuffer.cpp
Excluding /root/audit/PX4-Autopilot/src/lib/ringbuffer/Ringbuffer.hpp
Excluding /root/audit/PX4-Autopilot/src/lib/ringbuffer/RingbufferTest.cpp
Excluding /root/audit/PX4-Autopilot/src/lib/rover_control/RoverControl.cpp
Excluding /root/audit/PX4-Autopilot/src/lib/rover_control/RoverControlTest.cpp
Excluding /root/audit/PX4-Autopilot/src/lib/rtl/rtl_time_estimator.cpp
Excluding /root/audit/PX4-Autopilot/src/lib/rtl/rtl_time_estimator.h
Excluding /root/audit/PX4-Autopilot/src/lib/sensor_calibration/Accelerometer.cpp
Excluding /root/audit/PX4-Autopilot/src/lib/sensor_calibration/Accelerometer.hpp
Excluding /root/audit/PX4-Autopilot/src/lib/sensor_calibration/Barometer.cpp
Excluding /root/audit/PX4-Autopilot/src/lib/sensor_calibration/Barometer.hpp
Excluding /root/audit/PX4-Autopilot/src/lib/sensor_calibration/Gyroscope.cpp
Excluding /root/audit/PX4-Autopilot/src/lib/sensor_calibration/Gyroscope.hpp
Excluding /root/audit/PX4-Autopilot/src/lib/sensor_calibration/Magnetometer.cpp
Excluding /root/audit/PX4-Autopilot/src/lib/sensor_calibration/Magnetometer.hpp
Excluding /root/audit/PX4-Autopilot/src/lib/sensor_calibration/Utilities.cpp
Excluding /root/audit/PX4-Autopilot/src/lib/sensor_calibration/Utilities.hpp
Excluding /root/audit/PX4-Autopilot/src/lib/slew_rate/SlewRate.hpp
Excluding /root/audit/PX4-Autopilot/src/lib/slew_rate/SlewRateTest.cpp
Excluding /root/audit/PX4-Autopilot/src/lib/slew_rate/SlewRateYaw.hpp
Excluding /root/audit/PX4-Autopilot/src/lib/slew_rate/SlewRateYawTest.cpp
Excluding /root/audit/PX4-Autopilot/src/lib/stick_yaw/StickYaw.cpp
Excluding /root/audit/PX4-Autopilot/src/lib/stick_yaw/StickYaw.hpp
Excluding /root/audit/PX4-Autopilot/src/lib/sticks/Sticks.cpp
Excluding /root/audit/PX4-Autopilot/src/lib/sticks/Sticks.hpp
Excluding /root/audit/PX4-Autopilot/src/lib/system_identification/arx_rls.hpp
Excluding /root/audit/PX4-Autopilot/src/lib/system_identification/arx_rls_test.cpp
Excluding /root/audit/PX4-Autopilot/src/lib/system_identification/signal_generator.hpp
Excluding /root/audit/PX4-Autopilot/src/lib/system_identification/system_identification.cpp
Excluding /root/audit/PX4-Autopilot/src/lib/system_identification/system_identification.hpp
Excluding /root/audit/PX4-Autopilot/src/lib/system_identification/system_identification_test.cpp
Excluding /root/audit/PX4-Autopilot/src/lib/systemlib/mavlink_log.cpp
Excluding /root/audit/PX4-Autopilot/src/lib/tecs/TECS.cpp
Excluding /root/audit/PX4-Autopilot/src/lib/tecs/TECS.hpp
Excluding /root/audit/PX4-Autopilot/src/lib/timesync/Timesync.cpp
Excluding /root/audit/PX4-Autopilot/src/lib/timesync/Timesync.hpp
Excluding /root/audit/PX4-Autopilot/src/lib/tinybson/tinybson.cpp
Excluding /root/audit/PX4-Autopilot/src/lib/tunes/tunes.cpp
Excluding /root/audit/PX4-Autopilot/src/lib/tunes/tunes.h
Excluding /root/audit/PX4-Autopilot/src/lib/variable_length_ringbuffer/VariableLengthRingbuffer.cpp
Excluding /root/audit/PX4-Autopilot/src/lib/variable_length_ringbuffer/VariableLengthRingbuffer.hpp
Excluding /root/audit/PX4-Autopilot/src/lib/variable_length_ringbuffer/VariableLengthRingbufferTest.cpp
Excluding /root/audit/PX4-Autopilot/src/lib/version/version.c
Excluding /root/audit/PX4-Autopilot/src/lib/version/version.h
Excluding /root/audit/PX4-Autopilot/src/lib/weather_vane/WeatherVane.cpp
Excluding /root/audit/PX4-Autopilot/src/lib/weather_vane/WeatherVane.hpp
Excluding /root/audit/PX4-Autopilot/src/lib/wind_estimator/WindEstimator.cpp
Excluding /root/audit/PX4-Autopilot/src/lib/wind_estimator/WindEstimator.hpp
Excluding /root/audit/PX4-Autopilot/src/lib/wind_estimator/python/generated/fuse_airspeed.h
Excluding /root/audit/PX4-Autopilot/src/lib/wind_estimator/python/generated/fuse_beta.h
Excluding /root/audit/PX4-Autopilot/src/lib/wind_estimator/python/generated/init_wind_using_airspeed.h
Excluding /root/audit/PX4-Autopilot/src/lib/wind_estimator/test/test_airspeed_fusion.cpp
Excluding /root/audit/PX4-Autopilot/src/lib/world_magnetic_model/geo_mag_declination.cpp
Excluding /root/audit/PX4-Autopilot/src/lib/world_magnetic_model/test_geo_lookup.cpp
Excluding /root/audit/PX4-Autopilot/src/modules/airship_att_control/airship_att_control.hpp
Excluding /root/audit/PX4-Autopilot/src/modules/airship_att_control/airship_att_control_main.cpp
Excluding /root/audit/PX4-Autopilot/src/modules/airspeed_selector/AirspeedValidator.cpp
Excluding /root/audit/PX4-Autopilot/src/modules/airspeed_selector/AirspeedValidator.hpp
Excluding /root/audit/PX4-Autopilot/src/modules/airspeed_selector/airspeed_selector_main.cpp
Excluding /root/audit/PX4-Autopilot/src/modules/attitude_estimator_q/attitude_estimator_q_main.cpp
Excluding /root/audit/PX4-Autopilot/src/modules/camera_feedback/CameraFeedback.cpp
Excluding /root/audit/PX4-Autopilot/src/modules/camera_feedback/CameraFeedback.hpp
Excluding /root/audit/PX4-Autopilot/src/modules/commander/Arming/ArmAuthorization/ArmAuthorization.cpp
Excluding /root/audit/PX4-Autopilot/src/modules/commander/Commander.cpp
Excluding /root/audit/PX4-Autopilot/src/modules/commander/Commander.hpp
Excluding /root/audit/PX4-Autopilot/src/modules/commander/HealthAndArmingChecks/Common.cpp
Excluding /root/audit/PX4-Autopilot/src/modules/commander/HealthAndArmingChecks/Common.hpp
Excluding /root/audit/PX4-Autopilot/src/modules/commander/HealthAndArmingChecks/HealthAndArmingChecks.cpp
Excluding /root/audit/PX4-Autopilot/src/modules/commander/HealthAndArmingChecks/HealthAndArmingChecks.hpp
Excluding /root/audit/PX4-Autopilot/src/modules/commander/HealthAndArmingChecks/HealthAndArmingChecksTest.cpp
Excluding /root/audit/PX4-Autopilot/src/modules/commander/HealthAndArmingChecks/checks/accelerometerCheck.cpp
Excluding /root/audit/PX4-Autopilot/src/modules/commander/HealthAndArmingChecks/checks/accelerometerCheck.hpp
Excluding /root/audit/PX4-Autopilot/src/modules/commander/HealthAndArmingChecks/checks/airspeedCheck.cpp
Excluding /root/audit/PX4-Autopilot/src/modules/commander/HealthAndArmingChecks/checks/airspeedCheck.hpp
Excluding /root/audit/PX4-Autopilot/src/modules/commander/HealthAndArmingChecks/checks/armPermissionCheck.cpp
Excluding /root/audit/PX4-Autopilot/src/modules/commander/HealthAndArmingChecks/checks/armPermissionCheck.hpp
Excluding /root/audit/PX4-Autopilot/src/modules/commander/HealthAndArmingChecks/checks/baroCheck.cpp
Excluding /root/audit/PX4-Autopilot/src/modules/commander/HealthAndArmingChecks/checks/baroCheck.hpp
Excluding /root/audit/PX4-Autopilot/src/modules/commander/HealthAndArmingChecks/checks/batteryCheck.cpp
Excluding /root/audit/PX4-Autopilot/src/modules/commander/HealthAndArmingChecks/checks/batteryCheck.hpp
Excluding /root/audit/PX4-Autopilot/src/modules/commander/HealthAndArmingChecks/checks/cpuResourceCheck.cpp
Excluding /root/audit/PX4-Autopilot/src/modules/commander/HealthAndArmingChecks/checks/cpuResourceCheck.hpp
Excluding /root/audit/PX4-Autopilot/src/modules/commander/HealthAndArmingChecks/checks/distanceSensorChecks.cpp
Excluding /root/audit/PX4-Autopilot/src/modules/commander/HealthAndArmingChecks/checks/distanceSensorChecks.hpp
Excluding /root/audit/PX4-Autopilot/src/modules/commander/HealthAndArmingChecks/checks/escCheck.cpp
Excluding /root/audit/PX4-Autopilot/src/modules/commander/HealthAndArmingChecks/checks/escCheck.hpp
Excluding /root/audit/PX4-Autopilot/src/modules/commander/HealthAndArmingChecks/checks/estimatorCheck.cpp
Excluding /root/audit/PX4-Autopilot/src/modules/commander/HealthAndArmingChecks/checks/estimatorCheck.hpp
Excluding /root/audit/PX4-Autopilot/src/modules/commander/HealthAndArmingChecks/checks/externalChecks.cpp
Excluding /root/audit/PX4-Autopilot/src/modules/commander/HealthAndArmingChecks/checks/externalChecks.hpp
Excluding /root/audit/PX4-Autopilot/src/modules/commander/HealthAndArmingChecks/checks/failureDetectorCheck.cpp
Excluding /root/audit/PX4-Autopilot/src/modules/commander/HealthAndArmingChecks/checks/failureDetectorCheck.hpp
Excluding /root/audit/PX4-Autopilot/src/modules/commander/HealthAndArmingChecks/checks/flightTimeCheck.cpp
Excluding /root/audit/PX4-Autopilot/src/modules/commander/HealthAndArmingChecks/checks/flightTimeCheck.hpp
Excluding /root/audit/PX4-Autopilot/src/modules/commander/HealthAndArmingChecks/checks/geofenceCheck.cpp
Excluding /root/audit/PX4-Autopilot/src/modules/commander/HealthAndArmingChecks/checks/geofenceCheck.hpp
Excluding /root/audit/PX4-Autopilot/src/modules/commander/HealthAndArmingChecks/checks/gyroCheck.cpp
Excluding /root/audit/PX4-Autopilot/src/modules/commander/HealthAndArmingChecks/checks/gyroCheck.hpp
Excluding /root/audit/PX4-Autopilot/src/modules/commander/HealthAndArmingChecks/checks/homePositionCheck.cpp
Excluding /root/audit/PX4-Autopilot/src/modules/commander/HealthAndArmingChecks/checks/homePositionCheck.hpp
Excluding /root/audit/PX4-Autopilot/src/modules/commander/HealthAndArmingChecks/checks/imuConsistencyCheck.cpp
Excluding /root/audit/PX4-Autopilot/src/modules/commander/HealthAndArmingChecks/checks/imuConsistencyCheck.hpp
Excluding /root/audit/PX4-Autopilot/src/modules/commander/HealthAndArmingChecks/checks/loggerCheck.cpp
Excluding /root/audit/PX4-Autopilot/src/modules/commander/HealthAndArmingChecks/checks/loggerCheck.hpp
Excluding /root/audit/PX4-Autopilot/src/modules/commander/HealthAndArmingChecks/checks/magnetometerCheck.cpp
Excluding /root/audit/PX4-Autopilot/src/modules/commander/HealthAndArmingChecks/checks/magnetometerCheck.hpp
Excluding /root/audit/PX4-Autopilot/src/modules/commander/HealthAndArmingChecks/checks/manualControlCheck.cpp
Excluding /root/audit/PX4-Autopilot/src/modules/commander/HealthAndArmingChecks/checks/manualControlCheck.hpp
Excluding /root/audit/PX4-Autopilot/src/modules/commander/HealthAndArmingChecks/checks/missionCheck.cpp
Excluding /root/audit/PX4-Autopilot/src/modules/commander/HealthAndArmingChecks/checks/missionCheck.hpp
Excluding /root/audit/PX4-Autopilot/src/modules/commander/HealthAndArmingChecks/checks/modeCheck.cpp
Excluding /root/audit/PX4-Autopilot/src/modules/commander/HealthAndArmingChecks/checks/modeCheck.hpp
Excluding /root/audit/PX4-Autopilot/src/modules/commander/HealthAndArmingChecks/checks/navigatorCheck.cpp
Excluding /root/audit/PX4-Autopilot/src/modules/commander/HealthAndArmingChecks/checks/navigatorCheck.hpp
Excluding /root/audit/PX4-Autopilot/src/modules/commander/HealthAndArmingChecks/checks/offboardCheck.cpp
Excluding /root/audit/PX4-Autopilot/src/modules/commander/HealthAndArmingChecks/checks/offboardCheck.hpp
Excluding /root/audit/PX4-Autopilot/src/modules/commander/HealthAndArmingChecks/checks/openDroneIDCheck.cpp
Excluding /root/audit/PX4-Autopilot/src/modules/commander/HealthAndArmingChecks/checks/openDroneIDCheck.hpp
Excluding /root/audit/PX4-Autopilot/src/modules/commander/HealthAndArmingChecks/checks/opticalFlowCheck.cpp
Excluding /root/audit/PX4-Autopilot/src/modules/commander/HealthAndArmingChecks/checks/opticalFlowCheck.hpp
Excluding /root/audit/PX4-Autopilot/src/modules/commander/HealthAndArmingChecks/checks/parachuteCheck.cpp
Excluding /root/audit/PX4-Autopilot/src/modules/commander/HealthAndArmingChecks/checks/parachuteCheck.hpp
Excluding /root/audit/PX4-Autopilot/src/modules/commander/HealthAndArmingChecks/checks/powerCheck.cpp
Excluding /root/audit/PX4-Autopilot/src/modules/commander/HealthAndArmingChecks/checks/powerCheck.hpp
Excluding /root/audit/PX4-Autopilot/src/modules/commander/HealthAndArmingChecks/checks/rcAndDataLinkCheck.cpp
Excluding /root/audit/PX4-Autopilot/src/modules/commander/HealthAndArmingChecks/checks/rcAndDataLinkCheck.hpp
Excluding /root/audit/PX4-Autopilot/src/modules/commander/HealthAndArmingChecks/checks/rcCalibrationCheck.cpp
Excluding /root/audit/PX4-Autopilot/src/modules/commander/HealthAndArmingChecks/checks/rcCalibrationCheck.hpp
Excluding /root/audit/PX4-Autopilot/src/modules/commander/HealthAndArmingChecks/checks/sdcardCheck.cpp
Excluding /root/audit/PX4-Autopilot/src/modules/commander/HealthAndArmingChecks/checks/sdcardCheck.hpp
Excluding /root/audit/PX4-Autopilot/src/modules/commander/HealthAndArmingChecks/checks/systemCheck.cpp
Excluding /root/audit/PX4-Autopilot/src/modules/commander/HealthAndArmingChecks/checks/systemCheck.hpp
Excluding /root/audit/PX4-Autopilot/src/modules/commander/HealthAndArmingChecks/checks/vtolCheck.cpp
Excluding /root/audit/PX4-Autopilot/src/modules/commander/HealthAndArmingChecks/checks/vtolCheck.hpp
Excluding /root/audit/PX4-Autopilot/src/modules/commander/HealthAndArmingChecks/checks/windCheck.cpp
Excluding /root/audit/PX4-Autopilot/src/modules/commander/HealthAndArmingChecks/checks/windCheck.hpp
Excluding /root/audit/PX4-Autopilot/src/modules/commander/HomePosition.cpp
Excluding /root/audit/PX4-Autopilot/src/modules/commander/HomePosition.hpp
Excluding /root/audit/PX4-Autopilot/src/modules/commander/ModeManagement.cpp
Excluding /root/audit/PX4-Autopilot/src/modules/commander/ModeManagement.hpp
Excluding /root/audit/PX4-Autopilot/src/modules/commander/ModeManagementTest.cpp
Excluding /root/audit/PX4-Autopilot/src/modules/commander/ModeUtil/control_mode.cpp
Excluding /root/audit/PX4-Autopilot/src/modules/commander/ModeUtil/conversions.hpp
Excluding /root/audit/PX4-Autopilot/src/modules/commander/ModeUtil/mode_requirements.cpp
Excluding /root/audit/PX4-Autopilot/src/modules/commander/MulticopterThrowLaunch/MulticopterThrowLaunch.cpp
Excluding /root/audit/PX4-Autopilot/src/modules/commander/MulticopterThrowLaunch/MulticopterThrowLaunch.hpp
Excluding /root/audit/PX4-Autopilot/src/modules/commander/Safety.cpp
Excluding /root/audit/PX4-Autopilot/src/modules/commander/Safety.hpp
Excluding /root/audit/PX4-Autopilot/src/modules/commander/UserModeIntention.cpp
Excluding /root/audit/PX4-Autopilot/src/modules/commander/UserModeIntention.hpp
Excluding /root/audit/PX4-Autopilot/src/modules/commander/accelerometer_calibration.cpp
Excluding /root/audit/PX4-Autopilot/src/modules/commander/airspeed_calibration.cpp
Excluding /root/audit/PX4-Autopilot/src/modules/commander/baro_calibration.cpp
Excluding /root/audit/PX4-Autopilot/src/modules/commander/calibration_routines.cpp
Excluding /root/audit/PX4-Autopilot/src/modules/commander/commander_helper.cpp
Excluding /root/audit/PX4-Autopilot/src/modules/commander/esc_calibration.cpp
Excluding /root/audit/PX4-Autopilot/src/modules/commander/factory_calibration_storage.cpp
Excluding /root/audit/PX4-Autopilot/src/modules/commander/factory_calibration_storage.h
Excluding /root/audit/PX4-Autopilot/src/modules/commander/failsafe/failsafe.cpp
Excluding /root/audit/PX4-Autopilot/src/modules/commander/failsafe/failsafe.h
Excluding /root/audit/PX4-Autopilot/src/modules/commander/failsafe/failsafe_test.cpp
Excluding /root/audit/PX4-Autopilot/src/modules/commander/failsafe/framework.cpp
Excluding /root/audit/PX4-Autopilot/src/modules/commander/failsafe/framework.h
Excluding /root/audit/PX4-Autopilot/src/modules/commander/failure_detector/FailureDetector.hpp
Excluding /root/audit/PX4-Autopilot/src/modules/commander/failure_detector/FailureInjector.hpp
Excluding /root/audit/PX4-Autopilot/src/modules/commander/failure_detector/SqeFailureDetectorCopyFaultTest.cpp
Excluding /root/audit/PX4-Autopilot/src/modules/commander/failure_detector/SqeFailureDetectorImuTest.cpp
Excluding /root/audit/PX4-Autopilot/src/modules/commander/failure_detector/SqeFailureDetectorTest.cpp
Excluding /root/audit/PX4-Autopilot/src/modules/commander/failure_detector/SqeFailureInjectorParamFaultTest.cpp
Excluding /root/audit/PX4-Autopilot/src/modules/commander/failure_detector/SqeFailureInjectorTest.cpp
Excluding /root/audit/PX4-Autopilot/src/modules/commander/gyro_calibration.cpp
Excluding /root/audit/PX4-Autopilot/src/modules/commander/level_calibration.cpp
Excluding /root/audit/PX4-Autopilot/src/modules/commander/lm_fit.cpp
Excluding /root/audit/PX4-Autopilot/src/modules/commander/lm_fit.hpp
Excluding /root/audit/PX4-Autopilot/src/modules/commander/mag_calibration.cpp
Excluding /root/audit/PX4-Autopilot/src/modules/commander/mag_calibration_test.cpp
Excluding /root/audit/PX4-Autopilot/src/modules/commander/px4_custom_mode.h
Excluding /root/audit/PX4-Autopilot/src/modules/commander/rc_calibration.cpp
Excluding /root/audit/PX4-Autopilot/src/modules/commander/worker_thread.cpp
Excluding /root/audit/PX4-Autopilot/src/modules/commander/worker_thread.hpp
Excluding /root/audit/PX4-Autopilot/src/modules/control_allocator/ControlAllocator.cpp
Excluding /root/audit/PX4-Autopilot/src/modules/control_allocator/ControlAllocator.hpp
Excluding /root/audit/PX4-Autopilot/src/modules/control_allocator/VehicleActuatorEffectiveness/ActuatorEffectivenessControlSurfaces.cpp
Excluding /root/audit/PX4-Autopilot/src/modules/control_allocator/VehicleActuatorEffectiveness/ActuatorEffectivenessControlSurfaces.hpp
Excluding /root/audit/PX4-Autopilot/src/modules/control_allocator/VehicleActuatorEffectiveness/ActuatorEffectivenessCustom.cpp
Excluding /root/audit/PX4-Autopilot/src/modules/control_allocator/VehicleActuatorEffectiveness/ActuatorEffectivenessCustom.hpp
Excluding /root/audit/PX4-Autopilot/src/modules/control_allocator/VehicleActuatorEffectiveness/ActuatorEffectivenessFixedWing.cpp
Excluding /root/audit/PX4-Autopilot/src/modules/control_allocator/VehicleActuatorEffectiveness/ActuatorEffectivenessFixedWing.hpp
Excluding /root/audit/PX4-Autopilot/src/modules/control_allocator/VehicleActuatorEffectiveness/ActuatorEffectivenessHelicopter.cpp
Excluding /root/audit/PX4-Autopilot/src/modules/control_allocator/VehicleActuatorEffectiveness/ActuatorEffectivenessHelicopter.hpp
Excluding /root/audit/PX4-Autopilot/src/modules/control_allocator/VehicleActuatorEffectiveness/ActuatorEffectivenessHelicopterCoaxial.cpp
Excluding /root/audit/PX4-Autopilot/src/modules/control_allocator/VehicleActuatorEffectiveness/ActuatorEffectivenessHelicopterCoaxial.hpp
Excluding /root/audit/PX4-Autopilot/src/modules/control_allocator/VehicleActuatorEffectiveness/ActuatorEffectivenessHelicopterTest.cpp
Excluding /root/audit/PX4-Autopilot/src/modules/control_allocator/VehicleActuatorEffectiveness/ActuatorEffectivenessMCTilt.cpp
Excluding /root/audit/PX4-Autopilot/src/modules/control_allocator/VehicleActuatorEffectiveness/ActuatorEffectivenessMCTilt.hpp
Excluding /root/audit/PX4-Autopilot/src/modules/control_allocator/VehicleActuatorEffectiveness/ActuatorEffectivenessMultirotor.cpp
Excluding /root/audit/PX4-Autopilot/src/modules/control_allocator/VehicleActuatorEffectiveness/ActuatorEffectivenessMultirotor.hpp
Excluding /root/audit/PX4-Autopilot/src/modules/control_allocator/VehicleActuatorEffectiveness/ActuatorEffectivenessRotors.cpp
Excluding /root/audit/PX4-Autopilot/src/modules/control_allocator/VehicleActuatorEffectiveness/ActuatorEffectivenessRotors.hpp
Excluding /root/audit/PX4-Autopilot/src/modules/control_allocator/VehicleActuatorEffectiveness/ActuatorEffectivenessRotorsTest.cpp
Excluding /root/audit/PX4-Autopilot/src/modules/control_allocator/VehicleActuatorEffectiveness/ActuatorEffectivenessRoverAckermann.cpp
Excluding /root/audit/PX4-Autopilot/src/modules/control_allocator/VehicleActuatorEffectiveness/ActuatorEffectivenessRoverAckermann.hpp
Excluding /root/audit/PX4-Autopilot/src/modules/control_allocator/VehicleActuatorEffectiveness/ActuatorEffectivenessSpacecraft.cpp
Excluding /root/audit/PX4-Autopilot/src/modules/control_allocator/VehicleActuatorEffectiveness/ActuatorEffectivenessSpacecraft.hpp
Excluding /root/audit/PX4-Autopilot/src/modules/control_allocator/VehicleActuatorEffectiveness/ActuatorEffectivenessStandardVTOL.cpp
Excluding /root/audit/PX4-Autopilot/src/modules/control_allocator/VehicleActuatorEffectiveness/ActuatorEffectivenessStandardVTOL.hpp
Excluding /root/audit/PX4-Autopilot/src/modules/control_allocator/VehicleActuatorEffectiveness/ActuatorEffectivenessTailsitterVTOL.cpp
Excluding /root/audit/PX4-Autopilot/src/modules/control_allocator/VehicleActuatorEffectiveness/ActuatorEffectivenessTailsitterVTOL.hpp
Excluding /root/audit/PX4-Autopilot/src/modules/control_allocator/VehicleActuatorEffectiveness/ActuatorEffectivenessTiltrotorVTOL.cpp
Excluding /root/audit/PX4-Autopilot/src/modules/control_allocator/VehicleActuatorEffectiveness/ActuatorEffectivenessTiltrotorVTOL.hpp
Excluding /root/audit/PX4-Autopilot/src/modules/control_allocator/VehicleActuatorEffectiveness/ActuatorEffectivenessTilts.cpp
Excluding /root/audit/PX4-Autopilot/src/modules/control_allocator/VehicleActuatorEffectiveness/ActuatorEffectivenessTilts.hpp
Excluding /root/audit/PX4-Autopilot/src/modules/control_allocator/VehicleActuatorEffectiveness/ActuatorEffectivenessUUV.cpp
Excluding /root/audit/PX4-Autopilot/src/modules/control_allocator/VehicleActuatorEffectiveness/ActuatorEffectivenessUUV.hpp
Excluding /root/audit/PX4-Autopilot/src/modules/dataman/dataman.cpp
Excluding /root/audit/PX4-Autopilot/src/modules/ekf2/EKF/RingBuffer.h
Excluding /root/audit/PX4-Autopilot/src/modules/ekf2/EKF/aid_sources/EstimatorAidSource.hpp
Excluding /root/audit/PX4-Autopilot/src/modules/ekf2/EKF/aid_sources/ZeroGyroUpdate.cpp
Excluding /root/audit/PX4-Autopilot/src/modules/ekf2/EKF/aid_sources/ZeroGyroUpdate.hpp
Excluding /root/audit/PX4-Autopilot/src/modules/ekf2/EKF/aid_sources/ZeroVelocityUpdate.cpp
Excluding /root/audit/PX4-Autopilot/src/modules/ekf2/EKF/aid_sources/ZeroVelocityUpdate.hpp
Excluding /root/audit/PX4-Autopilot/src/modules/ekf2/EKF/aid_sources/airspeed/airspeed_fusion.cpp
Excluding /root/audit/PX4-Autopilot/src/modules/ekf2/EKF/aid_sources/aux_global_position/aux_global_position.cpp
Excluding /root/audit/PX4-Autopilot/src/modules/ekf2/EKF/aid_sources/aux_global_position/aux_global_position.hpp
Excluding /root/audit/PX4-Autopilot/src/modules/ekf2/EKF/aid_sources/auxvel/auxvel_fusion.cpp
Excluding /root/audit/PX4-Autopilot/src/modules/ekf2/EKF/aid_sources/barometer/baro_height_control.cpp
Excluding /root/audit/PX4-Autopilot/src/modules/ekf2/EKF/aid_sources/drag/drag_fusion.cpp
Excluding /root/audit/PX4-Autopilot/src/modules/ekf2/EKF/aid_sources/external_vision/ev_control.cpp
Excluding /root/audit/PX4-Autopilot/src/modules/ekf2/EKF/aid_sources/external_vision/ev_height_control.cpp
Excluding /root/audit/PX4-Autopilot/src/modules/ekf2/EKF/aid_sources/external_vision/ev_pos_control.cpp
Excluding /root/audit/PX4-Autopilot/src/modules/ekf2/EKF/aid_sources/external_vision/ev_vel.h
Excluding /root/audit/PX4-Autopilot/src/modules/ekf2/EKF/aid_sources/external_vision/ev_vel_control.cpp
Excluding /root/audit/PX4-Autopilot/src/modules/ekf2/EKF/aid_sources/external_vision/ev_yaw_control.cpp
Excluding /root/audit/PX4-Autopilot/src/modules/ekf2/EKF/aid_sources/fake_height_control.cpp
Excluding /root/audit/PX4-Autopilot/src/modules/ekf2/EKF/aid_sources/fake_pos_control.cpp
Excluding /root/audit/PX4-Autopilot/src/modules/ekf2/EKF/aid_sources/gnss/gnss_checks.cpp
Excluding /root/audit/PX4-Autopilot/src/modules/ekf2/EKF/aid_sources/gnss/gnss_checks.hpp
Excluding /root/audit/PX4-Autopilot/src/modules/ekf2/EKF/aid_sources/gnss/gnss_height_control.cpp
Excluding /root/audit/PX4-Autopilot/src/modules/ekf2/EKF/aid_sources/gnss/gnss_yaw_control.cpp
Excluding /root/audit/PX4-Autopilot/src/modules/ekf2/EKF/aid_sources/gnss/gps_control.cpp
Excluding /root/audit/PX4-Autopilot/src/modules/ekf2/EKF/aid_sources/gravity/gravity_fusion.cpp
Excluding /root/audit/PX4-Autopilot/src/modules/ekf2/EKF/aid_sources/magnetometer/mag_control.cpp
Excluding /root/audit/PX4-Autopilot/src/modules/ekf2/EKF/aid_sources/magnetometer/mag_fusion.cpp
Excluding /root/audit/PX4-Autopilot/src/modules/ekf2/EKF/aid_sources/optical_flow/optical_flow_control.cpp
Excluding /root/audit/PX4-Autopilot/src/modules/ekf2/EKF/aid_sources/optical_flow/optical_flow_fusion.cpp
Excluding /root/audit/PX4-Autopilot/src/modules/ekf2/EKF/aid_sources/range_finder/range_finder_consistency_check.cpp
Excluding /root/audit/PX4-Autopilot/src/modules/ekf2/EKF/aid_sources/range_finder/range_finder_consistency_check.hpp
Excluding /root/audit/PX4-Autopilot/src/modules/ekf2/EKF/aid_sources/range_finder/range_height_control.cpp
Excluding /root/audit/PX4-Autopilot/src/modules/ekf2/EKF/aid_sources/range_finder/range_height_fusion.cpp
Excluding /root/audit/PX4-Autopilot/src/modules/ekf2/EKF/aid_sources/range_finder/sensor_range_finder.cpp
Excluding /root/audit/PX4-Autopilot/src/modules/ekf2/EKF/aid_sources/range_finder/sensor_range_finder.hpp
Excluding /root/audit/PX4-Autopilot/src/modules/ekf2/EKF/aid_sources/sideslip/sideslip_fusion.cpp
Excluding /root/audit/PX4-Autopilot/src/modules/ekf2/EKF/aid_sources/zero_innovation_heading_update.cpp
Excluding /root/audit/PX4-Autopilot/src/modules/ekf2/EKF/bias_estimator/bias_estimator.cpp
Excluding /root/audit/PX4-Autopilot/src/modules/ekf2/EKF/bias_estimator/bias_estimator.hpp
Excluding /root/audit/PX4-Autopilot/src/modules/ekf2/EKF/bias_estimator/height_bias_estimator.hpp
Excluding /root/audit/PX4-Autopilot/src/modules/ekf2/EKF/bias_estimator/position_bias_estimator.hpp
Excluding /root/audit/PX4-Autopilot/src/modules/ekf2/EKF/common.h
Excluding /root/audit/PX4-Autopilot/src/modules/ekf2/EKF/control.cpp
Excluding /root/audit/PX4-Autopilot/src/modules/ekf2/EKF/covariance.cpp
Excluding /root/audit/PX4-Autopilot/src/modules/ekf2/EKF/ekf.cpp
Excluding /root/audit/PX4-Autopilot/src/modules/ekf2/EKF/ekf.h
Excluding /root/audit/PX4-Autopilot/src/modules/ekf2/EKF/ekf_helper.cpp
Excluding /root/audit/PX4-Autopilot/src/modules/ekf2/EKF/estimator_interface.cpp
Excluding /root/audit/PX4-Autopilot/src/modules/ekf2/EKF/estimator_interface.h
Excluding /root/audit/PX4-Autopilot/src/modules/ekf2/EKF/height_control.cpp
Excluding /root/audit/PX4-Autopilot/src/modules/ekf2/EKF/imu_down_sampler/imu_down_sampler.cpp
Excluding /root/audit/PX4-Autopilot/src/modules/ekf2/EKF/imu_down_sampler/imu_down_sampler.hpp
Excluding /root/audit/PX4-Autopilot/src/modules/ekf2/EKF/output_predictor/output_predictor.cpp
Excluding /root/audit/PX4-Autopilot/src/modules/ekf2/EKF/output_predictor/output_predictor.h
Excluding /root/audit/PX4-Autopilot/src/modules/ekf2/EKF/position_fusion.cpp
Excluding /root/audit/PX4-Autopilot/src/modules/ekf2/EKF/python/ekf_derivation/generated/compute_airspeed_h.h
Excluding /root/audit/PX4-Autopilot/src/modules/ekf2/EKF/python/ekf_derivation/generated/compute_airspeed_innov_and_innov_var.h
Excluding /root/audit/PX4-Autopilot/src/modules/ekf2/EKF/python/ekf_derivation/generated/compute_body_vel_innov_var_h.h
Excluding /root/audit/PX4-Autopilot/src/modules/ekf2/EKF/python/ekf_derivation/generated/compute_body_vel_y_innov_var.h
Excluding /root/audit/PX4-Autopilot/src/modules/ekf2/EKF/python/ekf_derivation/generated/compute_body_vel_z_innov_var.h
Excluding /root/audit/PX4-Autopilot/src/modules/ekf2/EKF/python/ekf_derivation/generated/compute_drag_x_innov_var_and_h.h
Excluding /root/audit/PX4-Autopilot/src/modules/ekf2/EKF/python/ekf_derivation/generated/compute_drag_y_innov_var_and_h.h
Excluding /root/audit/PX4-Autopilot/src/modules/ekf2/EKF/python/ekf_derivation/generated/compute_flow_xy_innov_var_and_hx.h
Excluding /root/audit/PX4-Autopilot/src/modules/ekf2/EKF/python/ekf_derivation/generated/compute_flow_y_innov_var_and_h.h
Excluding /root/audit/PX4-Autopilot/src/modules/ekf2/EKF/python/ekf_derivation/generated/compute_gnss_yaw_pred_innov_var_and_h.h
Excluding /root/audit/PX4-Autopilot/src/modules/ekf2/EKF/python/ekf_derivation/generated/compute_gravity_xyz_innov_var_and_hx.h
Excluding /root/audit/PX4-Autopilot/src/modules/ekf2/EKF/python/ekf_derivation/generated/compute_gravity_y_innov_var_and_h.h
Excluding /root/audit/PX4-Autopilot/src/modules/ekf2/EKF/python/ekf_derivation/generated/compute_gravity_z_innov_var_and_h.h
Excluding /root/audit/PX4-Autopilot/src/modules/ekf2/EKF/python/ekf_derivation/generated/compute_hagl_h.h
Excluding /root/audit/PX4-Autopilot/src/modules/ekf2/EKF/python/ekf_derivation/generated/compute_hagl_innov_var.h
Excluding /root/audit/PX4-Autopilot/src/modules/ekf2/EKF/python/ekf_derivation/generated/compute_mag_declination_pred_innov_var_and_h.h
Excluding /root/audit/PX4-Autopilot/src/modules/ekf2/EKF/python/ekf_derivation/generated/compute_mag_innov_innov_var_and_hx.h
Excluding /root/audit/PX4-Autopilot/src/modules/ekf2/EKF/python/ekf_derivation/generated/compute_mag_y_innov_var_and_h.h
Excluding /root/audit/PX4-Autopilot/src/modules/ekf2/EKF/python/ekf_derivation/generated/compute_mag_z_innov_var_and_h.h
Excluding /root/audit/PX4-Autopilot/src/modules/ekf2/EKF/python/ekf_derivation/generated/compute_sideslip_h.h
Excluding /root/audit/PX4-Autopilot/src/modules/ekf2/EKF/python/ekf_derivation/generated/compute_sideslip_innov_and_innov_var.h
Excluding /root/audit/PX4-Autopilot/src/modules/ekf2/EKF/python/ekf_derivation/generated/compute_wind_init_and_cov_from_airspeed.h
Excluding /root/audit/PX4-Autopilot/src/modules/ekf2/EKF/python/ekf_derivation/generated/compute_wind_init_and_cov_from_wind_speed_and_direction.h
Excluding /root/audit/PX4-Autopilot/src/modules/ekf2/EKF/python/ekf_derivation/generated/compute_yaw_innov_var_and_h.h
Excluding /root/audit/PX4-Autopilot/src/modules/ekf2/EKF/python/ekf_derivation/generated/predict_covariance.h
Excluding /root/audit/PX4-Autopilot/src/modules/ekf2/EKF/python/ekf_derivation/generated/state.h
Excluding /root/audit/PX4-Autopilot/src/modules/ekf2/EKF/terrain_control.cpp
Excluding /root/audit/PX4-Autopilot/src/modules/ekf2/EKF/velocity_fusion.cpp
Excluding /root/audit/PX4-Autopilot/src/modules/ekf2/EKF/wind.cpp
Excluding /root/audit/PX4-Autopilot/src/modules/ekf2/EKF/yaw_estimator/EKFGSF_yaw.cpp
Excluding /root/audit/PX4-Autopilot/src/modules/ekf2/EKF/yaw_estimator/EKFGSF_yaw.h
Excluding /root/audit/PX4-Autopilot/src/modules/ekf2/EKF/yaw_estimator/derivation/generated/yaw_est_compute_measurement_update.h
Excluding /root/audit/PX4-Autopilot/src/modules/ekf2/EKF/yaw_estimator/derivation/generated/yaw_est_predict_covariance.h
Excluding /root/audit/PX4-Autopilot/src/modules/ekf2/EKF/yaw_fusion.cpp
Excluding /root/audit/PX4-Autopilot/src/modules/ekf2/EKF2.cpp
Excluding /root/audit/PX4-Autopilot/src/modules/ekf2/EKF2.hpp
Excluding /root/audit/PX4-Autopilot/src/modules/ekf2/EKF2Selector.cpp
Excluding /root/audit/PX4-Autopilot/src/modules/ekf2/EKF2Selector.hpp
Excluding /root/audit/PX4-Autopilot/src/modules/ekf2/test/sensor_simulator/airspeed.cpp
Excluding /root/audit/PX4-Autopilot/src/modules/ekf2/test/sensor_simulator/baro.cpp
Excluding /root/audit/PX4-Autopilot/src/modules/ekf2/test/sensor_simulator/baro.h
Excluding /root/audit/PX4-Autopilot/src/modules/ekf2/test/sensor_simulator/ekf_logger.cpp
Excluding /root/audit/PX4-Autopilot/src/modules/ekf2/test/sensor_simulator/ekf_logger.h
Excluding /root/audit/PX4-Autopilot/src/modules/ekf2/test/sensor_simulator/ekf_wrapper.cpp
Excluding /root/audit/PX4-Autopilot/src/modules/ekf2/test/sensor_simulator/flow.cpp
Excluding /root/audit/PX4-Autopilot/src/modules/ekf2/test/sensor_simulator/gps.cpp
Excluding /root/audit/PX4-Autopilot/src/modules/ekf2/test/sensor_simulator/gps.h
Excluding /root/audit/PX4-Autopilot/src/modules/ekf2/test/sensor_simulator/imu.cpp
Excluding /root/audit/PX4-Autopilot/src/modules/ekf2/test/sensor_simulator/imu.h
Excluding /root/audit/PX4-Autopilot/src/modules/ekf2/test/sensor_simulator/mag.cpp
Excluding /root/audit/PX4-Autopilot/src/modules/ekf2/test/sensor_simulator/range_finder.cpp
Excluding /root/audit/PX4-Autopilot/src/modules/ekf2/test/sensor_simulator/sensor.cpp
Excluding /root/audit/PX4-Autopilot/src/modules/ekf2/test/sensor_simulator/sensor.h
Excluding /root/audit/PX4-Autopilot/src/modules/ekf2/test/sensor_simulator/sensor_simulator.cpp
Excluding /root/audit/PX4-Autopilot/src/modules/ekf2/test/sensor_simulator/sensor_simulator.h
Excluding /root/audit/PX4-Autopilot/src/modules/ekf2/test/sensor_simulator/vio.cpp
Excluding /root/audit/PX4-Autopilot/src/modules/ekf2/test/test_EKF_accelerometer.cpp
Excluding /root/audit/PX4-Autopilot/src/modules/ekf2/test/test_EKF_airspeed.cpp
Excluding /root/audit/PX4-Autopilot/src/modules/ekf2/test/test_EKF_basics.cpp
Excluding /root/audit/PX4-Autopilot/src/modules/ekf2/test/test_EKF_drag_fusion.cpp
Excluding /root/audit/PX4-Autopilot/src/modules/ekf2/test/test_EKF_externalVision.cpp
Excluding /root/audit/PX4-Autopilot/src/modules/ekf2/test/test_EKF_fake_pos.cpp
Excluding /root/audit/PX4-Autopilot/src/modules/ekf2/test/test_EKF_flow.cpp
Excluding /root/audit/PX4-Autopilot/src/modules/ekf2/test/test_EKF_flow_generated.cpp
Excluding /root/audit/PX4-Autopilot/src/modules/ekf2/test/test_EKF_fusionLogic.cpp
Excluding /root/audit/PX4-Autopilot/src/modules/ekf2/test/test_EKF_gnss_yaw.cpp
Excluding /root/audit/PX4-Autopilot/src/modules/ekf2/test/test_EKF_gnss_yaw_generated.cpp
Excluding /root/audit/PX4-Autopilot/src/modules/ekf2/test/test_EKF_gps.cpp
Excluding /root/audit/PX4-Autopilot/src/modules/ekf2/test/test_EKF_grounded.cpp
Excluding /root/audit/PX4-Autopilot/src/modules/ekf2/test/test_EKF_gyroscope.cpp
Excluding /root/audit/PX4-Autopilot/src/modules/ekf2/test/test_EKF_height_fusion.cpp
Excluding /root/audit/PX4-Autopilot/src/modules/ekf2/test/test_EKF_imuSampling.cpp
Excluding /root/audit/PX4-Autopilot/src/modules/ekf2/test/test_EKF_initialization.cpp
Excluding /root/audit/PX4-Autopilot/src/modules/ekf2/test/test_EKF_mag.cpp
Excluding /root/audit/PX4-Autopilot/src/modules/ekf2/test/test_EKF_mag_declination_generated.cpp
Excluding /root/audit/PX4-Autopilot/src/modules/ekf2/test/test_EKF_measurementSampling.cpp
Excluding /root/audit/PX4-Autopilot/src/modules/ekf2/test/test_EKF_ringbuffer.cpp
Excluding /root/audit/PX4-Autopilot/src/modules/ekf2/test/test_EKF_terrain.cpp
Excluding /root/audit/PX4-Autopilot/src/modules/ekf2/test/test_EKF_utils.cpp
Excluding /root/audit/PX4-Autopilot/src/modules/ekf2/test/test_EKF_withReplayData.cpp
Excluding /root/audit/PX4-Autopilot/src/modules/ekf2/test/test_EKF_yaw_estimator.cpp
Excluding /root/audit/PX4-Autopilot/src/modules/ekf2/test/test_EKF_yaw_fusion_generated.cpp
Excluding /root/audit/PX4-Autopilot/src/modules/ekf2/test/test_SensorRangeFinder.cpp
Excluding /root/audit/PX4-Autopilot/src/modules/ekf2/test/test_helper/comparison_helper.cpp
Excluding /root/audit/PX4-Autopilot/src/modules/ekf2/test/test_helper/reset_logging_checker.cpp
Excluding /root/audit/PX4-Autopilot/src/modules/ekf2/test/test_helper/reset_logging_checker.h
Excluding /root/audit/PX4-Autopilot/src/modules/events/rc_loss_alarm.cpp
Excluding /root/audit/PX4-Autopilot/src/modules/events/rc_loss_alarm.h
Excluding /root/audit/PX4-Autopilot/src/modules/events/send_event.cpp
Excluding /root/audit/PX4-Autopilot/src/modules/events/send_event.h
Excluding /root/audit/PX4-Autopilot/src/modules/events/set_leds.cpp
Excluding /root/audit/PX4-Autopilot/src/modules/events/status_display.cpp
Excluding /root/audit/PX4-Autopilot/src/modules/events/status_display.h
Excluding /root/audit/PX4-Autopilot/src/modules/flight_mode_manager/FlightModeManager.cpp
Excluding /root/audit/PX4-Autopilot/src/modules/flight_mode_manager/FlightModeManager.hpp
Excluding /root/audit/PX4-Autopilot/src/modules/flight_mode_manager/tasks/AltitudeCruise/FlightTaskAltitudeCruise.cpp
Excluding /root/audit/PX4-Autopilot/src/modules/flight_mode_manager/tasks/AltitudeCruise/FlightTaskAltitudeCruise.hpp
Excluding /root/audit/PX4-Autopilot/src/modules/flight_mode_manager/tasks/Auto/FlightTaskAuto.cpp
Excluding /root/audit/PX4-Autopilot/src/modules/flight_mode_manager/tasks/Auto/FlightTaskAuto.hpp
Excluding /root/audit/PX4-Autopilot/src/modules/flight_mode_manager/tasks/AutoFollowTarget/FlightTaskAutoFollowTarget.cpp
Excluding /root/audit/PX4-Autopilot/src/modules/flight_mode_manager/tasks/AutoFollowTarget/FlightTaskAutoFollowTarget.hpp
Excluding /root/audit/PX4-Autopilot/src/modules/flight_mode_manager/tasks/AutoFollowTarget/follow_target_estimator/TargetEstimator.cpp
Excluding /root/audit/PX4-Autopilot/src/modules/flight_mode_manager/tasks/AutoFollowTarget/follow_target_estimator/TargetEstimator.hpp
Excluding /root/audit/PX4-Autopilot/src/modules/flight_mode_manager/tasks/Descend/FlightTaskDescend.cpp
Excluding /root/audit/PX4-Autopilot/src/modules/flight_mode_manager/tasks/Descend/FlightTaskDescend.hpp
Excluding /root/audit/PX4-Autopilot/src/modules/flight_mode_manager/tasks/Failsafe/FlightTaskFailsafe.cpp
Excluding /root/audit/PX4-Autopilot/src/modules/flight_mode_manager/tasks/Failsafe/FlightTaskFailsafe.hpp
Excluding /root/audit/PX4-Autopilot/src/modules/flight_mode_manager/tasks/FlightTask/FlightTask.cpp
Excluding /root/audit/PX4-Autopilot/src/modules/flight_mode_manager/tasks/FlightTask/FlightTask.hpp
Excluding /root/audit/PX4-Autopilot/src/modules/flight_mode_manager/tasks/ManualAcceleration/FlightTaskManualAcceleration.cpp
Excluding /root/audit/PX4-Autopilot/src/modules/flight_mode_manager/tasks/ManualAcceleration/FlightTaskManualAcceleration.hpp
Excluding /root/audit/PX4-Autopilot/src/modules/flight_mode_manager/tasks/ManualAccelerationSlow/FlightTaskManualAccelerationSlow.cpp
Excluding /root/audit/PX4-Autopilot/src/modules/flight_mode_manager/tasks/ManualAccelerationSlow/FlightTaskManualAccelerationSlow.hpp
Excluding /root/audit/PX4-Autopilot/src/modules/flight_mode_manager/tasks/ManualAltitude/FlightTaskManualAltitude.cpp
Excluding /root/audit/PX4-Autopilot/src/modules/flight_mode_manager/tasks/ManualAltitude/FlightTaskManualAltitude.hpp
Excluding /root/audit/PX4-Autopilot/src/modules/flight_mode_manager/tasks/ManualAltitudeSmoothVel/FlightTaskManualAltitudeSmoothVel.cpp
Excluding /root/audit/PX4-Autopilot/src/modules/flight_mode_manager/tasks/ManualAltitudeSmoothVel/FlightTaskManualAltitudeSmoothVel.hpp
Excluding /root/audit/PX4-Autopilot/src/modules/flight_mode_manager/tasks/ManualPosition/FlightTaskManualPosition.cpp
Excluding /root/audit/PX4-Autopilot/src/modules/flight_mode_manager/tasks/ManualPosition/FlightTaskManualPosition.hpp
Excluding /root/audit/PX4-Autopilot/src/modules/flight_mode_manager/tasks/Orbit/FlightTaskOrbit.cpp
Excluding /root/audit/PX4-Autopilot/src/modules/flight_mode_manager/tasks/Orbit/FlightTaskOrbit.hpp
Excluding /root/audit/PX4-Autopilot/src/modules/flight_mode_manager/tasks/Transition/FlightTaskTransition.cpp
Excluding /root/audit/PX4-Autopilot/src/modules/flight_mode_manager/tasks/Transition/FlightTaskTransition.hpp
Excluding /root/audit/PX4-Autopilot/src/modules/flight_mode_manager/tasks/Utility/Gimbal.cpp
Excluding /root/audit/PX4-Autopilot/src/modules/flight_mode_manager/tasks/Utility/Gimbal.hpp
Excluding /root/audit/PX4-Autopilot/src/modules/flight_mode_manager/tasks/Utility/StickAccelerationXY.cpp
Excluding /root/audit/PX4-Autopilot/src/modules/flight_mode_manager/tasks/Utility/StickAccelerationXY.hpp
Excluding /root/audit/PX4-Autopilot/src/modules/flight_mode_manager/tasks/Utility/StickTiltXY.cpp
Excluding /root/audit/PX4-Autopilot/src/modules/flight_mode_manager/tasks/Utility/StickTiltXY.hpp
Excluding /root/audit/PX4-Autopilot/src/modules/flight_mode_manager/tasks/Utility/StickTiltXYTest.cpp
Excluding /root/audit/PX4-Autopilot/src/modules/fw_att_control/FixedwingAttitudeControl.cpp
Excluding /root/audit/PX4-Autopilot/src/modules/fw_att_control/FixedwingAttitudeControl.hpp
Excluding /root/audit/PX4-Autopilot/src/modules/fw_att_control/fw_pitch_controller.cpp
Excluding /root/audit/PX4-Autopilot/src/modules/fw_att_control/fw_pitch_controller.h
Excluding /root/audit/PX4-Autopilot/src/modules/fw_att_control/fw_roll_controller.cpp
Excluding /root/audit/PX4-Autopilot/src/modules/fw_att_control/fw_roll_controller.h
Excluding /root/audit/PX4-Autopilot/src/modules/fw_att_control/fw_wheel_controller.cpp
Excluding /root/audit/PX4-Autopilot/src/modules/fw_att_control/fw_wheel_controller.h
Excluding /root/audit/PX4-Autopilot/src/modules/fw_att_control/fw_yaw_controller.cpp
Excluding /root/audit/PX4-Autopilot/src/modules/fw_att_control/fw_yaw_controller.h
Excluding /root/audit/PX4-Autopilot/src/modules/fw_autotune_attitude_control/fw_autotune_attitude_control.cpp
Excluding /root/audit/PX4-Autopilot/src/modules/fw_autotune_attitude_control/fw_autotune_attitude_control.hpp
Excluding /root/audit/PX4-Autopilot/src/modules/fw_lateral_longitudinal_control/FwLateralLongitudinalControl.cpp
Excluding /root/audit/PX4-Autopilot/src/modules/fw_lateral_longitudinal_control/FwLateralLongitudinalControl.hpp
Excluding /root/audit/PX4-Autopilot/src/modules/fw_mode_manager/ControllerConfigurationHandler.cpp
Excluding /root/audit/PX4-Autopilot/src/modules/fw_mode_manager/ControllerConfigurationHandler.hpp
Excluding /root/audit/PX4-Autopilot/src/modules/fw_mode_manager/FixedWingModeManager.cpp
Excluding /root/audit/PX4-Autopilot/src/modules/fw_mode_manager/FixedWingModeManager.hpp
Excluding /root/audit/PX4-Autopilot/src/modules/fw_mode_manager/figure_eight/FigureEight.cpp
Excluding /root/audit/PX4-Autopilot/src/modules/fw_mode_manager/figure_eight/FigureEight.hpp
Excluding /root/audit/PX4-Autopilot/src/modules/fw_mode_manager/launchdetection/LaunchDetector.cpp
Excluding /root/audit/PX4-Autopilot/src/modules/fw_mode_manager/launchdetection/LaunchDetector.h
Excluding /root/audit/PX4-Autopilot/src/modules/fw_mode_manager/runway_takeoff/RunwayTakeoff.cpp
Excluding /root/audit/PX4-Autopilot/src/modules/fw_mode_manager/runway_takeoff/RunwayTakeoff.h
Excluding /root/audit/PX4-Autopilot/src/modules/fw_rate_control/FixedwingRateControl.cpp
Excluding /root/audit/PX4-Autopilot/src/modules/fw_rate_control/FixedwingRateControl.hpp
Excluding /root/audit/PX4-Autopilot/src/modules/gimbal/gimbal.cpp
Excluding /root/audit/PX4-Autopilot/src/modules/gimbal/input.cpp
Excluding /root/audit/PX4-Autopilot/src/modules/gimbal/input.h
Excluding /root/audit/PX4-Autopilot/src/modules/gimbal/input_mavlink.cpp
Excluding /root/audit/PX4-Autopilot/src/modules/gimbal/input_rc.cpp
Excluding /root/audit/PX4-Autopilot/src/modules/gimbal/input_test.cpp
Excluding /root/audit/PX4-Autopilot/src/modules/gimbal/input_test.h
Excluding /root/audit/PX4-Autopilot/src/modules/gimbal/output.cpp
Excluding /root/audit/PX4-Autopilot/src/modules/gimbal/output.h
Excluding /root/audit/PX4-Autopilot/src/modules/gimbal/output_mavlink.cpp
Excluding /root/audit/PX4-Autopilot/src/modules/gimbal/output_mavlink.h
Excluding /root/audit/PX4-Autopilot/src/modules/gimbal/output_rc.cpp
Excluding /root/audit/PX4-Autopilot/src/modules/gimbal/output_rc.h
Excluding /root/audit/PX4-Autopilot/src/modules/gyro_calibration/GyroCalibration.cpp
Excluding /root/audit/PX4-Autopilot/src/modules/gyro_calibration/GyroCalibration.hpp
Excluding /root/audit/PX4-Autopilot/src/modules/gyro_fft/CMSIS_5/CMSIS/Core/Include/cmsis_gcc.h
Excluding /root/audit/PX4-Autopilot/src/modules/gyro_fft/CMSIS_5/CMSIS/DSP/Source/BasicMathFunctions/arm_mult_q15.c
Excluding /root/audit/PX4-Autopilot/src/modules/gyro_fft/CMSIS_5/CMSIS/DSP/Source/SupportFunctions/arm_float_to_q15.c
Excluding /root/audit/PX4-Autopilot/src/modules/gyro_fft/CMSIS_5/CMSIS/DSP/Source/TransformFunctions/arm_bitreversal2.c
Excluding /root/audit/PX4-Autopilot/src/modules/gyro_fft/CMSIS_5/CMSIS/DSP/Source/TransformFunctions/arm_cfft_q15.c
Excluding /root/audit/PX4-Autopilot/src/modules/gyro_fft/CMSIS_5/CMSIS/DSP/Source/TransformFunctions/arm_cfft_radix4_q15.c
Excluding /root/audit/PX4-Autopilot/src/modules/gyro_fft/CMSIS_5/CMSIS/DSP/Source/TransformFunctions/arm_rfft_q15.c
Excluding /root/audit/PX4-Autopilot/src/modules/gyro_fft/GyroFFT.cpp
Excluding /root/audit/PX4-Autopilot/src/modules/gyro_fft/GyroFFT.hpp
Excluding /root/audit/PX4-Autopilot/src/modules/land_detector/AirshipLandDetector.cpp
Excluding /root/audit/PX4-Autopilot/src/modules/land_detector/AirshipLandDetector.h
Excluding /root/audit/PX4-Autopilot/src/modules/land_detector/FixedwingLandDetector.cpp
Excluding /root/audit/PX4-Autopilot/src/modules/land_detector/FixedwingLandDetector.h
Excluding /root/audit/PX4-Autopilot/src/modules/land_detector/LandDetector.h
Excluding /root/audit/PX4-Autopilot/src/modules/land_detector/MulticopterLandDetector.h
Excluding /root/audit/PX4-Autopilot/src/modules/land_detector/RoverLandDetector.cpp
Excluding /root/audit/PX4-Autopilot/src/modules/land_detector/RoverLandDetector.h
Excluding /root/audit/PX4-Autopilot/src/modules/land_detector/SqeLandDetectorBootTest.cpp
Excluding /root/audit/PX4-Autopilot/src/modules/land_detector/SqeLandDetectorRunTest.cpp
Excluding /root/audit/PX4-Autopilot/src/modules/land_detector/SqeMcLandDetectorTest.cpp
Excluding /root/audit/PX4-Autopilot/src/modules/land_detector/VtolLandDetector.cpp
Excluding /root/audit/PX4-Autopilot/src/modules/land_detector/VtolLandDetector.h
Excluding /root/audit/PX4-Autopilot/src/modules/land_detector/land_detector_main.cpp
Excluding /root/audit/PX4-Autopilot/src/modules/landing_target_estimator/KalmanFilter.cpp
Excluding /root/audit/PX4-Autopilot/src/modules/landing_target_estimator/KalmanFilter.h
Excluding /root/audit/PX4-Autopilot/src/modules/landing_target_estimator/LandingTargetEstimator.cpp
Excluding /root/audit/PX4-Autopilot/src/modules/landing_target_estimator/LandingTargetEstimator.h
Excluding /root/audit/PX4-Autopilot/src/modules/landing_target_estimator/landing_target_estimator_main.cpp
Excluding /root/audit/PX4-Autopilot/src/modules/load_mon/LoadMon.cpp
Excluding /root/audit/PX4-Autopilot/src/modules/load_mon/LoadMon.hpp
Excluding /root/audit/PX4-Autopilot/src/modules/local_position_estimator/BlockLocalPositionEstimator.cpp
Excluding /root/audit/PX4-Autopilot/src/modules/local_position_estimator/BlockLocalPositionEstimator.hpp
Excluding /root/audit/PX4-Autopilot/src/modules/local_position_estimator/sensors/baro.cpp
Excluding /root/audit/PX4-Autopilot/src/modules/local_position_estimator/sensors/flow.cpp
Excluding /root/audit/PX4-Autopilot/src/modules/local_position_estimator/sensors/gps.cpp
Excluding /root/audit/PX4-Autopilot/src/modules/local_position_estimator/sensors/land.cpp
Excluding /root/audit/PX4-Autopilot/src/modules/local_position_estimator/sensors/landing_target.cpp
Excluding /root/audit/PX4-Autopilot/src/modules/local_position_estimator/sensors/lidar.cpp
Excluding /root/audit/PX4-Autopilot/src/modules/local_position_estimator/sensors/mocap.cpp
Excluding /root/audit/PX4-Autopilot/src/modules/local_position_estimator/sensors/sonar.cpp
Excluding /root/audit/PX4-Autopilot/src/modules/local_position_estimator/sensors/vision.cpp
Excluding /root/audit/PX4-Autopilot/src/modules/logger/log_writer.cpp
Excluding /root/audit/PX4-Autopilot/src/modules/logger/log_writer.h
Excluding /root/audit/PX4-Autopilot/src/modules/logger/log_writer_file.cpp
Excluding /root/audit/PX4-Autopilot/src/modules/logger/log_writer_file.h
Excluding /root/audit/PX4-Autopilot/src/modules/logger/log_writer_mavlink.cpp
Excluding /root/audit/PX4-Autopilot/src/modules/logger/log_writer_mavlink.h
Excluding /root/audit/PX4-Autopilot/src/modules/logger/logged_topics.cpp
Excluding /root/audit/PX4-Autopilot/src/modules/logger/logged_topics.h
Excluding /root/audit/PX4-Autopilot/src/modules/logger/logger.cpp
Excluding /root/audit/PX4-Autopilot/src/modules/logger/logger.h
Excluding /root/audit/PX4-Autopilot/src/modules/logger/messages.h
Excluding /root/audit/PX4-Autopilot/src/modules/logger/util.cpp
Excluding /root/audit/PX4-Autopilot/src/modules/logger/watchdog.cpp
Excluding /root/audit/PX4-Autopilot/src/modules/mag_bias_estimator/MagBiasEstimator.cpp
Excluding /root/audit/PX4-Autopilot/src/modules/mag_bias_estimator/MagBiasEstimator.hpp
Excluding /root/audit/PX4-Autopilot/src/modules/manual_control/ManualControl.cpp
Excluding /root/audit/PX4-Autopilot/src/modules/manual_control/ManualControl.hpp
Excluding /root/audit/PX4-Autopilot/src/modules/manual_control/ManualControlSelector.cpp
Excluding /root/audit/PX4-Autopilot/src/modules/manual_control/ManualControlSelector.hpp
Excluding /root/audit/PX4-Autopilot/src/modules/manual_control/ManualControlSelectorTest.cpp
Excluding /root/audit/PX4-Autopilot/src/modules/manual_control/ManualControlTest.cpp
Excluding /root/audit/PX4-Autopilot/src/modules/manual_control/MovingDiff.hpp
Excluding /root/audit/PX4-Autopilot/src/modules/mavlink/MavlinkStatustextHandler.cpp
Excluding /root/audit/PX4-Autopilot/src/modules/mavlink/MavlinkStatustextHandler.hpp
Excluding /root/audit/PX4-Autopilot/src/modules/mavlink/MavlinkStatustextHandlerTest.cpp
Excluding /root/audit/PX4-Autopilot/src/modules/mavlink/mavlink_command_sender.cpp
Excluding /root/audit/PX4-Autopilot/src/modules/mavlink/mavlink_command_sender.h
Excluding /root/audit/PX4-Autopilot/src/modules/mavlink/mavlink_events.cpp
Excluding /root/audit/PX4-Autopilot/src/modules/mavlink/mavlink_events.h
Excluding /root/audit/PX4-Autopilot/src/modules/mavlink/mavlink_ftp.cpp
Excluding /root/audit/PX4-Autopilot/src/modules/mavlink/mavlink_log_handler.cpp
Excluding /root/audit/PX4-Autopilot/src/modules/mavlink/mavlink_log_handler.h
Excluding /root/audit/PX4-Autopilot/src/modules/mavlink/mavlink_main.cpp
Excluding /root/audit/PX4-Autopilot/src/modules/mavlink/mavlink_main.h
Excluding /root/audit/PX4-Autopilot/src/modules/mavlink/mavlink_messages.cpp
Excluding /root/audit/PX4-Autopilot/src/modules/mavlink/mavlink_messages.h
Excluding /root/audit/PX4-Autopilot/src/modules/mavlink/mavlink_mission.cpp
Excluding /root/audit/PX4-Autopilot/src/modules/mavlink/mavlink_mission.h
Excluding /root/audit/PX4-Autopilot/src/modules/mavlink/mavlink_parameters.cpp
Excluding /root/audit/PX4-Autopilot/src/modules/mavlink/mavlink_parameters.h
Excluding /root/audit/PX4-Autopilot/src/modules/mavlink/mavlink_rate_limiter.cpp
Excluding /root/audit/PX4-Autopilot/src/modules/mavlink/mavlink_rate_limiter.h
Excluding /root/audit/PX4-Autopilot/src/modules/mavlink/mavlink_receiver.cpp
Excluding /root/audit/PX4-Autopilot/src/modules/mavlink/mavlink_receiver.h
Excluding /root/audit/PX4-Autopilot/src/modules/mavlink/mavlink_shell.cpp
Excluding /root/audit/PX4-Autopilot/src/modules/mavlink/mavlink_shell.h
Excluding /root/audit/PX4-Autopilot/src/modules/mavlink/mavlink_simple_analyzer.cpp
Excluding /root/audit/PX4-Autopilot/src/modules/mavlink/mavlink_simple_analyzer.h
Excluding /root/audit/PX4-Autopilot/src/modules/mavlink/mavlink_stream.cpp
Excluding /root/audit/PX4-Autopilot/src/modules/mavlink/mavlink_stream.h
Excluding /root/audit/PX4-Autopilot/src/modules/mavlink/mavlink_timesync.cpp
Excluding /root/audit/PX4-Autopilot/src/modules/mavlink/mavlink_timesync.h
Excluding /root/audit/PX4-Autopilot/src/modules/mavlink/mavlink_ulog.cpp
Excluding /root/audit/PX4-Autopilot/src/modules/mavlink/mavlink_ulog.h
Excluding /root/audit/PX4-Autopilot/src/modules/mavlink/open_drone_id_translations.cpp
Excluding /root/audit/PX4-Autopilot/src/modules/mavlink/streams/ACTUATOR_OUTPUT_STATUS.hpp
Excluding /root/audit/PX4-Autopilot/src/modules/mavlink/streams/ADSB_VEHICLE.hpp
Excluding /root/audit/PX4-Autopilot/src/modules/mavlink/streams/ALTITUDE.hpp
Excluding /root/audit/PX4-Autopilot/src/modules/mavlink/streams/ATTITUDE.hpp
Excluding /root/audit/PX4-Autopilot/src/modules/mavlink/streams/ATTITUDE_QUATERNION.hpp
Excluding /root/audit/PX4-Autopilot/src/modules/mavlink/streams/ATTITUDE_TARGET.hpp
Excluding /root/audit/PX4-Autopilot/src/modules/mavlink/streams/AUTOPILOT_STATE_FOR_GIMBAL_DEVICE.hpp
Excluding /root/audit/PX4-Autopilot/src/modules/mavlink/streams/AUTOPILOT_VERSION.hpp
Excluding /root/audit/PX4-Autopilot/src/modules/mavlink/streams/AVAILABLE_MODES.hpp
Excluding /root/audit/PX4-Autopilot/src/modules/mavlink/streams/BATTERY_INFO.hpp
Excluding /root/audit/PX4-Autopilot/src/modules/mavlink/streams/BATTERY_STATUS.hpp
Excluding /root/audit/PX4-Autopilot/src/modules/mavlink/streams/CAMERA_IMAGE_CAPTURED.hpp
Excluding /root/audit/PX4-Autopilot/src/modules/mavlink/streams/CAMERA_TRIGGER.hpp
Excluding /root/audit/PX4-Autopilot/src/modules/mavlink/streams/COMMAND_LONG.hpp
Excluding /root/audit/PX4-Autopilot/src/modules/mavlink/streams/COMPONENT_INFORMATION.hpp
Excluding /root/audit/PX4-Autopilot/src/modules/mavlink/streams/COMPONENT_METADATA.hpp
Excluding /root/audit/PX4-Autopilot/src/modules/mavlink/streams/CURRENT_MODE.hpp
Excluding /root/audit/PX4-Autopilot/src/modules/mavlink/streams/DEBUG.hpp
Excluding /root/audit/PX4-Autopilot/src/modules/mavlink/streams/DEBUG_FLOAT_ARRAY.hpp
Excluding /root/audit/PX4-Autopilot/src/modules/mavlink/streams/DEBUG_VECT.hpp
Excluding /root/audit/PX4-Autopilot/src/modules/mavlink/streams/DISTANCE_SENSOR.hpp
Excluding /root/audit/PX4-Autopilot/src/modules/mavlink/streams/EFI_STATUS.hpp
Excluding /root/audit/PX4-Autopilot/src/modules/mavlink/streams/ESC_INFO.hpp
Excluding /root/audit/PX4-Autopilot/src/modules/mavlink/streams/ESC_STATUS.hpp
Excluding /root/audit/PX4-Autopilot/src/modules/mavlink/streams/ESTIMATOR_STATUS.hpp
Excluding /root/audit/PX4-Autopilot/src/modules/mavlink/streams/EXTENDED_SYS_STATE.hpp
Excluding /root/audit/PX4-Autopilot/src/modules/mavlink/streams/FIGURE_EIGHT_EXECUTION_STATUS.hpp
Excluding /root/audit/PX4-Autopilot/src/modules/mavlink/streams/FLIGHT_INFORMATION.hpp
Excluding /root/audit/PX4-Autopilot/src/modules/mavlink/streams/FUEL_STATUS.hpp
Excluding /root/audit/PX4-Autopilot/src/modules/mavlink/streams/GIMBAL_DEVICE_ATTITUDE_STATUS.hpp
Excluding /root/audit/PX4-Autopilot/src/modules/mavlink/streams/GIMBAL_DEVICE_INFORMATION.hpp
Excluding /root/audit/PX4-Autopilot/src/modules/mavlink/streams/GIMBAL_DEVICE_SET_ATTITUDE.hpp
Excluding /root/audit/PX4-Autopilot/src/modules/mavlink/streams/GIMBAL_MANAGER_INFORMATION.hpp
Excluding /root/audit/PX4-Autopilot/src/modules/mavlink/streams/GIMBAL_MANAGER_STATUS.hpp
Excluding /root/audit/PX4-Autopilot/src/modules/mavlink/streams/GLOBAL_POSITION.hpp
Excluding /root/audit/PX4-Autopilot/src/modules/mavlink/streams/GLOBAL_POSITION_INT.hpp
Excluding /root/audit/PX4-Autopilot/src/modules/mavlink/streams/GNSS_INTEGRITY.hpp
Excluding /root/audit/PX4-Autopilot/src/modules/mavlink/streams/GPS2_RAW.hpp
Excluding /root/audit/PX4-Autopilot/src/modules/mavlink/streams/GPS_GLOBAL_ORIGIN.hpp
Excluding /root/audit/PX4-Autopilot/src/modules/mavlink/streams/GPS_RAW_INT.hpp
Excluding /root/audit/PX4-Autopilot/src/modules/mavlink/streams/GPS_RTCM_DATA.hpp
Excluding /root/audit/PX4-Autopilot/src/modules/mavlink/streams/GPS_STATUS.hpp
Excluding /root/audit/PX4-Autopilot/src/modules/mavlink/streams/HEARTBEAT.hpp
Excluding /root/audit/PX4-Autopilot/src/modules/mavlink/streams/HIGHRES_IMU.hpp
Excluding /root/audit/PX4-Autopilot/src/modules/mavlink/streams/HIGH_LATENCY2.hpp
Excluding /root/audit/PX4-Autopilot/src/modules/mavlink/streams/HIL_ACTUATOR_CONTROLS.hpp
Excluding /root/audit/PX4-Autopilot/src/modules/mavlink/streams/HIL_STATE_QUATERNION.hpp
Excluding /root/audit/PX4-Autopilot/src/modules/mavlink/streams/HOME_POSITION.hpp
Excluding /root/audit/PX4-Autopilot/src/modules/mavlink/streams/HYGROMETER_SENSOR.hpp
Excluding /root/audit/PX4-Autopilot/src/modules/mavlink/streams/LANDING_TARGET.hpp
Excluding /root/audit/PX4-Autopilot/src/modules/mavlink/streams/LINK_NODE_STATUS.hpp
Excluding /root/audit/PX4-Autopilot/src/modules/mavlink/streams/LOCAL_POSITION_NED.hpp
Excluding /root/audit/PX4-Autopilot/src/modules/mavlink/streams/MAG_CAL_REPORT.hpp
Excluding /root/audit/PX4-Autopilot/src/modules/mavlink/streams/MANUAL_CONTROL.hpp
Excluding /root/audit/PX4-Autopilot/src/modules/mavlink/streams/MOUNT_ORIENTATION.hpp
Excluding /root/audit/PX4-Autopilot/src/modules/mavlink/streams/NAMED_VALUE_FLOAT.hpp
Excluding /root/audit/PX4-Autopilot/src/modules/mavlink/streams/NAV_CONTROLLER_OUTPUT.hpp
Excluding /root/audit/PX4-Autopilot/src/modules/mavlink/streams/OBSTACLE_DISTANCE.hpp
Excluding /root/audit/PX4-Autopilot/src/modules/mavlink/streams/ODOMETRY.hpp
Excluding /root/audit/PX4-Autopilot/src/modules/mavlink/streams/OPEN_DRONE_ID_ARM_STATUS.hpp
Excluding /root/audit/PX4-Autopilot/src/modules/mavlink/streams/OPEN_DRONE_ID_BASIC_ID.hpp
Excluding /root/audit/PX4-Autopilot/src/modules/mavlink/streams/OPEN_DRONE_ID_LOCATION.hpp
Excluding /root/audit/PX4-Autopilot/src/modules/mavlink/streams/OPEN_DRONE_ID_SYSTEM.hpp
Excluding /root/audit/PX4-Autopilot/src/modules/mavlink/streams/OPTICAL_FLOW_RAD.hpp
Excluding /root/audit/PX4-Autopilot/src/modules/mavlink/streams/ORBIT_EXECUTION_STATUS.hpp
Excluding /root/audit/PX4-Autopilot/src/modules/mavlink/streams/PING.hpp
Excluding /root/audit/PX4-Autopilot/src/modules/mavlink/streams/POSITION_TARGET_GLOBAL_INT.hpp
Excluding /root/audit/PX4-Autopilot/src/modules/mavlink/streams/POSITION_TARGET_LOCAL_NED.hpp
Excluding /root/audit/PX4-Autopilot/src/modules/mavlink/streams/PROTOCOL_VERSION.hpp
Excluding /root/audit/PX4-Autopilot/src/modules/mavlink/streams/RAW_RPM.hpp
Excluding /root/audit/PX4-Autopilot/src/modules/mavlink/streams/RC_CHANNELS.hpp
Excluding /root/audit/PX4-Autopilot/src/modules/mavlink/streams/SCALED_IMU.hpp
Excluding /root/audit/PX4-Autopilot/src/modules/mavlink/streams/SCALED_IMU2.hpp
Excluding /root/audit/PX4-Autopilot/src/modules/mavlink/streams/SCALED_IMU3.hpp
Excluding /root/audit/PX4-Autopilot/src/modules/mavlink/streams/SCALED_PRESSURE.hpp
Excluding /root/audit/PX4-Autopilot/src/modules/mavlink/streams/SCALED_PRESSURE2.hpp
Excluding /root/audit/PX4-Autopilot/src/modules/mavlink/streams/SCALED_PRESSURE3.hpp
Excluding /root/audit/PX4-Autopilot/src/modules/mavlink/streams/SERVO_OUTPUT_RAW.hpp
Excluding /root/audit/PX4-Autopilot/src/modules/mavlink/streams/STATUSTEXT.hpp
Excluding /root/audit/PX4-Autopilot/src/modules/mavlink/streams/STORAGE_INFORMATION.hpp
Excluding /root/audit/PX4-Autopilot/src/modules/mavlink/streams/SYSTEM_TIME.hpp
Excluding /root/audit/PX4-Autopilot/src/modules/mavlink/streams/SYS_STATUS.hpp
Excluding /root/audit/PX4-Autopilot/src/modules/mavlink/streams/TIMESYNC.hpp
Excluding /root/audit/PX4-Autopilot/src/modules/mavlink/streams/TIME_ESTIMATE_TO_TARGET.hpp
Excluding /root/audit/PX4-Autopilot/src/modules/mavlink/streams/UAVIONIX_ADSB_OUT_CFG.hpp
Excluding /root/audit/PX4-Autopilot/src/modules/mavlink/streams/UAVIONIX_ADSB_OUT_DYNAMIC.hpp
Excluding /root/audit/PX4-Autopilot/src/modules/mavlink/streams/VFR_HUD.hpp
Excluding /root/audit/PX4-Autopilot/src/modules/mavlink/streams/VIBRATION.hpp
Excluding /root/audit/PX4-Autopilot/src/modules/mavlink/streams/WIND_COV.hpp
Excluding /root/audit/PX4-Autopilot/src/modules/mavlink/timestamped_list.h
Excluding /root/audit/PX4-Autopilot/src/modules/mavlink/tune_publisher.cpp
Excluding /root/audit/PX4-Autopilot/src/modules/mavlink/tune_publisher.h
Excluding /root/audit/PX4-Autopilot/src/modules/mc_att_control/AttitudeControl/AttitudeControl.cpp
Excluding /root/audit/PX4-Autopilot/src/modules/mc_att_control/AttitudeControl/AttitudeControl.hpp
Excluding /root/audit/PX4-Autopilot/src/modules/mc_att_control/AttitudeControl/AttitudeControlMath.hpp
Excluding /root/audit/PX4-Autopilot/src/modules/mc_att_control/AttitudeControl/AttitudeControlMathTest.cpp
Excluding /root/audit/PX4-Autopilot/src/modules/mc_att_control/AttitudeControl/AttitudeControlTest.cpp
Excluding /root/audit/PX4-Autopilot/src/modules/mc_att_control/mc_att_control.hpp
Excluding /root/audit/PX4-Autopilot/src/modules/mc_att_control/mc_att_control_main.cpp
Excluding /root/audit/PX4-Autopilot/src/modules/mc_autotune_attitude_control/mc_autotune_attitude_control.cpp
Excluding /root/audit/PX4-Autopilot/src/modules/mc_autotune_attitude_control/mc_autotune_attitude_control.hpp
Excluding /root/audit/PX4-Autopilot/src/modules/mc_hover_thrust_estimator/MulticopterHoverThrustEstimator.cpp
Excluding /root/audit/PX4-Autopilot/src/modules/mc_hover_thrust_estimator/MulticopterHoverThrustEstimator.hpp
Excluding /root/audit/PX4-Autopilot/src/modules/mc_hover_thrust_estimator/zero_order_hover_thrust_ekf.cpp
Excluding /root/audit/PX4-Autopilot/src/modules/mc_hover_thrust_estimator/zero_order_hover_thrust_ekf.hpp
Excluding /root/audit/PX4-Autopilot/src/modules/mc_hover_thrust_estimator/zero_order_hover_thrust_ekf_test.cpp
Excluding /root/audit/PX4-Autopilot/src/modules/mc_pos_control/GotoControl/GotoControl.cpp
Excluding /root/audit/PX4-Autopilot/src/modules/mc_pos_control/GotoControl/GotoControl.hpp
Excluding /root/audit/PX4-Autopilot/src/modules/mc_pos_control/MulticopterPositionControl.cpp
Excluding /root/audit/PX4-Autopilot/src/modules/mc_pos_control/MulticopterPositionControl.hpp
Excluding /root/audit/PX4-Autopilot/src/modules/mc_pos_control/PositionControl/ControlMath.cpp
Excluding /root/audit/PX4-Autopilot/src/modules/mc_pos_control/PositionControl/ControlMathTest.cpp
Excluding /root/audit/PX4-Autopilot/src/modules/mc_pos_control/PositionControl/PositionControl.cpp
Excluding /root/audit/PX4-Autopilot/src/modules/mc_pos_control/PositionControl/PositionControl.hpp
Excluding /root/audit/PX4-Autopilot/src/modules/mc_pos_control/PositionControl/PositionControlTest.cpp
Excluding /root/audit/PX4-Autopilot/src/modules/mc_pos_control/Takeoff/Takeoff.cpp
Excluding /root/audit/PX4-Autopilot/src/modules/mc_pos_control/Takeoff/Takeoff.hpp
Excluding /root/audit/PX4-Autopilot/src/modules/mc_pos_control/Takeoff/TakeoffTest.cpp
Excluding /root/audit/PX4-Autopilot/src/modules/mc_rate_control/MulticopterRateControl.cpp
Excluding /root/audit/PX4-Autopilot/src/modules/mc_rate_control/MulticopterRateControl.hpp
Excluding /root/audit/PX4-Autopilot/src/modules/navigator/GeofenceBreachAvoidance/GeofenceBreachAvoidanceTest.cpp
Excluding /root/audit/PX4-Autopilot/src/modules/navigator/GeofenceBreachAvoidance/fake_geofence.hpp
Excluding /root/audit/PX4-Autopilot/src/modules/navigator/GeofenceBreachAvoidance/geofence_breach_avoidance.cpp
Excluding /root/audit/PX4-Autopilot/src/modules/navigator/GeofenceBreachAvoidance/geofence_breach_avoidance.h
Excluding /root/audit/PX4-Autopilot/src/modules/navigator/MissionFeasibility/FeasibilityChecker.cpp
Excluding /root/audit/PX4-Autopilot/src/modules/navigator/MissionFeasibility/FeasibilityChecker.hpp
Excluding /root/audit/PX4-Autopilot/src/modules/navigator/MissionFeasibility/FeasibilityCheckerTest.cpp
Excluding /root/audit/PX4-Autopilot/src/modules/navigator/geofence.cpp
Excluding /root/audit/PX4-Autopilot/src/modules/navigator/geofence.h
Excluding /root/audit/PX4-Autopilot/src/modules/navigator/land.cpp
Excluding /root/audit/PX4-Autopilot/src/modules/navigator/land.h
Excluding /root/audit/PX4-Autopilot/src/modules/navigator/loiter.cpp
Excluding /root/audit/PX4-Autopilot/src/modules/navigator/loiter.h
Excluding /root/audit/PX4-Autopilot/src/modules/navigator/mission.cpp
Excluding /root/audit/PX4-Autopilot/src/modules/navigator/mission.h
Excluding /root/audit/PX4-Autopilot/src/modules/navigator/mission_base.cpp
Excluding /root/audit/PX4-Autopilot/src/modules/navigator/mission_base.h
Excluding /root/audit/PX4-Autopilot/src/modules/navigator/mission_block.cpp
Excluding /root/audit/PX4-Autopilot/src/modules/navigator/mission_block.h
Excluding /root/audit/PX4-Autopilot/src/modules/navigator/mission_feasibility_checker.cpp
Excluding /root/audit/PX4-Autopilot/src/modules/navigator/mission_feasibility_checker.h
Excluding /root/audit/PX4-Autopilot/src/modules/navigator/navigation.h
Excluding /root/audit/PX4-Autopilot/src/modules/navigator/navigator.h
Excluding /root/audit/PX4-Autopilot/src/modules/navigator/navigator_main.cpp
Excluding /root/audit/PX4-Autopilot/src/modules/navigator/navigator_mode.cpp
Excluding /root/audit/PX4-Autopilot/src/modules/navigator/navigator_mode.h
Excluding /root/audit/PX4-Autopilot/src/modules/navigator/precland.cpp
Excluding /root/audit/PX4-Autopilot/src/modules/navigator/precland.h
Excluding /root/audit/PX4-Autopilot/src/modules/navigator/rtl.cpp
Excluding /root/audit/PX4-Autopilot/src/modules/navigator/rtl.h
Excluding /root/audit/PX4-Autopilot/src/modules/navigator/rtl_base.h
Excluding /root/audit/PX4-Autopilot/src/modules/navigator/rtl_direct.cpp
Excluding /root/audit/PX4-Autopilot/src/modules/navigator/rtl_direct.h
Excluding /root/audit/PX4-Autopilot/src/modules/navigator/rtl_direct_mission_land.cpp
Excluding /root/audit/PX4-Autopilot/src/modules/navigator/rtl_direct_mission_land.h
Excluding /root/audit/PX4-Autopilot/src/modules/navigator/rtl_mission_fast.cpp
Excluding /root/audit/PX4-Autopilot/src/modules/navigator/rtl_mission_fast.h
Excluding /root/audit/PX4-Autopilot/src/modules/navigator/rtl_mission_fast_reverse.cpp
Excluding /root/audit/PX4-Autopilot/src/modules/navigator/rtl_mission_fast_reverse.h
Excluding /root/audit/PX4-Autopilot/src/modules/navigator/safe_point_land.hpp
Excluding /root/audit/PX4-Autopilot/src/modules/navigator/takeoff.cpp
Excluding /root/audit/PX4-Autopilot/src/modules/navigator/takeoff.h
Excluding /root/audit/PX4-Autopilot/src/modules/navigator/vtol_takeoff.cpp
Excluding /root/audit/PX4-Autopilot/src/modules/navigator/vtol_takeoff.h
Excluding /root/audit/PX4-Autopilot/src/modules/payload_deliverer/gripper.cpp
Excluding /root/audit/PX4-Autopilot/src/modules/payload_deliverer/gripper.h
Excluding /root/audit/PX4-Autopilot/src/modules/payload_deliverer/payload_deliverer.cpp
Excluding /root/audit/PX4-Autopilot/src/modules/payload_deliverer/payload_deliverer.h
Excluding /root/audit/PX4-Autopilot/src/modules/rc_update/RCUpdateTest.cpp
Excluding /root/audit/PX4-Autopilot/src/modules/rc_update/rc_update.cpp
Excluding /root/audit/PX4-Autopilot/src/modules/rc_update/rc_update.h
Excluding /root/audit/PX4-Autopilot/src/modules/replay/Replay.cpp
Excluding /root/audit/PX4-Autopilot/src/modules/replay/Replay.hpp
Excluding /root/audit/PX4-Autopilot/src/modules/replay/ReplayEkf2.cpp
Excluding /root/audit/PX4-Autopilot/src/modules/replay/ReplayEkf2.hpp
Excluding /root/audit/PX4-Autopilot/src/modules/replay/replay_main.cpp
Excluding /root/audit/PX4-Autopilot/src/modules/rover_ackermann/AckermannActControl/AckermannActControl.cpp
Excluding /root/audit/PX4-Autopilot/src/modules/rover_ackermann/AckermannActControl/AckermannActControl.hpp
Excluding /root/audit/PX4-Autopilot/src/modules/rover_ackermann/AckermannAttControl/AckermannAttControl.cpp
Excluding /root/audit/PX4-Autopilot/src/modules/rover_ackermann/AckermannAttControl/AckermannAttControl.hpp
Excluding /root/audit/PX4-Autopilot/src/modules/rover_ackermann/AckermannDriveModes/AckermannAutoMode/AckermannAutoMode.cpp
Excluding /root/audit/PX4-Autopilot/src/modules/rover_ackermann/AckermannDriveModes/AckermannAutoMode/AckermannAutoMode.hpp
Excluding /root/audit/PX4-Autopilot/src/modules/rover_ackermann/AckermannDriveModes/AckermannManualMode/AckermannManualMode.cpp
Excluding /root/audit/PX4-Autopilot/src/modules/rover_ackermann/AckermannDriveModes/AckermannManualMode/AckermannManualMode.hpp
Excluding /root/audit/PX4-Autopilot/src/modules/rover_ackermann/AckermannDriveModes/AckermannOffboardMode/AckermannOffboardMode.cpp
Excluding /root/audit/PX4-Autopilot/src/modules/rover_ackermann/AckermannDriveModes/AckermannOffboardMode/AckermannOffboardMode.hpp
Excluding /root/audit/PX4-Autopilot/src/modules/rover_ackermann/AckermannPosControl/AckermannPosControl.cpp
Excluding /root/audit/PX4-Autopilot/src/modules/rover_ackermann/AckermannPosControl/AckermannPosControl.hpp
Excluding /root/audit/PX4-Autopilot/src/modules/rover_ackermann/AckermannRateControl/AckermannRateControl.cpp
Excluding /root/audit/PX4-Autopilot/src/modules/rover_ackermann/AckermannRateControl/AckermannRateControl.hpp
Excluding /root/audit/PX4-Autopilot/src/modules/rover_ackermann/AckermannSpeedControl/AckermannSpeedControl.cpp
Excluding /root/audit/PX4-Autopilot/src/modules/rover_ackermann/AckermannSpeedControl/AckermannSpeedControl.hpp
Excluding /root/audit/PX4-Autopilot/src/modules/rover_ackermann/RoverAckermann.cpp
Excluding /root/audit/PX4-Autopilot/src/modules/rover_ackermann/RoverAckermann.hpp
Excluding /root/audit/PX4-Autopilot/src/modules/rover_differential/DifferentialActControl/DifferentialActControl.cpp
Excluding /root/audit/PX4-Autopilot/src/modules/rover_differential/DifferentialActControl/DifferentialActControl.hpp
Excluding /root/audit/PX4-Autopilot/src/modules/rover_differential/DifferentialAttControl/DifferentialAttControl.cpp
Excluding /root/audit/PX4-Autopilot/src/modules/rover_differential/DifferentialAttControl/DifferentialAttControl.hpp
Excluding /root/audit/PX4-Autopilot/src/modules/rover_differential/DifferentialDriveModes/DifferentialAutoMode/DifferentialAutoMode.cpp
Excluding /root/audit/PX4-Autopilot/src/modules/rover_differential/DifferentialDriveModes/DifferentialAutoMode/DifferentialAutoMode.hpp
Excluding /root/audit/PX4-Autopilot/src/modules/rover_differential/DifferentialDriveModes/DifferentialManualMode/DifferentialManualMode.cpp
Excluding /root/audit/PX4-Autopilot/src/modules/rover_differential/DifferentialDriveModes/DifferentialManualMode/DifferentialManualMode.hpp
Excluding /root/audit/PX4-Autopilot/src/modules/rover_differential/DifferentialDriveModes/DifferentialOffboardMode/DifferentialOffboardMode.cpp
Excluding /root/audit/PX4-Autopilot/src/modules/rover_differential/DifferentialDriveModes/DifferentialOffboardMode/DifferentialOffboardMode.hpp
Excluding /root/audit/PX4-Autopilot/src/modules/rover_differential/DifferentialPosControl/DifferentialPosControl.cpp
Excluding /root/audit/PX4-Autopilot/src/modules/rover_differential/DifferentialPosControl/DifferentialPosControl.hpp
Excluding /root/audit/PX4-Autopilot/src/modules/rover_differential/DifferentialRateControl/DifferentialRateControl.cpp
Excluding /root/audit/PX4-Autopilot/src/modules/rover_differential/DifferentialRateControl/DifferentialRateControl.hpp
Excluding /root/audit/PX4-Autopilot/src/modules/rover_differential/DifferentialSpeedControl/DifferentialSpeedControl.cpp
Excluding /root/audit/PX4-Autopilot/src/modules/rover_differential/DifferentialSpeedControl/DifferentialSpeedControl.hpp
Excluding /root/audit/PX4-Autopilot/src/modules/rover_differential/RoverDifferential.cpp
Excluding /root/audit/PX4-Autopilot/src/modules/rover_differential/RoverDifferential.hpp
Excluding /root/audit/PX4-Autopilot/src/modules/rover_mecanum/MecanumActControl/MecanumActControl.cpp
Excluding /root/audit/PX4-Autopilot/src/modules/rover_mecanum/MecanumActControl/MecanumActControl.hpp
Excluding /root/audit/PX4-Autopilot/src/modules/rover_mecanum/MecanumAttControl/MecanumAttControl.cpp
Excluding /root/audit/PX4-Autopilot/src/modules/rover_mecanum/MecanumAttControl/MecanumAttControl.hpp
Excluding /root/audit/PX4-Autopilot/src/modules/rover_mecanum/MecanumDriveModes/MecanumAutoMode/MecanumAutoMode.cpp
Excluding /root/audit/PX4-Autopilot/src/modules/rover_mecanum/MecanumDriveModes/MecanumAutoMode/MecanumAutoMode.hpp
Excluding /root/audit/PX4-Autopilot/src/modules/rover_mecanum/MecanumDriveModes/MecanumManualMode/MecanumManualMode.cpp
Excluding /root/audit/PX4-Autopilot/src/modules/rover_mecanum/MecanumDriveModes/MecanumManualMode/MecanumManualMode.hpp
Excluding /root/audit/PX4-Autopilot/src/modules/rover_mecanum/MecanumDriveModes/MecanumOffboardMode/MecanumOffboardMode.cpp
Excluding /root/audit/PX4-Autopilot/src/modules/rover_mecanum/MecanumDriveModes/MecanumOffboardMode/MecanumOffboardMode.hpp
Excluding /root/audit/PX4-Autopilot/src/modules/rover_mecanum/MecanumPosControl/MecanumPosControl.cpp
Excluding /root/audit/PX4-Autopilot/src/modules/rover_mecanum/MecanumPosControl/MecanumPosControl.hpp
Excluding /root/audit/PX4-Autopilot/src/modules/rover_mecanum/MecanumRateControl/MecanumRateControl.cpp
Excluding /root/audit/PX4-Autopilot/src/modules/rover_mecanum/MecanumRateControl/MecanumRateControl.hpp
Excluding /root/audit/PX4-Autopilot/src/modules/rover_mecanum/MecanumSpeedControl/MecanumSpeedControl.cpp
Excluding /root/audit/PX4-Autopilot/src/modules/rover_mecanum/MecanumSpeedControl/MecanumSpeedControl.hpp
Excluding /root/audit/PX4-Autopilot/src/modules/rover_mecanum/RoverMecanum.cpp
Excluding /root/audit/PX4-Autopilot/src/modules/rover_mecanum/RoverMecanum.hpp
Excluding /root/audit/PX4-Autopilot/src/modules/sensors/Integrator.hpp
Excluding /root/audit/PX4-Autopilot/src/modules/sensors/data_validator/DataValidator.hpp
Excluding /root/audit/PX4-Autopilot/src/modules/sensors/data_validator/DataValidatorGroup.hpp
Excluding /root/audit/PX4-Autopilot/src/modules/sensors/data_validator/SqeDataValidatorGroupAllocTest.cpp
Excluding /root/audit/PX4-Autopilot/src/modules/sensors/data_validator/SqeDataValidatorGroupTest.cpp
Excluding /root/audit/PX4-Autopilot/src/modules/sensors/data_validator/SqeDataValidatorTest.cpp
Excluding /root/audit/PX4-Autopilot/src/modules/sensors/sensors.cpp
Excluding /root/audit/PX4-Autopilot/src/modules/sensors/sensors.hpp
Excluding /root/audit/PX4-Autopilot/src/modules/sensors/vehicle_acceleration/VehicleAcceleration.cpp
Excluding /root/audit/PX4-Autopilot/src/modules/sensors/vehicle_acceleration/VehicleAcceleration.hpp
Excluding /root/audit/PX4-Autopilot/src/modules/sensors/vehicle_air_data/VehicleAirData.cpp
Excluding /root/audit/PX4-Autopilot/src/modules/sensors/vehicle_air_data/VehicleAirData.hpp
Excluding /root/audit/PX4-Autopilot/src/modules/sensors/vehicle_angular_velocity/VehicleAngularVelocity.cpp
Excluding /root/audit/PX4-Autopilot/src/modules/sensors/vehicle_angular_velocity/VehicleAngularVelocity.hpp
Excluding /root/audit/PX4-Autopilot/src/modules/sensors/vehicle_gps_position/VehicleGPSPosition.cpp
Excluding /root/audit/PX4-Autopilot/src/modules/sensors/vehicle_gps_position/VehicleGPSPosition.hpp
Excluding /root/audit/PX4-Autopilot/src/modules/sensors/vehicle_gps_position/gps_blending.cpp
Excluding /root/audit/PX4-Autopilot/src/modules/sensors/vehicle_gps_position/gps_blending.hpp
Excluding /root/audit/PX4-Autopilot/src/modules/sensors/vehicle_gps_position/gps_blending_test.cpp
Excluding /root/audit/PX4-Autopilot/src/modules/sensors/vehicle_imu/VehicleIMU.cpp
Excluding /root/audit/PX4-Autopilot/src/modules/sensors/vehicle_imu/VehicleIMU.hpp
Excluding /root/audit/PX4-Autopilot/src/modules/sensors/vehicle_magnetometer/VehicleMagnetometer.cpp
Excluding /root/audit/PX4-Autopilot/src/modules/sensors/vehicle_magnetometer/VehicleMagnetometer.hpp
Excluding /root/audit/PX4-Autopilot/src/modules/sensors/vehicle_optical_flow/RingBuffer.hpp
Excluding /root/audit/PX4-Autopilot/src/modules/sensors/vehicle_optical_flow/VehicleOpticalFlow.cpp
Excluding /root/audit/PX4-Autopilot/src/modules/sensors/vehicle_optical_flow/VehicleOpticalFlow.hpp
Excluding /root/audit/PX4-Autopilot/src/modules/sensors/vehicle_optical_flow/test/VehicleOpticalFlowTest.cpp
Excluding /root/audit/PX4-Autopilot/src/modules/sensors/voted_sensors_update.cpp
Excluding /root/audit/PX4-Autopilot/src/modules/sensors/voted_sensors_update.h
Excluding /root/audit/PX4-Autopilot/src/modules/simulation/battery_simulator/BatterySimulator.cpp
Excluding /root/audit/PX4-Autopilot/src/modules/simulation/battery_simulator/BatterySimulator.hpp
Excluding /root/audit/PX4-Autopilot/src/modules/simulation/pwm_out_sim/PWMSim.cpp
Excluding /root/audit/PX4-Autopilot/src/modules/simulation/pwm_out_sim/PWMSim.hpp
Excluding /root/audit/PX4-Autopilot/src/modules/simulation/sensor_agp_sim/SensorAgpSim.cpp
Excluding /root/audit/PX4-Autopilot/src/modules/simulation/sensor_agp_sim/SensorAgpSim.hpp
Excluding /root/audit/PX4-Autopilot/src/modules/simulation/sensor_airspeed_sim/SensorAirspeedSim.cpp
Excluding /root/audit/PX4-Autopilot/src/modules/simulation/sensor_airspeed_sim/SensorAirspeedSim.hpp
Excluding /root/audit/PX4-Autopilot/src/modules/simulation/sensor_baro_sim/SensorBaroSim.cpp
Excluding /root/audit/PX4-Autopilot/src/modules/simulation/sensor_baro_sim/SensorBaroSim.hpp
Excluding /root/audit/PX4-Autopilot/src/modules/simulation/sensor_gps_sim/SensorGpsSim.cpp
Excluding /root/audit/PX4-Autopilot/src/modules/simulation/sensor_gps_sim/SensorGpsSim.hpp
Excluding /root/audit/PX4-Autopilot/src/modules/simulation/sensor_mag_sim/SensorMagSim.cpp
Excluding /root/audit/PX4-Autopilot/src/modules/simulation/sensor_mag_sim/SensorMagSim.hpp
Excluding /root/audit/PX4-Autopilot/src/modules/simulation/simulator_mavlink/SimulatorMavlink.cpp
Excluding /root/audit/PX4-Autopilot/src/modules/simulation/simulator_mavlink/SimulatorMavlink.hpp
Excluding /root/audit/PX4-Autopilot/src/modules/simulation/simulator_sih/aero.hpp
Excluding /root/audit/PX4-Autopilot/src/modules/simulation/simulator_sih/sih.cpp
Excluding /root/audit/PX4-Autopilot/src/modules/simulation/simulator_sih/sih.hpp
Excluding /root/audit/PX4-Autopilot/src/modules/simulation/system_power_simulator/SystemPowerSimulator.cpp
Excluding /root/audit/PX4-Autopilot/src/modules/simulation/system_power_simulator/SystemPowerSimulator.hpp
Excluding /root/audit/PX4-Autopilot/src/modules/temperature_compensation/TemperatureCompensation.cpp
Excluding /root/audit/PX4-Autopilot/src/modules/temperature_compensation/TemperatureCompensation.h
Excluding /root/audit/PX4-Autopilot/src/modules/temperature_compensation/TemperatureCompensationModule.cpp
Excluding /root/audit/PX4-Autopilot/src/modules/temperature_compensation/TemperatureCompensationModule.h
Excluding /root/audit/PX4-Autopilot/src/modules/temperature_compensation/temperature_calibration/accel.cpp
Excluding /root/audit/PX4-Autopilot/src/modules/temperature_compensation/temperature_calibration/baro.cpp
Excluding /root/audit/PX4-Autopilot/src/modules/temperature_compensation/temperature_calibration/common.h
Excluding /root/audit/PX4-Autopilot/src/modules/temperature_compensation/temperature_calibration/gyro.cpp
Excluding /root/audit/PX4-Autopilot/src/modules/temperature_compensation/temperature_calibration/gyro.h
Excluding /root/audit/PX4-Autopilot/src/modules/temperature_compensation/temperature_calibration/mag.cpp
Excluding /root/audit/PX4-Autopilot/src/modules/temperature_compensation/temperature_calibration/polyfit.hpp
Excluding /root/audit/PX4-Autopilot/src/modules/temperature_compensation/temperature_calibration/task.cpp
Excluding /root/audit/PX4-Autopilot/src/modules/uuv_att_control/uuv_att_control.cpp
Excluding /root/audit/PX4-Autopilot/src/modules/uuv_att_control/uuv_att_control.hpp
Excluding /root/audit/PX4-Autopilot/src/modules/uuv_pos_control/uuv_pos_control.cpp
Excluding /root/audit/PX4-Autopilot/src/modules/uuv_pos_control/uuv_pos_control.hpp
Excluding /root/audit/PX4-Autopilot/src/modules/uxrce_dds_client/srv_base.cpp
Excluding /root/audit/PX4-Autopilot/src/modules/uxrce_dds_client/srv_base.h
Excluding /root/audit/PX4-Autopilot/src/modules/uxrce_dds_client/utilities.hpp
Excluding /root/audit/PX4-Autopilot/src/modules/uxrce_dds_client/uxrce_dds_client.cpp
Excluding /root/audit/PX4-Autopilot/src/modules/uxrce_dds_client/uxrce_dds_client.h
Excluding /root/audit/PX4-Autopilot/src/modules/uxrce_dds_client/vehicle_command_srv.cpp
Excluding /root/audit/PX4-Autopilot/src/modules/vtol_att_control/standard.cpp
Excluding /root/audit/PX4-Autopilot/src/modules/vtol_att_control/standard.h
Excluding /root/audit/PX4-Autopilot/src/modules/vtol_att_control/tailsitter.cpp
Excluding /root/audit/PX4-Autopilot/src/modules/vtol_att_control/tailsitter.h
Excluding /root/audit/PX4-Autopilot/src/modules/vtol_att_control/tiltrotor.cpp
Excluding /root/audit/PX4-Autopilot/src/modules/vtol_att_control/tiltrotor.h
Excluding /root/audit/PX4-Autopilot/src/modules/vtol_att_control/vtol_att_control_main.cpp
Excluding /root/audit/PX4-Autopilot/src/modules/vtol_att_control/vtol_att_control_main.h
Excluding /root/audit/PX4-Autopilot/src/modules/vtol_att_control/vtol_type.cpp
Excluding /root/audit/PX4-Autopilot/src/modules/vtol_att_control/vtol_type.h
Excluding /root/audit/PX4-Autopilot/src/systemcmds/actuator_test/actuator_test.cpp
Excluding /root/audit/PX4-Autopilot/src/systemcmds/bsondump/bsondump.cpp
Excluding /root/audit/PX4-Autopilot/src/systemcmds/dyn/dyn.cpp
Excluding /root/audit/PX4-Autopilot/src/systemcmds/failure/failure.cpp
Excluding /root/audit/PX4-Autopilot/src/systemcmds/led_control/led_control.cpp
Excluding /root/audit/PX4-Autopilot/src/systemcmds/param/param.cpp
Excluding /root/audit/PX4-Autopilot/src/systemcmds/perf/perf.cpp
Excluding /root/audit/PX4-Autopilot/src/systemcmds/sd_bench/sd_bench.cpp
Excluding /root/audit/PX4-Autopilot/src/systemcmds/system_time/system_time.cpp
Excluding /root/audit/PX4-Autopilot/src/systemcmds/tests/hrt_test/hrt_test.cpp
Excluding /root/audit/PX4-Autopilot/src/systemcmds/tests/hrt_test/hrt_test.h
Excluding /root/audit/PX4-Autopilot/src/systemcmds/tests/hrt_test/hrt_test_main.cpp
Excluding /root/audit/PX4-Autopilot/src/systemcmds/tests/hrt_test/hrt_test_start.cpp
Excluding /root/audit/PX4-Autopilot/src/systemcmds/tests/test_IntrusiveQueue.cpp
Excluding /root/audit/PX4-Autopilot/src/systemcmds/tests/test_IntrusiveSortedList.cpp
Excluding /root/audit/PX4-Autopilot/src/systemcmds/tests/test_List.cpp
Excluding /root/audit/PX4-Autopilot/src/systemcmds/tests/test_atomic_bitset.cpp
Excluding /root/audit/PX4-Autopilot/src/systemcmds/tests/test_bitset.cpp
Excluding /root/audit/PX4-Autopilot/src/systemcmds/tests/test_bson.cpp
Excluding /root/audit/PX4-Autopilot/src/systemcmds/tests/test_dataman.cpp
Excluding /root/audit/PX4-Autopilot/src/systemcmds/tests/test_file2.c
Excluding /root/audit/PX4-Autopilot/src/systemcmds/tests/test_float.cpp
Excluding /root/audit/PX4-Autopilot/src/systemcmds/tests/test_hott_telemetry.c
Excluding /root/audit/PX4-Autopilot/src/systemcmds/tests/test_hrt.cpp
Excluding /root/audit/PX4-Autopilot/src/systemcmds/tests/test_i2c_spi_cli.cpp
Excluding /root/audit/PX4-Autopilot/src/systemcmds/tests/test_int.cpp
Excluding /root/audit/PX4-Autopilot/src/systemcmds/tests/test_mathlib.cpp
Excluding /root/audit/PX4-Autopilot/src/systemcmds/tests/test_matrix.cpp
Excluding /root/audit/PX4-Autopilot/src/systemcmds/tests/test_param.c
Excluding /root/audit/PX4-Autopilot/src/systemcmds/tests/test_parameters.cpp
Excluding /root/audit/PX4-Autopilot/src/systemcmds/tests/test_perf.c
Excluding /root/audit/PX4-Autopilot/src/systemcmds/tests/test_ppm.cpp
Excluding /root/audit/PX4-Autopilot/src/systemcmds/tests/test_rc.cpp
Excluding /root/audit/PX4-Autopilot/src/systemcmds/tests/test_search_min.cpp
Excluding /root/audit/PX4-Autopilot/src/systemcmds/tests/test_sleep.c
Excluding /root/audit/PX4-Autopilot/src/systemcmds/tests/test_uart_loopback.c
Excluding /root/audit/PX4-Autopilot/src/systemcmds/tests/test_uart_send.c
Excluding /root/audit/PX4-Autopilot/src/systemcmds/tests/test_versioning.cpp
Excluding /root/audit/PX4-Autopilot/src/systemcmds/tests/tests_main.c
Excluding /root/audit/PX4-Autopilot/src/systemcmds/topic_listener/listener_main.cpp
Excluding /root/audit/PX4-Autopilot/src/systemcmds/topic_listener/topic_listener.hpp
Excluding /root/audit/PX4-Autopilot/src/systemcmds/tune_control/tune_control.cpp
Excluding /root/audit/PX4-Autopilot/src/systemcmds/uorb/uorb.cpp
Excluding /root/audit/PX4-Autopilot/src/systemcmds/ver/ver.cpp
Excluding /root/audit/PX4-Autopilot/src/systemcmds/work_queue/work_queue_main.cpp
Excluding /root/audit/PX4-Autopilot/test/fuzztest/common/bazel.cc
Excluding /root/audit/PX4-Autopilot/test/fuzztest/common/bazel.h
Excluding /root/audit/PX4-Autopilot/test/fuzztest/common/blob_file.cc
Excluding /root/audit/PX4-Autopilot/test/fuzztest/common/blob_file.h
Excluding /root/audit/PX4-Autopilot/test/fuzztest/common/defs.h
Excluding /root/audit/PX4-Autopilot/test/fuzztest/common/hash.cc
Excluding /root/audit/PX4-Autopilot/test/fuzztest/common/remote_file.cc
Excluding /root/audit/PX4-Autopilot/test/fuzztest/common/remote_file.h
Excluding /root/audit/PX4-Autopilot/test/fuzztest/common/remote_file_oss.cc
Excluding /root/audit/PX4-Autopilot/test/fuzztest/common/sha1.cc
Excluding /root/audit/PX4-Autopilot/test/fuzztest/fuzztest/domain_core.h
Excluding /root/audit/PX4-Autopilot/test/fuzztest/fuzztest/fuzztest_gtest_main.cc
Excluding /root/audit/PX4-Autopilot/test/fuzztest/fuzztest/init_fuzztest.cc
Excluding /root/audit/PX4-Autopilot/test/fuzztest/fuzztest/internal/any.h
Excluding /root/audit/PX4-Autopilot/test/fuzztest/fuzztest/internal/configuration.cc
Excluding /root/audit/PX4-Autopilot/test/fuzztest/fuzztest/internal/configuration.h
Excluding /root/audit/PX4-Autopilot/test/fuzztest/fuzztest/internal/corpus_database.cc
Excluding /root/audit/PX4-Autopilot/test/fuzztest/fuzztest/internal/corpus_database.h
Excluding /root/audit/PX4-Autopilot/test/fuzztest/fuzztest/internal/coverage.cc
Excluding /root/audit/PX4-Autopilot/test/fuzztest/fuzztest/internal/coverage.h
Excluding /root/audit/PX4-Autopilot/test/fuzztest/fuzztest/internal/domains/aggregate_of_impl.h
Excluding /root/audit/PX4-Autopilot/test/fuzztest/fuzztest/internal/domains/arbitrary_impl.h
Excluding /root/audit/PX4-Autopilot/test/fuzztest/fuzztest/internal/domains/container_mutation_helpers.h
Excluding /root/audit/PX4-Autopilot/test/fuzztest/fuzztest/internal/domains/container_of_impl.h
Excluding /root/audit/PX4-Autopilot/test/fuzztest/fuzztest/internal/domains/domain.h
Excluding /root/audit/PX4-Autopilot/test/fuzztest/fuzztest/internal/domains/domain_base.h
Excluding /root/audit/PX4-Autopilot/test/fuzztest/fuzztest/internal/domains/domain_type_erasure.h
Excluding /root/audit/PX4-Autopilot/test/fuzztest/fuzztest/internal/domains/value_mutation_helpers.h
Excluding /root/audit/PX4-Autopilot/test/fuzztest/fuzztest/internal/fixture_driver.cc
Excluding /root/audit/PX4-Autopilot/test/fuzztest/fuzztest/internal/fixture_driver.h
Excluding /root/audit/PX4-Autopilot/test/fuzztest/fuzztest/internal/googletest_adaptor.cc
Excluding /root/audit/PX4-Autopilot/test/fuzztest/fuzztest/internal/googletest_adaptor.h
Excluding /root/audit/PX4-Autopilot/test/fuzztest/fuzztest/internal/io.cc
Excluding /root/audit/PX4-Autopilot/test/fuzztest/fuzztest/internal/io.h
Excluding /root/audit/PX4-Autopilot/test/fuzztest/fuzztest/internal/logging.cc
Excluding /root/audit/PX4-Autopilot/test/fuzztest/fuzztest/internal/meta.h
Excluding /root/audit/PX4-Autopilot/test/fuzztest/fuzztest/internal/printer.h
Excluding /root/audit/PX4-Autopilot/test/fuzztest/fuzztest/internal/registration.h
Excluding /root/audit/PX4-Autopilot/test/fuzztest/fuzztest/internal/registry.cc
Excluding /root/audit/PX4-Autopilot/test/fuzztest/fuzztest/internal/registry.h
Excluding /root/audit/PX4-Autopilot/test/fuzztest/fuzztest/internal/runtime.cc
Excluding /root/audit/PX4-Autopilot/test/fuzztest/fuzztest/internal/runtime.h
Excluding /root/audit/PX4-Autopilot/test/fuzztest/fuzztest/internal/seed_seq.cc
Excluding /root/audit/PX4-Autopilot/test/fuzztest/fuzztest/internal/serialization.cc
Excluding /root/audit/PX4-Autopilot/test/fuzztest/fuzztest/internal/serialization.h
Excluding /root/audit/PX4-Autopilot/test/fuzztest/fuzztest/internal/status.cc
Excluding /root/audit/PX4-Autopilot/test/fuzztest/fuzztest/internal/table_of_recent_compares.h
Excluding /root/audit/PX4-Autopilot/test/fuzztest/fuzztest/internal/type_support.cc
Excluding /root/audit/PX4-Autopilot/test/fuzztest/fuzztest/internal/type_support.h
Excluding /usr/include/c++/13/array
Excluding /usr/include/c++/13/atomic
Excluding /usr/include/c++/13/bit
Excluding /usr/include/c++/13/bits/alloc_traits.h
Excluding /usr/include/c++/13/bits/allocated_ptr.h
Excluding /usr/include/c++/13/bits/allocator.h
Excluding /usr/include/c++/13/bits/atomic_base.h
Excluding /usr/include/c++/13/bits/basic_string.h
Excluding /usr/include/c++/13/bits/basic_string.tcc
Excluding /usr/include/c++/13/bits/char_traits.h
Excluding /usr/include/c++/13/bits/charconv.h
Excluding /usr/include/c++/13/bits/chrono.h
Excluding /usr/include/c++/13/bits/cpp_type_traits.h
Excluding /usr/include/c++/13/bits/deque.tcc
Excluding /usr/include/c++/13/bits/enable_special_members.h
Excluding /usr/include/c++/13/bits/exception.h
Excluding /usr/include/c++/13/bits/fs_dir.h
Excluding /usr/include/c++/13/bits/fs_ops.h
Excluding /usr/include/c++/13/bits/fs_path.h
Excluding /usr/include/c++/13/bits/functional_hash.h
Excluding /usr/include/c++/13/bits/hashtable.h
Excluding /usr/include/c++/13/bits/hashtable_policy.h
Excluding /usr/include/c++/13/bits/invoke.h
Excluding /usr/include/c++/13/bits/ios_base.h
Excluding /usr/include/c++/13/bits/list.tcc
Excluding /usr/include/c++/13/bits/move.h
Excluding /usr/include/c++/13/bits/new_allocator.h
Excluding /usr/include/c++/13/bits/postypes.h
Excluding /usr/include/c++/13/bits/predefined_ops.h
Excluding /usr/include/c++/13/bits/ptr_traits.h
Excluding /usr/include/c++/13/bits/random.h
Excluding /usr/include/c++/13/bits/random.tcc
Excluding /usr/include/c++/13/bits/range_access.h
Excluding /usr/include/c++/13/bits/refwrap.h
Excluding /usr/include/c++/13/bits/shared_ptr.h
Excluding /usr/include/c++/13/bits/shared_ptr_base.h
Excluding /usr/include/c++/13/bits/std_abs.h
Excluding /usr/include/c++/13/bits/std_function.h
Excluding /usr/include/c++/13/bits/std_mutex.h
Excluding /usr/include/c++/13/bits/std_thread.h
Excluding /usr/include/c++/13/bits/stl_algo.h
Excluding /usr/include/c++/13/bits/stl_algobase.h
Excluding /usr/include/c++/13/bits/stl_construct.h
Excluding /usr/include/c++/13/bits/stl_deque.h
Excluding /usr/include/c++/13/bits/stl_function.h
Excluding /usr/include/c++/13/bits/stl_heap.h
Excluding /usr/include/c++/13/bits/stl_iterator.h
Excluding /usr/include/c++/13/bits/stl_iterator_base_funcs.h
Excluding /usr/include/c++/13/bits/stl_iterator_base_types.h
Excluding /usr/include/c++/13/bits/stl_list.h
Excluding /usr/include/c++/13/bits/stl_map.h
Excluding /usr/include/c++/13/bits/stl_numeric.h
Excluding /usr/include/c++/13/bits/stl_pair.h
Excluding /usr/include/c++/13/bits/stl_set.h
Excluding /usr/include/c++/13/bits/stl_stack.h
Excluding /usr/include/c++/13/bits/stl_tempbuf.h
Excluding /usr/include/c++/13/bits/stl_tree.h
Excluding /usr/include/c++/13/bits/stl_uninitialized.h
Excluding /usr/include/c++/13/bits/stl_vector.h
Excluding /usr/include/c++/13/bits/string_view.tcc
Excluding /usr/include/c++/13/bits/this_thread_sleep.h
Excluding /usr/include/c++/13/bits/uniform_int_dist.h
Excluding /usr/include/c++/13/bits/unique_lock.h
Excluding /usr/include/c++/13/bits/unique_ptr.h
Excluding /usr/include/c++/13/bits/unordered_map.h
Excluding /usr/include/c++/13/bits/unordered_set.h
Excluding /usr/include/c++/13/bits/utility.h
Excluding /usr/include/c++/13/bits/vector.tcc
Excluding /usr/include/c++/13/cmath
Excluding /usr/include/c++/13/ext/aligned_buffer.h
Excluding /usr/include/c++/13/ext/alloc_traits.h
Excluding /usr/include/c++/13/ext/atomicity.h
Excluding /usr/include/c++/13/ext/string_conversions.h
Excluding /usr/include/c++/13/fstream
Excluding /usr/include/c++/13/functional
Excluding /usr/include/c++/13/initializer_list
Excluding /usr/include/c++/13/iomanip
Excluding /usr/include/c++/13/limits
Excluding /usr/include/c++/13/new
Excluding /usr/include/c++/13/optional
Excluding /usr/include/c++/13/string_view
Excluding /usr/include/c++/13/system_error
Excluding /usr/include/c++/13/tuple
Excluding /usr/include/c++/13/type_traits
Excluding /usr/include/c++/13/typeinfo
Excluding /usr/include/c++/13/utility
Excluding /usr/include/c++/13/variant
Excluding /usr/include/elf.h
Excluding /usr/include/netinet/in.h
Excluding /usr/include/x86_64-linux-gnu/bits/fcntl2.h
Excluding /usr/include/x86_64-linux-gnu/bits/poll2.h
Excluding /usr/include/x86_64-linux-gnu/bits/pthreadtypes.h
Excluding /usr/include/x86_64-linux-gnu/bits/stdio2.h
Excluding /usr/include/x86_64-linux-gnu/bits/string_fortified.h
Excluding /usr/include/x86_64-linux-gnu/bits/types/struct_timespec.h
Excluding /usr/include/x86_64-linux-gnu/bits/types/struct_timeval.h
Excluding /usr/include/x86_64-linux-gnu/bits/types/struct_tm.h
Excluding /usr/include/x86_64-linux-gnu/bits/unistd.h
Excluding /usr/include/x86_64-linux-gnu/c++/13/bits/c++config.h
Excluding /usr/include/x86_64-linux-gnu/c++/13/bits/gthr-default.h
Excluding /usr/include/x86_64-linux-gnu/sys/poll.h
Excluding /usr/lib/gcc/x86_64-linux-gnu/13/include/emmintrin.h
Removed 2280 files
Writing data to /root/audit/results/final/coverage/final/scope.info
Summary coverage rate:
  lines......: 100.0% (897 of 897 lines)
  functions..: 98.4% (60 of 61 functions)
  branches...: 77.6% (859 of 1107 branches)
