$ make tests PX4_CMAKE_BUILD_TYPE=Coverage TESTFILTER=__no_tests__   (2026-10-01T12:34:32Z)
-- PX4_GIT_TAG: v1.17.0
CMake Warning (policy) at CMakeLists.txt:176 (find_package):
  Policy CMP0148 is not set: The FindPythonInterp and FindPythonLibs modules
  are removed.  Run "cmake --help-policy CMP0148" for policy details.  Use
  the cmake_policy command to set the policy and suppress this warning.
This warning is for project developers.  Use -Wno-author or -Wno-policy to
suppress it.

-- PX4 config file: /home/dns/Desktop/sqe-a2-px4-kit/PX4-Autopilot/boards/px4/sitl/test.px4board
-- PLATFORM posix
-- NOLOCKSTEP y
-- ROMFSROOT px4fmu_common
-- TESTING y
-- ETHERNET y
-- ROOT_PATH .
-- PARAM_FILE /fs/mtd_params
-- PX4 config: px4_sitl_test
-- PX4 platform: posix
-- PX4 lockstep: disabled
-- cmake build type: Coverage
-- Building for code coverage
-- Coverage instrumentation enabled with flags: --coverage;-fprofile-update=atomic
-- ccache enabled (export CCACHE_DISABLE=1 to disable)
-- Adding fuzztest
CMake Warning at build/px4_sitl_test/_deps/abseil-cpp-src/CMakeLists.txt:177 (message):
    The default and system-level install directories are unsupported except in LTS   releases of Abseil.  Please set CMAKE_INSTALL_PREFIX to install Abseil in your   source or build tree directly.    


-- Building without demo. To enable demo build use: -DWITH_DEMO=True
CMake Warning (deprecated) at platforms/posix/src/px4/common/lockstep_scheduler/CMakeLists.txt:1 (cmake_minimum_required):
  Compatibility with CMake < 3.10 will be removed from a future version of
  CMake.

  Update the VERSION argument <min> value.  Or, use the <min>...<max> syntax
  to tell CMake that the project requires at least <min> but has been updated
  to work with policies introduced by <max> or earlier.
This warning is for project developers.  Use -Wno-author or -Wno-deprecated
to suppress it.

-- ADDING TEST STUBS
-- Could NOT find gz-transport (missing: gz-transport_DIR)
-- Gazebo simulation bridge module disabled: missing dependencies
-- Could NOT find Protobuf (missing: Protobuf_LIBRARIES Protobuf_INCLUDE_DIR) 
-- Could NOT find gz-transport (missing: gz-transport_DIR)
-- Could NOT find gz-sim (missing: gz-sim_DIR)
-- Could NOT find gz-sensors (missing: gz-sensors_DIR)
-- Could NOT find gz-plugin (missing: gz-plugin_DIR)
-- ROMFS: ROMFS/px4fmu_common
Architecture:  amd64
==> CPACK_INSTALL_PREFIX = @DEB_INSTALL_PREFIX@
-- Configuring done (2.4s)
-- Generating done (1.6s)
-- Build files have been written to: /home/dns/Desktop/sqe-a2-px4-kit/PX4-Autopilot/build/px4_sitl_test
[1/1657] Building CXX object _deps/abseil-cpp-build/absl/debugging/CMakeFiles/utf8_for_code_point.dir/internal/utf8_for_code_point.cc.o
[2/1657] Linking CXX static library _deps/abseil-cpp-build/absl/debugging/libabsl_utf8_for_code_point.a
[3/1657] Building CXX object _deps/abseil-cpp-build/absl/base/CMakeFiles/base.dir/internal/unscaledcycleclock.cc.o
[4/1657] Building CXX object _deps/abseil-cpp-build/absl/strings/CMakeFiles/strings_internal.dir/internal/utf8.cc.o
[5/1657] Building CXX object _deps/abseil-cpp-build/absl/base/CMakeFiles/spinlock_wait.dir/internal/spinlock_wait.cc.o
[6/1657] Linking CXX static library _deps/abseil-cpp-build/absl/base/libabsl_spinlock_wait.a
[7/1657] Building CXX object _deps/abseil-cpp-build/absl/base/CMakeFiles/base.dir/internal/cycleclock.cc.o
[8/1657] Building CXX object _deps/abseil-cpp-build/absl/base/CMakeFiles/raw_logging_internal.dir/internal/raw_logging.cc.o
[9/1657] Building CXX object _deps/abseil-cpp-build/absl/base/CMakeFiles/log_severity.dir/log_severity.cc.o
[10/1657] Linking CXX static library _deps/abseil-cpp-build/absl/base/libabsl_log_severity.a
[11/1657] Building CXX object _deps/abseil-cpp-build/absl/strings/CMakeFiles/strings_internal.dir/internal/ostringstream.cc.o
[12/1657] Linking CXX static library _deps/abseil-cpp-build/absl/base/libabsl_raw_logging_internal.a
[13/1657] Building CXX object _deps/abseil-cpp-build/absl/debugging/CMakeFiles/decode_rust_punycode.dir/internal/decode_rust_punycode.cc.o
[14/1657] Building CXX object _deps/abseil-cpp-build/absl/base/CMakeFiles/base.dir/internal/thread_identity.cc.o
[15/1657] Building CXX object _deps/abseil-cpp-build/absl/base/CMakeFiles/throw_delegate.dir/internal/throw_delegate.cc.o
[16/1657] Building CXX object _deps/abseil-cpp-build/absl/strings/CMakeFiles/string_view.dir/string_view.cc.o
[17/1657] Linking CXX static library _deps/abseil-cpp-build/absl/base/libabsl_throw_delegate.a
[18/1657] Building CXX object _deps/abseil-cpp-build/absl/crc/CMakeFiles/crc_cpu_detect.dir/internal/cpu_detect.cc.o
[19/1657] Building CXX object _deps/abseil-cpp-build/absl/strings/CMakeFiles/strings_internal.dir/internal/escaping.cc.o
[20/1657] Building CXX object _deps/abseil-cpp-build/absl/base/CMakeFiles/base.dir/internal/spinlock.cc.o
[21/1657] Building CXX object _deps/abseil-cpp-build/absl/numeric/CMakeFiles/int128.dir/int128.cc.o
[22/1657] Building CXX object _deps/abseil-cpp-build/absl/debugging/CMakeFiles/demangle_rust.dir/internal/demangle_rust.cc.o
[23/1657] Building CXX object _deps/abseil-cpp-build/absl/strings/CMakeFiles/strings.dir/ascii.cc.o
[24/1657] Building CXX object _deps/abseil-cpp-build/absl/strings/CMakeFiles/strings.dir/internal/memutil.cc.o
[25/1657] Building CXX object _deps/abseil-cpp-build/absl/strings/CMakeFiles/strings.dir/internal/stringify_sink.cc.o
[26/1657] Building CXX object _deps/abseil-cpp-build/absl/base/CMakeFiles/base.dir/internal/sysinfo.cc.o
[27/1657] Linking CXX static library _deps/abseil-cpp-build/absl/base/libabsl_base.a
[28/1657] Linking CXX static library _deps/abseil-cpp-build/absl/debugging/libabsl_decode_rust_punycode.a
[29/1657] Linking CXX static library _deps/abseil-cpp-build/absl/numeric/libabsl_int128.a
[30/1657] Building CXX object _deps/abseil-cpp-build/absl/strings/CMakeFiles/strings.dir/charconv.cc.o
[31/1657] Linking CXX static library _deps/abseil-cpp-build/absl/strings/libabsl_string_view.a
[32/1657] Linking CXX static library _deps/abseil-cpp-build/absl/strings/libabsl_strings_internal.a
[33/1657] Building CXX object _deps/abseil-cpp-build/absl/strings/CMakeFiles/strings.dir/internal/charconv_parse.cc.o
[34/1657] Building CXX object _deps/abseil-cpp-build/absl/strings/CMakeFiles/strings.dir/internal/charconv_bigint.cc.o
[35/1657] Building CXX object _deps/abseil-cpp-build/absl/strings/CMakeFiles/strings.dir/internal/damerau_levenshtein_distance.cc.o
[36/1657] Building CXX object _deps/abseil-cpp-build/absl/strings/CMakeFiles/strings.dir/match.cc.o
[37/1657] Building CXX object _deps/abseil-cpp-build/absl/strings/CMakeFiles/strings.dir/escaping.cc.o
[38/1657] Building CXX object _deps/abseil-cpp-build/absl/time/CMakeFiles/civil_time.dir/internal/cctz/src/civil_time_detail.cc.o
[39/1657] Building CXX object _deps/abseil-cpp-build/absl/strings/CMakeFiles/strings.dir/str_split.cc.o
[40/1657] Building CXX object _deps/abseil-cpp-build/absl/time/CMakeFiles/time_zone.dir/internal/cctz/src/time_zone_fixed.cc.o
[41/1657] Linking CXX static library _deps/abseil-cpp-build/absl/crc/libabsl_crc_cpu_detect.a
[42/1657] Building CXX object _deps/abseil-cpp-build/absl/time/CMakeFiles/time_zone.dir/internal/cctz/src/time_zone_posix.cc.o
[43/1657] Building CXX object _deps/abseil-cpp-build/absl/strings/CMakeFiles/strings.dir/str_cat.cc.o
[44/1657] Building CXX object _deps/abseil-cpp-build/absl/strings/CMakeFiles/strings.dir/numbers.cc.o
[45/1657] Building CXX object _deps/abseil-cpp-build/absl/time/CMakeFiles/time_zone.dir/internal/cctz/src/time_zone_if.cc.o
[46/1657] Building CXX object _deps/abseil-cpp-build/absl/time/CMakeFiles/time_zone.dir/internal/cctz/src/time_zone_format.cc.o
[47/1657] Building CXX object _deps/abseil-cpp-build/absl/strings/CMakeFiles/strings.dir/str_replace.cc.o
[48/1657] Linking CXX static library _deps/abseil-cpp-build/absl/debugging/libabsl_demangle_rust.a
[49/1657] Building CXX object _deps/abseil-cpp-build/absl/time/CMakeFiles/time_zone.dir/internal/cctz/src/zone_info_source.cc.o
[50/1657] Building CXX object _deps/abseil-cpp-build/absl/debugging/CMakeFiles/debugging_internal.dir/internal/address_is_readable.cc.o
[51/1657] Building CXX object _deps/abseil-cpp-build/absl/debugging/CMakeFiles/debugging_internal.dir/internal/elf_mem_image.cc.o
[52/1657] Building CXX object _deps/abseil-cpp-build/absl/time/CMakeFiles/time_zone.dir/internal/cctz/src/time_zone_libc.cc.o
[53/1657] Building CXX object _deps/abseil-cpp-build/absl/strings/CMakeFiles/strings.dir/substitute.cc.o
[54/1657] Building CXX object _deps/abseil-cpp-build/absl/time/CMakeFiles/time_zone.dir/internal/cctz/src/time_zone_lookup.cc.o
[55/1657] Building CXX object _deps/abseil-cpp-build/absl/debugging/CMakeFiles/debugging_internal.dir/internal/vdso_support.cc.o
[56/1657] Linking CXX static library _deps/abseil-cpp-build/absl/strings/libabsl_strings.a
[57/1657] Building CXX object _deps/abseil-cpp-build/absl/base/CMakeFiles/malloc_internal.dir/internal/low_level_alloc.cc.o
[58/1657] Building CXX object _deps/abseil-cpp-build/absl/time/CMakeFiles/time_zone.dir/internal/cctz/src/time_zone_impl.cc.o
[59/1657] Building CXX object _deps/abseil-cpp-build/absl/crc/CMakeFiles/crc_internal.dir/internal/crc.cc.o
[60/1657] Building CXX object _deps/abseil-cpp-build/absl/crc/CMakeFiles/crc_internal.dir/internal/crc_x86_arm_combined.cc.o
[61/1657] Linking CXX static library _deps/abseil-cpp-build/absl/time/libabsl_civil_time.a
[62/1657] Linking CXX static library _deps/abseil-cpp-build/absl/base/libabsl_malloc_internal.a
[63/1657] Building CXX object _deps/abseil-cpp-build/absl/base/CMakeFiles/tracing_internal.dir/internal/tracing.cc.o
[64/1657] Linking CXX static library _deps/abseil-cpp-build/absl/crc/libabsl_crc_internal.a
[65/1657] Building CXX object _deps/abseil-cpp-build/absl/strings/CMakeFiles/str_format_internal.dir/internal/str_format/output.cc.o
[66/1657] Building CXX object _deps/abseil-cpp-build/absl/debugging/CMakeFiles/demangle_internal.dir/internal/demangle.cc.o
[67/1657] Building CXX object _deps/abseil-cpp-build/absl/strings/CMakeFiles/str_format_internal.dir/internal/str_format/extension.cc.o
[68/1657] Building CXX object _deps/abseil-cpp-build/absl/time/CMakeFiles/time.dir/clock.cc.o
[69/1657] Building CXX object _deps/abseil-cpp-build/absl/time/CMakeFiles/time.dir/format.cc.o
[70/1657] Building CXX object _deps/abseil-cpp-build/absl/time/CMakeFiles/time.dir/civil_time.cc.o
[71/1657] Linking CXX static library _deps/abseil-cpp-build/absl/debugging/libabsl_debugging_internal.a
[72/1657] Linking CXX static library _deps/abseil-cpp-build/absl/debugging/libabsl_demangle_internal.a
[73/1657] Building CXX object _deps/abseil-cpp-build/absl/time/CMakeFiles/time_zone.dir/internal/cctz/src/time_zone_info.cc.o
[74/1657] Linking CXX static library _deps/abseil-cpp-build/absl/time/libabsl_time_zone.a
[75/1657] Building CXX object _deps/abseil-cpp-build/absl/strings/CMakeFiles/str_format_internal.dir/internal/str_format/bind.cc.o
[76/1657] Linking CXX static library _deps/abseil-cpp-build/absl/base/libabsl_tracing_internal.a
[77/1657] Building CXX object _deps/abseil-cpp-build/absl/debugging/CMakeFiles/stacktrace.dir/stacktrace.cc.o
[78/1657] Linking CXX static library _deps/abseil-cpp-build/absl/debugging/libabsl_stacktrace.a
[79/1657] Building CXX object _deps/abseil-cpp-build/absl/time/CMakeFiles/time.dir/duration.cc.o
[80/1657] Building CXX object _deps/abseil-cpp-build/absl/strings/CMakeFiles/str_format_internal.dir/internal/str_format/arg.cc.o
[81/1657] Building CXX object _deps/abseil-cpp-build/absl/time/CMakeFiles/time.dir/time.cc.o
[82/1657] Building CXX object _deps/abseil-cpp-build/absl/strings/CMakeFiles/str_format_internal.dir/internal/str_format/float_conversion.cc.o
[83/1657] Linking CXX static library _deps/abseil-cpp-build/absl/time/libabsl_time.a
[84/1657] Building CXX object _deps/abseil-cpp-build/absl/crc/CMakeFiles/crc32c.dir/crc32c.cc.o
[85/1657] Building CXX object _deps/abseil-cpp-build/absl/strings/CMakeFiles/str_format_internal.dir/internal/str_format/parser.cc.o
[86/1657] Linking CXX static library _deps/abseil-cpp-build/absl/strings/libabsl_str_format_internal.a
[87/1657] Building CXX object _deps/abseil-cpp-build/absl/profiling/CMakeFiles/exponential_biased.dir/internal/exponential_biased.cc.o
[88/1657] Building CXX object _deps/abseil-cpp-build/absl/crc/CMakeFiles/crc32c.dir/internal/crc_memcpy_fallback.cc.o
[89/1657] Building CXX object _deps/abseil-cpp-build/absl/crc/CMakeFiles/crc32c.dir/internal/crc_memcpy_x86_arm_combined.cc.o
[90/1657] Building CXX object _deps/abseil-cpp-build/absl/hash/CMakeFiles/city.dir/internal/city.cc.o
[91/1657] Building CXX object _deps/abseil-cpp-build/absl/debugging/CMakeFiles/symbolize.dir/symbolize.cc.o
[92/1657] Building CXX object _deps/abseil-cpp-build/absl/log/CMakeFiles/log_internal_fnmatch.dir/internal/fnmatch.cc.o
[93/1657] Building CXX object _deps/abseil-cpp-build/absl/synchronization/CMakeFiles/kernel_timeout_internal.dir/internal/kernel_timeout.cc.o
[94/1657] Linking CXX static library _deps/abseil-cpp-build/absl/debugging/libabsl_symbolize.a
[95/1657] Linking CXX static library _deps/abseil-cpp-build/absl/synchronization/libabsl_kernel_timeout_internal.a
[96/1657] Building CXX object _deps/abseil-cpp-build/absl/synchronization/CMakeFiles/graphcycles_internal.dir/internal/graphcycles.cc.o
[97/1657] Building CXX object _deps/abseil-cpp-build/absl/synchronization/CMakeFiles/synchronization.dir/internal/win32_waiter.cc.o
[98/1657] Building CXX object _deps/abseil-cpp-build/absl/crc/CMakeFiles/crc32c.dir/internal/crc_non_temporal_memcpy.cc.o
[99/1657] Linking CXX static library _deps/abseil-cpp-build/absl/synchronization/libabsl_graphcycles_internal.a
[100/1657] Linking CXX static library _deps/abseil-cpp-build/absl/crc/libabsl_crc32c.a
[101/1657] Building CXX object src/lib/perf/CMakeFiles/perf.dir/perf_counter.cpp.o
[102/1657] Building CXX object _deps/abseil-cpp-build/absl/synchronization/CMakeFiles/synchronization.dir/barrier.cc.o
[103/1657] Building CXX object _deps/abseil-cpp-build/absl/hash/CMakeFiles/low_level_hash.dir/internal/low_level_hash.cc.o
[104/1657] Building C object platforms/common/work_queue/CMakeFiles/work_queue.dir/dq_rem.c.o
[105/1657] Building C object platforms/common/work_queue/CMakeFiles/work_queue.dir/dq_addlast.c.o
[106/1657] Building C object platforms/common/work_queue/CMakeFiles/work_queue.dir/hrt_queue.c.o
[107/1657] Building C object platforms/common/work_queue/CMakeFiles/work_queue.dir/dq_remfirst.c.o
[108/1657] Building CXX object src/lib/tinybson/CMakeFiles/tinybson.dir/tinybson.cpp.o
[109/1657] Building C object platforms/common/work_queue/CMakeFiles/work_queue.dir/hrt_thread.c.o
[110/1657] Building CXX object _deps/abseil-cpp-build/absl/synchronization/CMakeFiles/synchronization.dir/blocking_counter.cc.o
[111/1657] Building C object platforms/common/work_queue/CMakeFiles/work_queue.dir/hrt_work_cancel.c.o
[112/1657] Building C object platforms/common/work_queue/CMakeFiles/work_queue.dir/queue.c.o
[113/1657] Building C object platforms/common/work_queue/CMakeFiles/work_queue.dir/sq_addafter.c.o
[114/1657] Building C object platforms/common/work_queue/CMakeFiles/work_queue.dir/sq_addlast.c.o
[115/1657] Building C object platforms/common/work_queue/CMakeFiles/work_queue.dir/sq_remfirst.c.o
[116/1657] Building C object platforms/common/work_queue/CMakeFiles/work_queue.dir/work_cancel.c.o
[117/1657] Building C object platforms/common/work_queue/CMakeFiles/work_queue.dir/work_thread.c.o
[118/1657] Building C object platforms/common/work_queue/CMakeFiles/work_queue.dir/work_lock.c.o
[119/1657] Building C object platforms/common/work_queue/CMakeFiles/work_queue.dir/work_queue.c.o
[120/1657] Building CXX object _deps/abseil-cpp-build/absl/synchronization/CMakeFiles/synchronization.dir/internal/sem_waiter.cc.o
[121/1657] Building CXX object _deps/abseil-cpp-build/absl/crc/CMakeFiles/crc_cord_state.dir/internal/crc_cord_state.cc.o
[122/1657] Building CXX object boards/px4/sitl/src/CMakeFiles/drivers_board.dir/board_shutdown.cpp.o
[123/1657] Linking CXX static library _deps/abseil-cpp-build/absl/hash/libabsl_city.a
[124/1657] Building CXX object _deps/abseil-cpp-build/absl/synchronization/CMakeFiles/synchronization.dir/internal/futex_waiter.cc.o
[125/1657] Linking CXX static library _deps/abseil-cpp-build/absl/hash/libabsl_low_level_hash.a
[126/1657] Linking CXX static library _deps/abseil-cpp-build/absl/crc/libabsl_crc_cord_state.a
[127/1657] Linking CXX static library _deps/abseil-cpp-build/absl/log/libabsl_log_internal_fnmatch.a
[128/1657] Linking CXX static library _deps/abseil-cpp-build/absl/profiling/libabsl_exponential_biased.a
[129/1657] Building CXX object _deps/abseil-cpp-build/absl/synchronization/CMakeFiles/synchronization.dir/internal/pthread_waiter.cc.o
[130/1657] Building C object boards/px4/sitl/src/CMakeFiles/drivers_board.dir/sitl_led.c.o
[131/1657] Building CXX object _deps/abseil-cpp-build/absl/synchronization/CMakeFiles/synchronization.dir/internal/create_thread_identity.cc.o
[132/1657] Building CXX object _deps/abseil-cpp-build/absl/synchronization/CMakeFiles/synchronization.dir/internal/stdcpp_waiter.cc.o
[133/1657] Building CXX object _deps/abseil-cpp-build/absl/synchronization/CMakeFiles/synchronization.dir/internal/per_thread_sem.cc.o
[134/1657] Building CXX object _deps/abseil-cpp-build/absl/synchronization/CMakeFiles/synchronization.dir/internal/waiter_base.cc.o
[135/1657] Linking CXX static library src/lib/perf/libperf.a
[136/1657] Linking CXX static library src/lib/tinybson/libtinybson.a
[137/1657] Linking CXX static library boards/px4/sitl/src/libdrivers_board.a
[138/1657] Linking C static library platforms/common/work_queue/libwork_queue.a
[139/1657] Building CXX object src/lib/parameters/CMakeFiles/parameters.dir/atomic_transaction.cpp.o
[140/1657] Building CXX object _deps/abseil-cpp-build/absl/strings/CMakeFiles/cord_internal.dir/internal/cord_rep_btree_reader.cc.o
[141/1657] Building CXX object _deps/abseil-cpp-build/absl/strings/CMakeFiles/cord_internal.dir/internal/cord_rep_btree_navigator.cc.o
[142/1657] Building CXX object _deps/abseil-cpp-build/absl/synchronization/CMakeFiles/synchronization.dir/notification.cc.o
[143/1657] Building CXX object _deps/abseil-cpp-build/absl/hash/CMakeFiles/hash.dir/internal/hash.cc.o
[144/1657] Building CXX object src/lib/parameters/CMakeFiles/parameters.dir/param_translation_unit_tests.cpp.o
[145/1657] Linking CXX static library _deps/abseil-cpp-build/absl/hash/libabsl_hash.a
[146/1657] Building CXX object src/lib/parameters/CMakeFiles/parameters.dir/autosave.cpp.o
[147/1657] Building CXX object _deps/abseil-cpp-build/absl/strings/CMakeFiles/cord_internal.dir/internal/cord_rep_consume.cc.o
[148/1657] Building CXX object src/lib/parameters/CMakeFiles/parameters.dir/parameters.cpp.o
[149/1657] Building CXX object _deps/abseil-cpp-build/absl/synchronization/CMakeFiles/synchronization.dir/mutex.cc.o
[150/1657] Linking CXX static library _deps/abseil-cpp-build/absl/synchronization/libabsl_synchronization.a
[151/1657] Building CXX object _deps/abseil-cpp-build/absl/strings/CMakeFiles/cordz_functions.dir/internal/cordz_functions.cc.o
[152/1657] Building CXX object platforms/common/px4_work_queue/CMakeFiles/px4_work_queue.dir/WorkItem.cpp.o
[153/1657] Linking CXX static library _deps/abseil-cpp-build/absl/strings/libabsl_cordz_functions.a
[154/1657] Building CXX object platforms/common/px4_work_queue/CMakeFiles/px4_work_queue.dir/ScheduledWorkItem.cpp.o
[155/1657] Building CXX object platforms/common/px4_work_queue/CMakeFiles/px4_work_queue.dir/WorkItemSingleShot.cpp.o
[156/1657] Linking CXX static library src/lib/parameters/libparameters.a
[157/1657] Building CXX object platforms/common/px4_work_queue/CMakeFiles/px4_work_queue.dir/WorkQueueManager.cpp.o
[158/1657] Building CXX object platforms/common/px4_work_queue/CMakeFiles/px4_work_queue.dir/WorkQueue.cpp.o
[159/1657] Building CXX object _deps/abseil-cpp-build/absl/strings/CMakeFiles/cord_internal.dir/internal/cord_internal.cc.o
[160/1657] Building CXX object _deps/abseil-cpp-build/absl/strings/CMakeFiles/cord_internal.dir/internal/cord_rep_crc.cc.o
[161/1657] Building CXX object _deps/abseil-cpp-build/absl/strings/CMakeFiles/cordz_handle.dir/internal/cordz_handle.cc.o
[162/1657] Building CXX object _deps/abseil-cpp-build/absl/debugging/CMakeFiles/leak_check.dir/leak_check.cc.o
[163/1657] Linking CXX static library _deps/abseil-cpp-build/absl/strings/libabsl_cordz_handle.a
[164/1657] Building CXX object _deps/abseil-cpp-build/absl/log/CMakeFiles/vlog_config_internal.dir/internal/vlog_config.cc.o
[165/1657] Linking CXX static library _deps/abseil-cpp-build/absl/log/libabsl_vlog_config_internal.a
[166/1657] Building CXX object _deps/abseil-cpp-build/absl/log/CMakeFiles/log_internal_nullguard.dir/internal/nullguard.cc.o
[167/1657] Building CXX object _deps/abseil-cpp-build/absl/random/CMakeFiles/random_internal_platform.dir/internal/randen_round_keys.cc.o
[168/1657] Building C object platforms/common/CMakeFiles/px4_platform.dir/board_common.c.o
[169/1657] Building CXX object _deps/abseil-cpp-build/absl/log/CMakeFiles/log_internal_proto.dir/internal/proto.cc.o
[170/1657] Linking CXX static library _deps/abseil-cpp-build/absl/log/libabsl_log_internal_proto.a
[171/1657] Building CXX object _deps/abseil-cpp-build/absl/base/CMakeFiles/strerror.dir/internal/strerror.cc.o
[172/1657] Building CXX object _deps/abseil-cpp-build/absl/log/CMakeFiles/log_internal_globals.dir/internal/globals.cc.o
[173/1657] Building CXX object _deps/abseil-cpp-build/absl/strings/CMakeFiles/cord_internal.dir/internal/cord_rep_btree.cc.o
[174/1657] Building CXX object _deps/abseil-cpp-build/absl/log/CMakeFiles/log_sink.dir/log_sink.cc.o
[175/1657] Linking CXX static library _deps/abseil-cpp-build/absl/log/libabsl_log_internal_globals.a
[176/1657] Building C object platforms/common/CMakeFiles/px4_platform.dir/board_identity.c.o
[177/1657] Linking CXX static library _deps/abseil-cpp-build/absl/log/libabsl_log_sink.a
[178/1657] Building CXX object platforms/common/CMakeFiles/px4_platform.dir/external_reset_lockout.cpp.o
[179/1657] Linking CXX static library _deps/abseil-cpp-build/absl/strings/libabsl_cord_internal.a
[180/1657] Building CXX object platforms/common/CMakeFiles/px4_platform.dir/i2c.cpp.o
[181/1657] Building C object platforms/common/CMakeFiles/px4_platform.dir/px4_getopt.c.o
[182/1657] Building CXX object platforms/common/CMakeFiles/px4_platform.dir/px4_cli.cpp.o
[183/1657] Building CXX object platforms/common/CMakeFiles/px4_platform.dir/spi.cpp.o
[184/1657] Building CXX object platforms/common/CMakeFiles/px4_platform.dir/module.cpp.o
[185/1657] Building CXX object platforms/common/CMakeFiles/px4_platform.dir/shutdown.cpp.o
[186/1657] Building C object platforms/common/CMakeFiles/px4_platform.dir/pab_manifest.c.o
[187/1657] Linking CXX static library platforms/common/px4_work_queue/libpx4_work_queue.a
[188/1657] Linking CXX static library _deps/abseil-cpp-build/absl/base/libabsl_strerror.a
[189/1657] Linking CXX static library _deps/abseil-cpp-build/absl/debugging/libabsl_leak_check.a
[190/1657] Building CXX object platforms/common/CMakeFiles/px4_platform.dir/Serial.cpp.o
[191/1657] Building CXX object platforms/common/CMakeFiles/px4_platform.dir/px4_log_history.cpp.o
[192/1657] Linking CXX static library _deps/abseil-cpp-build/absl/log/libabsl_log_internal_nullguard.a
[193/1657] Linking CXX static library _deps/abseil-cpp-build/absl/random/libabsl_random_internal_platform.a
[194/1657] Building CXX object platforms/common/CMakeFiles/px4_platform.dir/i2c_spi_buses.cpp.o
[195/1657] Building CXX object _deps/abseil-cpp-build/absl/debugging/CMakeFiles/examine_stack.dir/internal/examine_stack.cc.o
[196/1657] Linking CXX static library _deps/abseil-cpp-build/absl/debugging/libabsl_examine_stack.a
[197/1657] Building CXX object platforms/common/CMakeFiles/px4_platform.dir/px4_log.cpp.o
[198/1657] Building CXX object _deps/abseil-cpp-build/absl/log/CMakeFiles/log_internal_structured_proto.dir/internal/structured_proto.cc.o
[199/1657] Linking CXX static library _deps/abseil-cpp-build/absl/log/libabsl_log_internal_structured_proto.a
[200/1657] Building CXX object platforms/posix/src/px4/common/px4_daemon/CMakeFiles/px4_daemon.dir/history.cpp.o
[201/1657] Building CXX object _deps/abseil-cpp-build/absl/log/CMakeFiles/log_globals.dir/globals.cc.o
[202/1657] Linking CXX static library _deps/abseil-cpp-build/absl/log/libabsl_log_globals.a
[203/1657] Building CXX object _deps/abseil-cpp-build/absl/strings/CMakeFiles/cordz_info.dir/internal/cordz_info.cc.o
[204/1657] Building CXX object platforms/posix/src/px4/common/px4_daemon/CMakeFiles/px4_daemon.dir/client.cpp.o
[205/1657] Linking CXX static library _deps/abseil-cpp-build/absl/strings/libabsl_cordz_info.a
[206/1657] Building CXX object _deps/abseil-cpp-build/absl/random/CMakeFiles/random_internal_randen_hwaes_impl.dir/internal/randen_hwaes.cc.o
[207/1657] Building CXX object _deps/abseil-cpp-build/absl/log/CMakeFiles/log_internal_log_sink_set.dir/internal/log_sink_set.cc.o
[208/1657] Linking CXX static library platforms/common/libpx4_platform.a
[209/1657] Linking CXX static library _deps/abseil-cpp-build/absl/log/libabsl_log_internal_log_sink_set.a
[210/1657] Building CXX object _deps/abseil-cpp-build/absl/flags/CMakeFiles/flags_commandlineflag_internal.dir/internal/commandlineflag.cc.o
[211/1657] Building CXX object _deps/abseil-cpp-build/absl/log/CMakeFiles/log_internal_format.dir/internal/log_format.cc.o
[212/1657] Building CXX object platforms/posix/src/px4/common/px4_daemon/CMakeFiles/px4_daemon.dir/server_io.cpp.o
[213/1657] Linking CXX static library _deps/abseil-cpp-build/absl/log/libabsl_log_internal_format.a
[214/1657] Linking CXX static library _deps/abseil-cpp-build/absl/random/libabsl_random_internal_randen_hwaes_impl.a
[215/1657] Building CXX object _deps/abseil-cpp-build/absl/log/CMakeFiles/log_internal_conditions.dir/internal/conditions.cc.o
[216/1657] Building CXX object _deps/abseil-cpp-build/absl/strings/CMakeFiles/cord.dir/cord_analysis.cc.o
[217/1657] Building CXX object platforms/posix/src/px4/common/px4_daemon/CMakeFiles/px4_daemon.dir/sock_protocol.cpp.o
[218/1657] Building CXX object platforms/posix/src/px4/common/CMakeFiles/px4_layer.dir/px4_posix_impl.cpp.o
[219/1657] Building CXX object _deps/abseil-cpp-build/absl/log/CMakeFiles/log_internal_message.dir/internal/log_message.cc.o
[220/1657] Linking CXX static library _deps/abseil-cpp-build/absl/log/libabsl_log_internal_message.a
[221/1657] Building CXX object platforms/posix/src/px4/common/CMakeFiles/px4_layer.dir/px4_sem.cpp.o
[222/1657] Building CXX object platforms/posix/src/px4/common/CMakeFiles/px4_layer.dir/px4_init.cpp.o
[223/1657] Building CXX object platforms/posix/src/px4/common/px4_daemon/CMakeFiles/px4_daemon.dir/pxh.cpp.o
[224/1657] Building C object platforms/posix/src/px4/common/CMakeFiles/px4_layer.dir/lib_crc32.c.o
[225/1657] Building CXX object platforms/posix/src/px4/common/CMakeFiles/px4_layer.dir/cpuload.cpp.o
[226/1657] Building CXX object platforms/posix/src/px4/common/px4_daemon/CMakeFiles/px4_daemon.dir/server.cpp.o
[227/1657] Building CXX object _deps/abseil-cpp-build/absl/random/CMakeFiles/random_internal_randen_hwaes.dir/internal/randen_detect.cc.o
[228/1657] Building CXX object platforms/posix/src/px4/common/CMakeFiles/px4_layer.dir/print_load.cpp.o
[229/1657] Linking CXX static library platforms/posix/src/px4/common/px4_daemon/libpx4_daemon.a
[230/1657] Building CXX object platforms/posix/src/px4/common/CMakeFiles/px4_layer.dir/drv_hrt.cpp.o
[231/1657] Building CXX object platforms/posix/src/px4/common/CMakeFiles/px4_layer.dir/__/__/__/__/common/Serial.cpp.o
[232/1657] Building CXX object _deps/abseil-cpp-build/absl/random/CMakeFiles/random_internal_randen_slow.dir/internal/randen_slow.cc.o
[233/1657] Linking CXX static library _deps/abseil-cpp-build/absl/flags/libabsl_flags_commandlineflag_internal.a
[234/1657] Linking CXX static library _deps/abseil-cpp-build/absl/log/libabsl_log_internal_conditions.a
[235/1657] Building CXX object platforms/posix/src/px4/common/CMakeFiles/px4_layer.dir/tasks.cpp.o
[236/1657] Building CXX object platforms/posix/src/px4/common/CMakeFiles/px4_layer.dir/SerialImpl.cpp.o
[237/1657] Building CXX object test/fuzztest/common/CMakeFiles/fuzztest_sha1.dir/sha1.cc.o
[238/1657] Building CXX object _deps/abseil-cpp-build/absl/log/CMakeFiles/log_internal_check_op.dir/internal/check_op.cc.o
[239/1657] Linking CXX static library _deps/abseil-cpp-build/absl/log/libabsl_log_internal_check_op.a
[240/1657] Building CXX object _deps/abseil-cpp-build/absl/status/CMakeFiles/status.dir/status_payload_printer.cc.o
[241/1657] Linking CXX static library _deps/abseil-cpp-build/absl/random/libabsl_random_internal_randen_slow.a
[242/1657] Linking CXX static library _deps/abseil-cpp-build/absl/random/libabsl_random_internal_randen_hwaes.a
[243/1657] Building CXX object _deps/abseil-cpp-build/absl/status/CMakeFiles/status.dir/status.cc.o
[244/1657] Building CXX object _deps/abseil-cpp-build/absl/status/CMakeFiles/status.dir/internal/status_internal.cc.o
[245/1657] Building CXX object _deps/abseil-cpp-build/absl/container/CMakeFiles/hashtablez_sampler.dir/internal/hashtablez_sampler_force_weak_definition.cc.o
[246/1657] Building CXX object _deps/abseil-cpp-build/absl/random/CMakeFiles/random_seed_gen_exception.dir/seed_gen_exception.cc.o
[247/1657] Linking CXX static library test/fuzztest/common/libfuzztest_sha1.a
[248/1657] Linking CXX static library platforms/posix/src/px4/common/libpx4_layer.a
[249/1657] Building CXX object _deps/abseil-cpp-build/absl/random/CMakeFiles/random_internal_randen.dir/internal/randen.cc.o
[250/1657] Building CXX object _deps/abseil-cpp-build/absl/flags/CMakeFiles/flags_commandlineflag.dir/commandlineflag.cc.o
[251/1657] Building CXX object src/lib/mathlib/CMakeFiles/mathlib.dir/math/test/test.cpp.o
[252/1657] Linking CXX static library _deps/abseil-cpp-build/absl/flags/libabsl_flags_commandlineflag.a
[253/1657] Building CXX object _deps/abseil-cpp-build/absl/random/CMakeFiles/random_distributions.dir/gaussian_distribution.cc.o
[254/1657] Linking CXX static library _deps/abseil-cpp-build/absl/random/libabsl_random_seed_gen_exception.a
[255/1657] Building CXX object test/fuzztest/common/CMakeFiles/fuzztest_hash.dir/hash.cc.o
[256/1657] Linking CXX static library _deps/abseil-cpp-build/absl/random/libabsl_random_internal_randen.a
[257/1657] Building CXX object _deps/abseil-cpp-build/absl/flags/CMakeFiles/flags_program_name.dir/internal/program_name.cc.o
[258/1657] Building CXX object _deps/abseil-cpp-build/absl/container/CMakeFiles/hashtablez_sampler.dir/internal/hashtablez_sampler.cc.o
[259/1657] Building CXX object _deps/abseil-cpp-build/absl/strings/CMakeFiles/cord.dir/cord.cc.o
[260/1657] Linking CXX static library _deps/abseil-cpp-build/absl/flags/libabsl_flags_program_name.a
[261/1657] Linking CXX static library _deps/abseil-cpp-build/absl/container/libabsl_hashtablez_sampler.a
[262/1657] Building CXX object _deps/abseil-cpp-build/absl/random/CMakeFiles/random_distributions.dir/discrete_distribution.cc.o
[263/1657] Linking CXX static library test/fuzztest/common/libfuzztest_hash.a
[264/1657] Linking CXX static library _deps/abseil-cpp-build/absl/strings/libabsl_cord.a
[265/1657] Linking CXX static library _deps/abseil-cpp-build/absl/random/libabsl_random_distributions.a
[266/1657] Building CXX object _deps/abseil-cpp-build/absl/status/CMakeFiles/statusor.dir/statusor.cc.o
[267/1657] Linking CXX static library _deps/abseil-cpp-build/absl/status/libabsl_status.a
[268/1657] Linking CXX static library src/lib/mathlib/libmathlib.a
[269/1657] Linking CXX static library _deps/abseil-cpp-build/absl/status/libabsl_statusor.a
[270/1657] Building CXX object src/lib/hysteresis/CMakeFiles/hysteresis.dir/hysteresis.cpp.o
[271/1657] Building CXX object src/lib/motion_planning/CMakeFiles/motion_planning.dir/HeadingSmoothing.cpp.o
[272/1657] Building CXX object src/lib/motion_planning/CMakeFiles/motion_planning.dir/ManualVelocitySmoothingZ.cpp.o
[273/1657] Building CXX object src/lib/motion_planning/CMakeFiles/motion_planning.dir/ManualVelocitySmoothingXY.cpp.o
[274/1657] Building CXX object _deps/abseil-cpp-build/absl/flags/CMakeFiles/flags_private_handle_accessor.dir/internal/private_handle_accessor.cc.o
[275/1657] Building CXX object _deps/abseil-cpp-build/absl/random/CMakeFiles/random_internal_seed_material.dir/internal/seed_material.cc.o
[276/1657] Building CXX object src/lib/slew_rate/CMakeFiles/SlewRate.dir/dummy.cpp.o
[277/1657] Linking CXX static library _deps/abseil-cpp-build/absl/random/libabsl_random_internal_seed_material.a
[278/1657] Linking CXX static library _deps/abseil-cpp-build/absl/flags/libabsl_flags_private_handle_accessor.a
[279/1657] Building CXX object src/lib/motion_planning/CMakeFiles/motion_planning.dir/VelocitySmoothing.cpp.o
[280/1657] Building CXX object src/lib/motion_planning/CMakeFiles/motion_planning.dir/PositionSmoothing.cpp.o
[281/1657] Building CXX object src/modules/flight_mode_manager/tasks/FlightTask/CMakeFiles/FlightTask.dir/FlightTask.cpp.o
[282/1657] Building CXX object _deps/abseil-cpp-build/absl/flags/CMakeFiles/flags_config.dir/usage_config.cc.o
[283/1657] Linking CXX static library _deps/abseil-cpp-build/absl/flags/libabsl_flags_config.a
[284/1657] Building CXX object src/lib/sticks/CMakeFiles/Sticks.dir/Sticks.cpp.o
[285/1657] Building CXX object test/fuzztest/fuzztest/internal/CMakeFiles/fuzztest_logging.dir/logging.cc.o
[286/1657] Linking CXX static library test/fuzztest/fuzztest/internal/libfuzztest_logging.a
[287/1657] Building CXX object _deps/abseil-cpp-build/absl/random/CMakeFiles/random_internal_entropy_pool.dir/internal/entropy_pool.cc.o
[288/1657] Linking CXX static library _deps/abseil-cpp-build/absl/random/libabsl_random_internal_entropy_pool.a
[289/1657] Building CXX object test/fuzztest/common/CMakeFiles/fuzztest_remote_file.dir/remote_file.cc.o
[290/1657] Building CXX object _deps/abseil-cpp-build/absl/random/CMakeFiles/random_seed_sequences.dir/seed_sequences.cc.o
[291/1657] Building CXX object test/fuzztest/fuzztest/internal/domains/CMakeFiles/fuzztest_utf.dir/rune.cc.o
[292/1657] Building CXX object _deps/abseil-cpp-build/absl/flags/CMakeFiles/flags_marshalling.dir/marshalling.cc.o
[293/1657] Linking CXX static library _deps/abseil-cpp-build/absl/flags/libabsl_flags_marshalling.a
[294/1657] Linking CXX static library src/lib/hysteresis/libhysteresis.a
[295/1657] Linking CXX static library src/lib/motion_planning/libmotion_planning.a
[296/1657] Linking CXX static library src/lib/slew_rate/libSlewRate.a
[297/1657] Linking CXX static library src/lib/sticks/libSticks.a
[298/1657] Building CXX object _deps/abseil-cpp-build/absl/container/CMakeFiles/raw_hash_set.dir/internal/raw_hash_set.cc.o
[299/1657] Building CXX object test/fuzztest/common/CMakeFiles/fuzztest_remote_file.dir/remote_file_oss.cc.o
[300/1657] Building CXX object test/fuzztest/common/CMakeFiles/fuzztest_blob_file.dir/blob_file.cc.o
[301/1657] Linking CXX static library _deps/abseil-cpp-build/absl/container/libabsl_raw_hash_set.a
[302/1657] Linking CXX static library src/modules/flight_mode_manager/tasks/FlightTask/libFlightTask.a
[303/1657] Linking CXX static library test/fuzztest/common/libfuzztest_remote_file.a
[304/1657] Linking CXX static library test/fuzztest/common/libfuzztest_blob_file.a
[305/1657] Building CXX object _deps/abseil-cpp-build/absl/flags/CMakeFiles/flags_internal.dir/internal/flag.cc.o
[306/1657] Building CXX object src/lib/stick_yaw/CMakeFiles/StickYaw.dir/StickYaw.cpp.o
[307/1657] Linking CXX static library _deps/abseil-cpp-build/absl/flags/libabsl_flags_internal.a
[308/1657] Linking CXX static library _deps/abseil-cpp-build/absl/random/libabsl_random_seed_sequences.a
[309/1657] Building CXX object src/modules/flight_mode_manager/tasks/Utility/CMakeFiles/FlightTaskUtility.dir/Gimbal.cpp.o
[310/1657] Building CXX object test/fuzztest/fuzztest/internal/domains/CMakeFiles/fuzztest_utf.dir/utf.cc.o
[311/1657] Building CXX object src/modules/flight_mode_manager/tasks/Utility/CMakeFiles/FlightTaskUtility.dir/StickTiltXY.cpp.o
[312/1657] Building CXX object test/fuzztest/fuzztest/internal/CMakeFiles/fuzztest_type_support.dir/type_support.cc.o
[313/1657] Building CXX object test/fuzztest/fuzztest/internal/CMakeFiles/fuzztest_serialization.dir/serialization.cc.o
[314/1657] Linking CXX static library test/fuzztest/fuzztest/internal/libfuzztest_serialization.a
[315/1657] Linking CXX static library test/fuzztest/fuzztest/internal/libfuzztest_type_support.a
[316/1657] Linking CXX static library test/fuzztest/fuzztest/internal/domains/libfuzztest_utf.a
[317/1657] Building CXX object src/modules/flight_mode_manager/tasks/Utility/CMakeFiles/FlightTaskUtility.dir/StickAccelerationXY.cpp.o
[318/1657] Building CXX object msg/CMakeFiles/uorb_msgs.dir/topics_sources/action_request.cpp.o
[319/1657] Building CXX object msg/CMakeFiles/uorb_msgs.dir/topics_sources/actuator_armed.cpp.o
[320/1657] Building CXX object msg/CMakeFiles/uorb_msgs.dir/topics_sources/actuator_controls_status.cpp.o
[321/1657] Building CXX object test/fuzztest/fuzztest/internal/CMakeFiles/fuzztest_status.dir/status.cc.o
[322/1657] Linking CXX static library test/fuzztest/fuzztest/internal/libfuzztest_status.a
[323/1657] Building CXX object test/fuzztest/fuzztest/internal/CMakeFiles/fuzztest_configuration.dir/configuration.cc.o
[324/1657] Linking CXX static library test/fuzztest/fuzztest/internal/libfuzztest_configuration.a
[325/1657] Building CXX object msg/CMakeFiles/uorb_msgs.dir/topics_sources/actuator_outputs.cpp.o
[326/1657] Building CXX object test/fuzztest/fuzztest/CMakeFiles/fuzztest_fuzzing_bit_gen.dir/fuzzing_bit_gen.cc.o
[327/1657] Building CXX object msg/CMakeFiles/uorb_msgs.dir/topics_sources/actuator_servos_trim.cpp.o
[328/1657] Building CXX object msg/CMakeFiles/uorb_msgs.dir/topics_sources/adc_report.cpp.o
[329/1657] Building CXX object msg/CMakeFiles/uorb_msgs.dir/topics_sources/actuator_test.cpp.o
[330/1657] Building CXX object msg/CMakeFiles/uorb_msgs.dir/topics_sources/autotune_attitude_control_status.cpp.o
[331/1657] Building CXX object msg/CMakeFiles/uorb_msgs.dir/topics_sources/airspeed.cpp.o
[332/1657] Building CXX object msg/CMakeFiles/uorb_msgs.dir/topics_sources/airspeed_wind.cpp.o
[333/1657] Building CXX object msg/CMakeFiles/uorb_msgs.dir/topics_sources/button_event.cpp.o
[334/1657] Building CXX object msg/CMakeFiles/uorb_msgs.dir/topics_sources/battery_info.cpp.o
[335/1657] Building CXX object test/fuzztest/fuzztest/internal/CMakeFiles/fuzztest_corpus_database.dir/corpus_database.cc.o
[336/1657] Building CXX object test/fuzztest/fuzztest/internal/CMakeFiles/fuzztest_io.dir/io.cc.o
[337/1657] Building CXX object msg/CMakeFiles/uorb_msgs.dir/topics_sources/cellular_status.cpp.o
[338/1657] Building CXX object msg/CMakeFiles/uorb_msgs.dir/topics_sources/camera_status.cpp.o
[339/1657] Building CXX object msg/CMakeFiles/uorb_msgs.dir/topics_sources/camera_trigger.cpp.o
[340/1657] Linking CXX static library test/fuzztest/fuzztest/internal/libfuzztest_io.a
[341/1657] Building CXX object msg/CMakeFiles/uorb_msgs.dir/topics_sources/can_interface_status.cpp.o
[342/1657] Building CXX object msg/CMakeFiles/uorb_msgs.dir/topics_sources/camera_capture.cpp.o
[343/1657] Building CXX object msg/CMakeFiles/uorb_msgs.dir/topics_sources/control_allocator_status.cpp.o
[344/1657] Building CXX object msg/CMakeFiles/uorb_msgs.dir/topics_sources/debug_array.cpp.o
[345/1657] Building CXX object _deps/abseil-cpp-build/absl/flags/CMakeFiles/flags_usage_internal.dir/internal/usage.cc.o
[346/1657] Building CXX object msg/CMakeFiles/uorb_msgs.dir/topics_sources/cpuload.cpp.o
[347/1657] Building CXX object msg/CMakeFiles/uorb_msgs.dir/topics_sources/debug_key_value.cpp.o
[348/1657] Building CXX object msg/CMakeFiles/uorb_msgs.dir/topics_sources/dataman_request.cpp.o
[349/1657] Building CXX object test/fuzztest/fuzztest/internal/CMakeFiles/fuzztest_register_fuzzing_mocks.dir/register_fuzzing_mocks.cc.o
[350/1657] Linking CXX static library test/fuzztest/fuzztest/internal/libfuzztest_register_fuzzing_mocks.a
[351/1657] Building CXX object msg/CMakeFiles/uorb_msgs.dir/topics_sources/collision_constraints.cpp.o
[352/1657] Building CXX object msg/CMakeFiles/uorb_msgs.dir/topics_sources/dataman_response.cpp.o
[353/1657] Building CXX object msg/CMakeFiles/uorb_msgs.dir/topics_sources/debug_value.cpp.o
[354/1657] Linking CXX static library test/fuzztest/fuzztest/libfuzztest_fuzzing_bit_gen.a
[355/1657] Building CXX object test/fuzztest/fuzztest/internal/CMakeFiles/fuzztest_seed_seq.dir/seed_seq.cc.o
[356/1657] Building CXX object msg/CMakeFiles/uorb_msgs.dir/topics_sources/distance_sensor_mode_change_request.cpp.o
[357/1657] Building CXX object msg/CMakeFiles/uorb_msgs.dir/topics_sources/dronecan_node_status.cpp.o
[358/1657] Building CXX object msg/CMakeFiles/uorb_msgs.dir/topics_sources/distance_sensor.cpp.o
[359/1657] Building CXX object msg/CMakeFiles/uorb_msgs.dir/topics_sources/debug_vect.cpp.o
[360/1657] Building CXX object msg/CMakeFiles/uorb_msgs.dir/topics_sources/ekf2_timestamps.cpp.o
[361/1657] Building CXX object msg/CMakeFiles/uorb_msgs.dir/topics_sources/differential_pressure.cpp.o
[362/1657] Building CXX object msg/CMakeFiles/uorb_msgs.dir/topics_sources/esc_report.cpp.o
[363/1657] Building CXX object test/fuzztest/common/CMakeFiles/fuzztest_bazel.dir/bazel.cc.o
[364/1657] Building CXX object msg/CMakeFiles/uorb_msgs.dir/topics_sources/estimator_aid_source1d.cpp.o
[365/1657] Building CXX object msg/CMakeFiles/uorb_msgs.dir/topics_sources/estimator_aid_source3d.cpp.o
[366/1657] Building CXX object _deps/abseil-cpp-build/absl/flags/CMakeFiles/flags_reflection.dir/reflection.cc.o
[367/1657] Building CXX object msg/CMakeFiles/uorb_msgs.dir/topics_sources/estimator_aid_source2d.cpp.o
[368/1657] Building CXX object msg/CMakeFiles/uorb_msgs.dir/topics_sources/estimator_bias.cpp.o
[369/1657] Building CXX object msg/CMakeFiles/uorb_msgs.dir/topics_sources/esc_status.cpp.o
[370/1657] Linking CXX static library _deps/abseil-cpp-build/absl/flags/libabsl_flags_reflection.a
[371/1657] Building CXX object msg/CMakeFiles/uorb_msgs.dir/topics_sources/estimator_states.cpp.o
[372/1657] Building CXX object msg/CMakeFiles/uorb_msgs.dir/topics_sources/estimator_gps_status.cpp.o
[373/1657] Building CXX object msg/CMakeFiles/uorb_msgs.dir/topics_sources/estimator_innovations.cpp.o
[374/1657] Building CXX object msg/CMakeFiles/uorb_msgs.dir/topics_sources/estimator_selector_status.cpp.o
[375/1657] Building CXX object msg/CMakeFiles/uorb_msgs.dir/topics_sources/estimator_bias3d.cpp.o
[376/1657] Building CXX object msg/CMakeFiles/uorb_msgs.dir/topics_sources/estimator_sensor_bias.cpp.o
[377/1657] Building CXX object msg/CMakeFiles/uorb_msgs.dir/topics_sources/estimator_status.cpp.o
[378/1657] Building CXX object msg/CMakeFiles/uorb_msgs.dir/topics_sources/estimator_event_flags.cpp.o
[379/1657] Building CXX object msg/CMakeFiles/uorb_msgs.dir/topics_sources/failsafe_flags.cpp.o
[380/1657] Building CXX object msg/CMakeFiles/uorb_msgs.dir/topics_sources/figure_eight_status.cpp.o
[381/1657] Building CXX object msg/CMakeFiles/uorb_msgs.dir/topics_sources/estimator_status_flags.cpp.o
[382/1657] Building CXX object msg/CMakeFiles/uorb_msgs.dir/topics_sources/failure_detector_status.cpp.o
[383/1657] Building CXX object msg/CMakeFiles/uorb_msgs.dir/topics_sources/fixed_wing_lateral_status.cpp.o
[384/1657] Building CXX object msg/CMakeFiles/uorb_msgs.dir/topics_sources/fixed_wing_lateral_guidance_status.cpp.o
[385/1657] Building CXX object msg/CMakeFiles/uorb_msgs.dir/topics_sources/fixed_wing_runway_control.cpp.o
[386/1657] Building CXX object msg/CMakeFiles/uorb_msgs.dir/topics_sources/follow_target.cpp.o
[387/1657] Building CXX object msg/CMakeFiles/uorb_msgs.dir/topics_sources/fuel_tank_status.cpp.o
[388/1657] Building CXX object msg/CMakeFiles/uorb_msgs.dir/topics_sources/follow_target_estimator.cpp.o
[389/1657] Building CXX object msg/CMakeFiles/uorb_msgs.dir/topics_sources/follow_target_status.cpp.o
[390/1657] Building CXX object msg/CMakeFiles/uorb_msgs.dir/topics_sources/flight_phase_estimation.cpp.o
[391/1657] Building CXX object msg/CMakeFiles/uorb_msgs.dir/topics_sources/generator_status.cpp.o
[392/1657] Building CXX object msg/CMakeFiles/uorb_msgs.dir/topics_sources/gimbal_controls.cpp.o
[393/1657] Building CXX object msg/CMakeFiles/uorb_msgs.dir/topics_sources/gimbal_device_attitude_status.cpp.o
[394/1657] Building CXX object msg/CMakeFiles/uorb_msgs.dir/topics_sources/gimbal_manager_set_attitude.cpp.o
[395/1657] Building CXX object msg/CMakeFiles/uorb_msgs.dir/topics_sources/gimbal_device_information.cpp.o
[396/1657] Building CXX object msg/CMakeFiles/uorb_msgs.dir/topics_sources/gimbal_device_set_attitude.cpp.o
[397/1657] Building CXX object msg/CMakeFiles/uorb_msgs.dir/topics_sources/geofence_status.cpp.o
[398/1657] Building CXX object msg/CMakeFiles/uorb_msgs.dir/topics_sources/gimbal_manager_information.cpp.o
[399/1657] Building CXX object msg/CMakeFiles/uorb_msgs.dir/topics_sources/geofence_result.cpp.o
[400/1657] Building CXX object msg/CMakeFiles/uorb_msgs.dir/topics_sources/gpio_out.cpp.o
[401/1657] Building CXX object msg/CMakeFiles/uorb_msgs.dir/topics_sources/gimbal_manager_set_manual_control.cpp.o
[402/1657] Building CXX object test/fuzztest/fuzztest/internal/CMakeFiles/fuzztest_coverage.dir/coverage.cc.o
/home/dns/Desktop/sqe-a2-px4-kit/PX4-Autopilot/test/fuzztest/fuzztest/internal/coverage.cc:386:5: warning: ‘always_inline’ function might not be inlinable [-Wattributes]
  386 |     TraceCmp(uint64_t arg1, uint64_t arg2, uint8_t argsize_bit,
      |     ^~~~~~~~
/home/dns/Desktop/sqe-a2-px4-kit/PX4-Autopilot/test/fuzztest/fuzztest/internal/coverage.cc:386:5: warning: ‘always_inline’ function might not be inlinable [-Wattributes]
/home/dns/Desktop/sqe-a2-px4-kit/PX4-Autopilot/test/fuzztest/fuzztest/internal/coverage.cc:386:5: warning: ‘always_inline’ function might not be inlinable [-Wattributes]
/home/dns/Desktop/sqe-a2-px4-kit/PX4-Autopilot/test/fuzztest/fuzztest/internal/coverage.cc:386:5: warning: ‘always_inline’ function might not be inlinable [-Wattributes]
[403/1657] Building CXX object msg/CMakeFiles/uorb_msgs.dir/topics_sources/gpio_config.cpp.o
[404/1657] Building CXX object msg/CMakeFiles/uorb_msgs.dir/topics_sources/gps_dump.cpp.o
[405/1657] Building CXX object msg/CMakeFiles/uorb_msgs.dir/topics_sources/gripper.cpp.o
[406/1657] Building CXX object msg/CMakeFiles/uorb_msgs.dir/topics_sources/gps_inject_data.cpp.o
[407/1657] Building CXX object msg/CMakeFiles/uorb_msgs.dir/topics_sources/heater_status.cpp.o
[408/1657] Building CXX object msg/CMakeFiles/uorb_msgs.dir/topics_sources/gimbal_manager_status.cpp.o
[409/1657] Building CXX object msg/CMakeFiles/uorb_msgs.dir/topics_sources/health_report.cpp.o
[410/1657] Building CXX object msg/CMakeFiles/uorb_msgs.dir/topics_sources/gpio_request.cpp.o
[411/1657] Building CXX object msg/CMakeFiles/uorb_msgs.dir/topics_sources/gpio_in.cpp.o
[412/1657] Building CXX object msg/CMakeFiles/uorb_msgs.dir/topics_sources/internal_combustion_engine_control.cpp.o
[413/1657] Building CXX object msg/CMakeFiles/uorb_msgs.dir/topics_sources/iridiumsbd_status.cpp.o
[414/1657] Building CXX object msg/CMakeFiles/uorb_msgs.dir/topics_sources/input_rc.cpp.o
[415/1657] Building CXX object msg/CMakeFiles/uorb_msgs.dir/topics_sources/internal_combustion_engine_status.cpp.o
[416/1657] Building CXX object msg/CMakeFiles/uorb_msgs.dir/topics_sources/irlock_report.cpp.o
[417/1657] Building CXX object msg/CMakeFiles/uorb_msgs.dir/topics_sources/landing_gear.cpp.o
[418/1657] Building CXX object msg/CMakeFiles/uorb_msgs.dir/topics_sources/landing_gear_wheel.cpp.o
[419/1657] Building CXX object msg/CMakeFiles/uorb_msgs.dir/topics_sources/landing_target_innovations.cpp.o
[420/1657] Building CXX object msg/CMakeFiles/uorb_msgs.dir/topics_sources/landing_target_pose.cpp.o
[421/1657] Building CXX object msg/CMakeFiles/uorb_msgs.dir/topics_sources/hover_thrust_estimate.cpp.o
[422/1657] Building CXX object msg/CMakeFiles/uorb_msgs.dir/topics_sources/launch_detection_status.cpp.o
[423/1657] Building CXX object msg/CMakeFiles/uorb_msgs.dir/topics_sources/led_control.cpp.o
[424/1657] Building CXX object msg/CMakeFiles/uorb_msgs.dir/topics_sources/mavlink_log.cpp.o
[425/1657] Building CXX object msg/CMakeFiles/uorb_msgs.dir/topics_sources/log_message.cpp.o
[426/1657] Building CXX object msg/CMakeFiles/uorb_msgs.dir/topics_sources/manual_control_switches.cpp.o
[427/1657] Building CXX object msg/CMakeFiles/uorb_msgs.dir/topics_sources/magnetometer_bias_estimate.cpp.o
[428/1657] Building CXX object msg/CMakeFiles/uorb_msgs.dir/topics_sources/mavlink_tunnel.cpp.o
[429/1657] Building CXX object msg/CMakeFiles/uorb_msgs.dir/topics_sources/mag_worker_data.cpp.o
[430/1657] Building CXX object msg/CMakeFiles/uorb_msgs.dir/topics_sources/logger_status.cpp.o
[431/1657] Building CXX object msg/CMakeFiles/uorb_msgs.dir/topics_sources/message_format_request.cpp.o
[432/1657] Building CXX object msg/CMakeFiles/uorb_msgs.dir/topics_sources/mission.cpp.o
[433/1657] Building CXX object msg/CMakeFiles/uorb_msgs.dir/topics_sources/mission_result.cpp.o
[434/1657] Building CXX object msg/CMakeFiles/uorb_msgs.dir/topics_sources/message_format_response.cpp.o
[435/1657] Building CXX object msg/CMakeFiles/uorb_msgs.dir/topics_sources/mount_orientation.cpp.o
[436/1657] Building CXX object msg/CMakeFiles/uorb_msgs.dir/topics_sources/navigator_status.cpp.o
[437/1657] Building CXX object msg/CMakeFiles/uorb_msgs.dir/topics_sources/neural_control.cpp.o
[438/1657] Building CXX object msg/CMakeFiles/uorb_msgs.dir/topics_sources/navigator_mission_item.cpp.o
[439/1657] Building CXX object msg/CMakeFiles/uorb_msgs.dir/topics_sources/open_drone_id_operator_id.cpp.o
[440/1657] Building CXX object msg/CMakeFiles/uorb_msgs.dir/topics_sources/open_drone_id_arm_status.cpp.o
[441/1657] Building CXX object msg/CMakeFiles/uorb_msgs.dir/topics_sources/obstacle_distance.cpp.o
[442/1657] Building CXX object msg/CMakeFiles/uorb_msgs.dir/topics_sources/onboard_computer_status.cpp.o
[443/1657] Building CXX object msg/CMakeFiles/uorb_msgs.dir/topics_sources/normalized_unsigned_setpoint.cpp.o
[444/1657] Building CXX object msg/CMakeFiles/uorb_msgs.dir/topics_sources/open_drone_id_self_id.cpp.o
[445/1657] Building CXX object msg/CMakeFiles/uorb_msgs.dir/topics_sources/orb_test.cpp.o
[446/1657] Building CXX object msg/CMakeFiles/uorb_msgs.dir/topics_sources/offboard_control_mode.cpp.o
[447/1657] Building CXX object msg/CMakeFiles/uorb_msgs.dir/topics_sources/open_drone_id_system.cpp.o
[448/1657] Building CXX object msg/CMakeFiles/uorb_msgs.dir/topics_sources/orb_test_large.cpp.o
[449/1657] Building CXX object msg/CMakeFiles/uorb_msgs.dir/topics_sources/parameter_reset_request.cpp.o
[450/1657] Building CXX object msg/CMakeFiles/uorb_msgs.dir/topics_sources/parameter_set_value_request.cpp.o
[451/1657] Building CXX object msg/CMakeFiles/uorb_msgs.dir/topics_sources/orb_test_medium.cpp.o
[452/1657] Building CXX object msg/CMakeFiles/uorb_msgs.dir/topics_sources/ping.cpp.o
[453/1657] Building CXX object msg/CMakeFiles/uorb_msgs.dir/topics_sources/parameter_set_value_response.cpp.o
[454/1657] Building CXX object msg/CMakeFiles/uorb_msgs.dir/topics_sources/orbit_status.cpp.o
[455/1657] Building CXX object msg/CMakeFiles/uorb_msgs.dir/topics_sources/parameter_set_used_request.cpp.o
[456/1657] Building CXX object msg/CMakeFiles/uorb_msgs.dir/topics_sources/position_controller_status.cpp.o
[457/1657] Building CXX object msg/CMakeFiles/uorb_msgs.dir/topics_sources/position_controller_landing_status.cpp.o
[458/1657] Building CXX object msg/CMakeFiles/uorb_msgs.dir/topics_sources/power_monitor.cpp.o
[459/1657] Building CXX object msg/CMakeFiles/uorb_msgs.dir/topics_sources/pps_capture.cpp.o
[460/1657] Building CXX object msg/CMakeFiles/uorb_msgs.dir/topics_sources/pwm_input.cpp.o
[461/1657] Building CXX object msg/CMakeFiles/uorb_msgs.dir/topics_sources/pure_pursuit_status.cpp.o
[462/1657] Building CXX object msg/CMakeFiles/uorb_msgs.dir/topics_sources/parameter_update.cpp.o
[463/1657] Building CXX object msg/CMakeFiles/uorb_msgs.dir/topics_sources/qshell_req.cpp.o
[464/1657] Building CXX object msg/CMakeFiles/uorb_msgs.dir/topics_sources/px4io_status.cpp.o
[465/1657] Building CXX object msg/CMakeFiles/uorb_msgs.dir/topics_sources/power_button_state.cpp.o
[466/1657] Building CXX object msg/CMakeFiles/uorb_msgs.dir/topics_sources/position_setpoint.cpp.o
[467/1657] Building CXX object msg/CMakeFiles/uorb_msgs.dir/topics_sources/qshell_retval.cpp.o
[468/1657] Building CXX object msg/CMakeFiles/uorb_msgs.dir/topics_sources/position_setpoint_triplet.cpp.o
[469/1657] Building CXX object msg/CMakeFiles/uorb_msgs.dir/topics_sources/rate_ctrl_status.cpp.o
[470/1657] Building CXX object msg/CMakeFiles/uorb_msgs.dir/topics_sources/rc_channels.cpp.o
[471/1657] Building CXX object msg/CMakeFiles/uorb_msgs.dir/topics_sources/radio_status.cpp.o
[472/1657] Building CXX object msg/CMakeFiles/uorb_msgs.dir/topics_sources/rover_attitude_setpoint.cpp.o
[473/1657] Building CXX object msg/CMakeFiles/uorb_msgs.dir/topics_sources/rc_parameter_map.cpp.o
[474/1657] Building CXX object msg/CMakeFiles/uorb_msgs.dir/topics_sources/rover_rate_status.cpp.o
[475/1657] Building CXX object msg/CMakeFiles/uorb_msgs.dir/topics_sources/rover_position_setpoint.cpp.o
[476/1657] Building CXX object msg/CMakeFiles/uorb_msgs.dir/topics_sources/rover_steering_setpoint.cpp.o
[477/1657] Building CXX object msg/CMakeFiles/uorb_msgs.dir/topics_sources/rover_attitude_status.cpp.o
[478/1657] Building CXX object msg/CMakeFiles/uorb_msgs.dir/topics_sources/rover_rate_setpoint.cpp.o
[479/1657] Building CXX object msg/CMakeFiles/uorb_msgs.dir/topics_sources/rover_speed_status.cpp.o
[480/1657] Building CXX object msg/CMakeFiles/uorb_msgs.dir/topics_sources/rover_throttle_setpoint.cpp.o
[481/1657] Building CXX object msg/CMakeFiles/uorb_msgs.dir/topics_sources/rover_speed_setpoint.cpp.o
[482/1657] Building CXX object msg/CMakeFiles/uorb_msgs.dir/topics_sources/rpm.cpp.o
[483/1657] Building CXX object msg/CMakeFiles/uorb_msgs.dir/topics_sources/sensor_baro.cpp.o
[484/1657] Building CXX object msg/CMakeFiles/uorb_msgs.dir/topics_sources/sensor_accel.cpp.o
[485/1657] Building CXX object msg/CMakeFiles/uorb_msgs.dir/topics_sources/rtl_status.cpp.o
[486/1657] Building CXX object msg/CMakeFiles/uorb_msgs.dir/topics_sources/satellite_info.cpp.o
[487/1657] Building CXX object msg/CMakeFiles/uorb_msgs.dir/topics_sources/sensor_combined.cpp.o
[488/1657] Building CXX object msg/CMakeFiles/uorb_msgs.dir/topics_sources/sensor_accel_fifo.cpp.o
[489/1657] Building CXX object msg/CMakeFiles/uorb_msgs.dir/topics_sources/sensor_airflow.cpp.o
[490/1657] Building CXX object msg/CMakeFiles/uorb_msgs.dir/topics_sources/rtl_time_estimate.cpp.o
[491/1657] Building CXX object msg/CMakeFiles/uorb_msgs.dir/topics_sources/sensor_gnss_relative.cpp.o
[492/1657] Building CXX object msg/CMakeFiles/uorb_msgs.dir/topics_sources/sensor_correction.cpp.o
[493/1657] Building CXX object msg/CMakeFiles/uorb_msgs.dir/topics_sources/sensor_gnss_status.cpp.o
[494/1657] Building CXX object msg/CMakeFiles/uorb_msgs.dir/topics_sources/sensor_gyro.cpp.o
[495/1657] Building CXX object msg/CMakeFiles/uorb_msgs.dir/topics_sources/sensor_gyro_fifo.cpp.o
[496/1657] Building CXX object msg/CMakeFiles/uorb_msgs.dir/topics_sources/sensor_gyro_fft.cpp.o
[497/1657] Building CXX object msg/CMakeFiles/uorb_msgs.dir/topics_sources/sensor_hygrometer.cpp.o
[498/1657] Building CXX object msg/CMakeFiles/uorb_msgs.dir/topics_sources/sensor_gps.cpp.o
[499/1657] Building CXX object msg/CMakeFiles/uorb_msgs.dir/topics_sources/sensor_mag.cpp.o
[500/1657] Building CXX object msg/CMakeFiles/uorb_msgs.dir/topics_sources/sensors_status_imu.cpp.o
[501/1657] Building CXX object msg/CMakeFiles/uorb_msgs.dir/topics_sources/sensor_selection.cpp.o
[502/1657] Building CXX object msg/CMakeFiles/uorb_msgs.dir/topics_sources/sensor_optical_flow.cpp.o
[503/1657] Building CXX object msg/CMakeFiles/uorb_msgs.dir/topics_sources/takeoff_status.cpp.o
[504/1657] Building CXX object msg/CMakeFiles/uorb_msgs.dir/topics_sources/task_stack_info.cpp.o
[505/1657] Building CXX object msg/CMakeFiles/uorb_msgs.dir/topics_sources/tecs_status.cpp.o
[506/1657] Building CXX object msg/CMakeFiles/uorb_msgs.dir/topics_sources/telemetry_status.cpp.o
[507/1657] Building CXX object msg/CMakeFiles/uorb_msgs.dir/topics_sources/system_power.cpp.o
[508/1657] Building CXX object msg/CMakeFiles/uorb_msgs.dir/topics_sources/tiltrotor_extra_controls.cpp.o
[509/1657] Building CXX object msg/CMakeFiles/uorb_msgs.dir/topics_sources/sensor_preflight_mag.cpp.o
[510/1657] Building CXX object msg/CMakeFiles/uorb_msgs.dir/topics_sources/sensors_status.cpp.o
[511/1657] Building CXX object msg/CMakeFiles/uorb_msgs.dir/topics_sources/sensor_uwb.cpp.o
[512/1657] Building CXX object msg/CMakeFiles/uorb_msgs.dir/topics_sources/timesync_status.cpp.o
[513/1657] Building CXX object msg/CMakeFiles/uorb_msgs.dir/topics_sources/transponder_report.cpp.o
[514/1657] Building CXX object msg/CMakeFiles/uorb_msgs.dir/topics_sources/uavcan_parameter_request.cpp.o
[515/1657] Building CXX object msg/CMakeFiles/uorb_msgs.dir/topics_sources/ulog_stream.cpp.o
[516/1657] Building CXX object msg/CMakeFiles/uorb_msgs.dir/topics_sources/tune_control.cpp.o
[517/1657] Building CXX object msg/CMakeFiles/uorb_msgs.dir/topics_sources/ulog_stream_ack.cpp.o
[518/1657] Building CXX object msg/CMakeFiles/uorb_msgs.dir/topics_sources/trajectory_setpoint6dof.cpp.o
[519/1657] Building CXX object msg/CMakeFiles/uorb_msgs.dir/topics_sources/uavcan_parameter_value.cpp.o
[520/1657] Building CXX object msg/CMakeFiles/uorb_msgs.dir/topics_sources/vehicle_acceleration.cpp.o
[521/1657] Building CXX object msg/CMakeFiles/uorb_msgs.dir/topics_sources/vehicle_air_data.cpp.o
[522/1657] Building CXX object msg/CMakeFiles/uorb_msgs.dir/topics_sources/vehicle_constraints.cpp.o
[523/1657] Building CXX object msg/CMakeFiles/uorb_msgs.dir/topics_sources/vehicle_local_position_setpoint.cpp.o
[524/1657] Building CXX object msg/CMakeFiles/uorb_msgs.dir/topics_sources/vehicle_imu.cpp.o
[525/1657] Building CXX object msg/CMakeFiles/uorb_msgs.dir/topics_sources/vehicle_angular_acceleration_setpoint.cpp.o
[526/1657] Building CXX object msg/CMakeFiles/uorb_msgs.dir/topics_sources/vehicle_imu_status.cpp.o
[527/1657] Building CXX object msg/CMakeFiles/uorb_msgs.dir/topics_sources/vehicle_magnetometer.cpp.o
[528/1657] Building CXX object msg/CMakeFiles/uorb_msgs.dir/topics_sources/vehicle_optical_flow_vel.cpp.o
[529/1657] Building CXX object msg/CMakeFiles/uorb_msgs.dir/topics_sources/vehicle_optical_flow.cpp.o
[530/1657] Building CXX object msg/CMakeFiles/uorb_msgs.dir/topics_sources/velocity_limits.cpp.o
[531/1657] Building CXX object msg/CMakeFiles/uorb_msgs.dir/topics_sources/wheel_encoders.cpp.o
[532/1657] Building CXX object msg/CMakeFiles/uorb_msgs.dir/topics_sources/vehicle_torque_setpoint.cpp.o
[533/1657] Building CXX object msg/CMakeFiles/uorb_msgs.dir/topics_sources/vehicle_roi.cpp.o
[534/1657] Building CXX object msg/CMakeFiles/uorb_msgs.dir/topics_sources/yaw_estimator_status.cpp.o
[535/1657] Building CXX object msg/CMakeFiles/uorb_msgs.dir/topics_sources/vehicle_thrust_setpoint.cpp.o
[536/1657] Building CXX object msg/CMakeFiles/uorb_msgs.dir/topics_sources/actuator_servos.cpp.o
[537/1657] Building CXX object msg/CMakeFiles/uorb_msgs.dir/topics_sources/arming_check_reply.cpp.o
[538/1657] Building CXX object msg/CMakeFiles/uorb_msgs.dir/topics_sources/airspeed_validated.cpp.o
[539/1657] Building CXX object msg/CMakeFiles/uorb_msgs.dir/topics_sources/battery_status.cpp.o
[540/1657] Building CXX object msg/CMakeFiles/uorb_msgs.dir/topics_sources/actuator_motors.cpp.o
[541/1657] Building CXX object msg/CMakeFiles/uorb_msgs.dir/topics_sources/fixed_wing_longitudinal_setpoint.cpp.o
[542/1657] Building CXX object msg/CMakeFiles/uorb_msgs.dir/topics_sources/fixed_wing_lateral_setpoint.cpp.o
[543/1657] Building CXX object msg/CMakeFiles/uorb_msgs.dir/topics_sources/event.cpp.o
[544/1657] Building CXX object msg/CMakeFiles/uorb_msgs.dir/topics_sources/home_position.cpp.o
[545/1657] Building CXX object msg/CMakeFiles/uorb_msgs.dir/topics_sources/arming_check_request.cpp.o
[546/1657] Building CXX object msg/CMakeFiles/uorb_msgs.dir/topics_sources/config_overrides.cpp.o
[547/1657] Building CXX object msg/CMakeFiles/uorb_msgs.dir/topics_sources/lateral_control_configuration.cpp.o
[548/1657] Building CXX object msg/CMakeFiles/uorb_msgs.dir/topics_sources/longitudinal_control_configuration.cpp.o
[549/1657] Building CXX object msg/CMakeFiles/uorb_msgs.dir/topics_sources/register_ext_component_reply.cpp.o
[550/1657] Building CXX object msg/CMakeFiles/uorb_msgs.dir/topics_sources/goto_setpoint.cpp.o
[551/1657] Building CXX object msg/CMakeFiles/uorb_msgs.dir/topics_sources/manual_control_setpoint.cpp.o
[552/1657] Building CXX object msg/CMakeFiles/uorb_msgs.dir/topics_sources/register_ext_component_request.cpp.o
[553/1657] Building CXX object msg/CMakeFiles/uorb_msgs.dir/topics_sources/mode_completed.cpp.o
[554/1657] Building CXX object msg/CMakeFiles/uorb_msgs.dir/topics_sources/vehicle_attitude.cpp.o
[555/1657] Building CXX object msg/CMakeFiles/uorb_msgs.dir/topics_sources/vehicle_command.cpp.o
[556/1657] Building CXX object msg/CMakeFiles/uorb_msgs.dir/topics_sources/trajectory_setpoint.cpp.o
[557/1657] Building CXX object msg/CMakeFiles/uorb_msgs.dir/topics_sources/vehicle_angular_velocity.cpp.o
[558/1657] Building CXX object msg/CMakeFiles/uorb_msgs.dir/topics_sources/vehicle_command_ack.cpp.o
[559/1657] Building CXX object msg/CMakeFiles/uorb_msgs.dir/topics_sources/vehicle_attitude_setpoint.cpp.o
[560/1657] Building CXX object msg/CMakeFiles/uorb_msgs.dir/topics_sources/vehicle_control_mode.cpp.o
[561/1657] Building CXX object msg/CMakeFiles/uorb_msgs.dir/topics_sources/unregister_ext_component.cpp.o
[562/1657] Building CXX object msg/CMakeFiles/uorb_msgs.dir/topics_sources/vehicle_land_detected.cpp.o
[563/1657] Building CXX object msg/CMakeFiles/uorb_msgs.dir/topics_sources/uORBMessageFieldsGenerated.cpp.o
[564/1657] Linking CXX static library src/lib/stick_yaw/libStickYaw.a
[565/1657] Building CXX object msg/CMakeFiles/uorb_msgs.dir/topics_sources/vehicle_global_position.cpp.o
[566/1657] Linking CXX static library src/modules/flight_mode_manager/tasks/Utility/libFlightTaskUtility.a
[567/1657] Linking CXX static library _deps/abseil-cpp-build/absl/flags/libabsl_flags_usage_internal.a
[568/1657] Building CXX object msg/CMakeFiles/uorb_msgs.dir/topics_sources/wind.cpp.o
[569/1657] Performing configure step for 'libmicroxrceddsclient_project'
[570/1657] Building CXX object msg/CMakeFiles/uorb_msgs.dir/topics_sources/vtol_vehicle_status.cpp.o
[571/1657] Building CXX object msg/CMakeFiles/uorb_msgs.dir/topics_sources/vehicle_odometry.cpp.o
[572/1657] Linking CXX static library test/fuzztest/common/libfuzztest_bazel.a
[573/1657] Linking CXX static library test/fuzztest/fuzztest/internal/libfuzztest_corpus_database.a
[574/1657] Building CXX object msg/CMakeFiles/uorb_msgs.dir/topics_sources/vehicle_status.cpp.o
[575/1657] Building CXX object src/lib/cdev/CMakeFiles/cdev.dir/posix/cdev_platform.cpp.o
[576/1657] Linking CXX static library test/fuzztest/fuzztest/internal/libfuzztest_seed_seq.a
[577/1657] Building CXX object msg/CMakeFiles/uorb_msgs.dir/topics_sources/vehicle_rates_setpoint.cpp.o
[578/1657] Building CXX object msg/CMakeFiles/uorb_msgs.dir/topics_sources/uORBTopics.cpp.o
[579/1657] Linking CXX static library test/fuzztest/fuzztest/internal/libfuzztest_coverage.a
[580/1657] Building C object src/lib/heatshrink/CMakeFiles/heatshrink.dir/heatshrink/heatshrink_decoder.c.o
[581/1657] Building CXX object src/lib/cdev/CMakeFiles/cdev.dir/CDev.cpp.o
[582/1657] Building CXX object msg/CMakeFiles/uorb_msgs.dir/topics_sources/vehicle_local_position.cpp.o
[583/1657] Linking CXX static library src/lib/heatshrink/libheatshrink.a
[584/1657] Linking CXX static library src/lib/cdev/libcdev.a
[585/1657] Building CXX object src/lib/systemlib/CMakeFiles/systemlib.dir/mavlink_log.cpp.o
[586/1657] Building CXX object platforms/common/uORB/CMakeFiles/uORB.dir/uORBMessageFields.cpp.o
[587/1657] Building CXX object platforms/common/uORB/CMakeFiles/uORB.dir/uORBUtils.cpp.o
[588/1657] Building CXX object platforms/common/uORB/CMakeFiles/uORB.dir/Subscription.cpp.o
[589/1657] Building CXX object src/lib/conversion/CMakeFiles/conversion.dir/rotation.cpp.o
[590/1657] Building CXX object src/lib/geo/CMakeFiles/geo.dir/geo.cpp.o
[591/1657] Building CXX object platforms/common/uORB/CMakeFiles/uORB.dir/SubscriptionInterval.cpp.o
[592/1657] Building CXX object platforms/common/uORB/CMakeFiles/uORB.dir/uORB.cpp.o
[593/1657] Linking CXX static library msg/libuorb_msgs.a
[594/1657] Building CXX object src/lib/events/CMakeFiles/events.dir/events.cpp.o
[595/1657] Building CXX object src/lib/weather_vane/CMakeFiles/WeatherVane.dir/WeatherVane.cpp.o
[596/1657] Building CXX object platforms/common/uORB/CMakeFiles/uORB.dir/uORBDeviceNode.cpp.o
[597/1657] Building CXX object platforms/common/uORB/CMakeFiles/uORB.dir/uORBDeviceMaster.cpp.o
[598/1657] Building CXX object platforms/common/uORB/CMakeFiles/uORB.dir/uORBManager.cpp.o
[599/1657] Building CXX object src/modules/flight_mode_manager/tasks/ManualAltitude/CMakeFiles/FlightTaskManualAltitude.dir/FlightTaskManualAltitude.cpp.o
[600/1657] Linking CXX static library src/modules/flight_mode_manager/tasks/ManualAltitude/libFlightTaskManualAltitude.a
[601/1657] Performing build step for 'libmicroxrceddsclient_project'
[602/1657] Building CXX object src/modules/flight_mode_manager/tasks/ManualAltitudeSmoothVel/CMakeFiles/FlightTaskManualAltitudeSmoothVel.dir/FlightTaskManualAltitudeSmoothVel.cpp.o
[603/1657] Building CXX object _deps/abseil-cpp-build/absl/debugging/CMakeFiles/failure_signal_handler.dir/failure_signal_handler.cc.o
[604/1657] Building CXX object _deps/re2-build/CMakeFiles/re2.dir/re2/perl_groups.cc.o
[605/1657] Building CXX object _deps/abseil-cpp-build/absl/flags/CMakeFiles/flags_usage.dir/usage.cc.o
[606/1657] Linking CXX static library _deps/abseil-cpp-build/absl/flags/libabsl_flags_usage.a
[607/1657] Building CXX object _deps/re2-build/CMakeFiles/re2.dir/re2/bitmap256.cc.o
[608/1657] Building CXX object _deps/re2-build/CMakeFiles/re2.dir/re2/mimics_pcre.cc.o
[609/1657] Building CXX object _deps/re2-build/CMakeFiles/re2.dir/re2/bitstate.cc.o
[610/1657] Building CXX object test/fuzztest/fuzztest/internal/CMakeFiles/fuzztest_fixture_driver.dir/fixture_driver.cc.o
In file included from /home/dns/Desktop/sqe-a2-px4-kit/PX4-Autopilot/test/fuzztest/./fuzztest/domain_core.h:61,
                 from /home/dns/Desktop/sqe-a2-px4-kit/PX4-Autopilot/test/fuzztest/./fuzztest/internal/registration.h:32,
                 from /home/dns/Desktop/sqe-a2-px4-kit/PX4-Autopilot/test/fuzztest/./fuzztest/internal/fixture_driver.h:38,
                 from /home/dns/Desktop/sqe-a2-px4-kit/PX4-Autopilot/test/fuzztest/fuzztest/internal/fixture_driver.cc:15:
/home/dns/Desktop/sqe-a2-px4-kit/PX4-Autopilot/test/fuzztest/./fuzztest/internal/domains/overlap_of_impl.h:190:43: warning: friend declaration ‘auto fuzztest::internal_no_adl::Utf8String()’ declares a non-template function [-Wnon-template-friend]
  190 |   friend auto internal_no_adl::Utf8String();
      |                                           ^
/home/dns/Desktop/sqe-a2-px4-kit/PX4-Autopilot/test/fuzztest/./fuzztest/internal/domains/overlap_of_impl.h:190:43: note: (if this is not what you intended, make sure the function template has already been declared and add ‘<>’ after the function name here)
[611/1657] Linking CXX static library test/fuzztest/fuzztest/internal/libfuzztest_fixture_driver.a
[612/1657] Building CXX object _deps/re2-build/CMakeFiles/re2.dir/re2/onepass.cc.o
[613/1657] Building CXX object _deps/re2-build/CMakeFiles/re2.dir/re2/nfa.cc.o
[614/1657] Building CXX object _deps/re2-build/CMakeFiles/re2.dir/re2/parse.cc.o
[615/1657] Building CXX object _deps/re2-build/CMakeFiles/re2.dir/re2/unicode_casefold.cc.o
[616/1657] Building CXX object _deps/re2-build/CMakeFiles/re2.dir/re2/prefilter.cc.o
[617/1657] Building CXX object _deps/re2-build/CMakeFiles/re2.dir/re2/unicode_groups.cc.o
[618/1657] Building CXX object _deps/re2-build/CMakeFiles/re2.dir/util/rune.cc.o
[619/1657] Building CXX object _deps/re2-build/CMakeFiles/re2.dir/re2/filtered_re2.cc.o
[620/1657] Building CXX object _deps/re2-build/CMakeFiles/re2.dir/util/strutil.cc.o
[621/1657] Building CXX object _deps/re2-build/CMakeFiles/re2.dir/re2/compile.cc.o
[622/1657] Building CXX object src/lib/atmosphere/CMakeFiles/atmosphere.dir/atmosphere.cpp.o
[623/1657] Building CXX object src/lib/circuit_breaker/CMakeFiles/circuit_breaker.dir/circuit_breaker.cpp.o
[624/1657] Building CXX object src/lib/adsb/CMakeFiles/adsb.dir/AdsbConflict.cpp.o
[625/1657] Building CXX object _deps/abseil-cpp-build/absl/flags/CMakeFiles/flags_parse.dir/parse.cc.o
[626/1657] Linking CXX static library src/lib/conversion/libconversion.a
[627/1657] Building CXX object src/lib/control_allocation/actuator_effectiveness/CMakeFiles/ActuatorEffectiveness.dir/ActuatorEffectiveness.cpp.o
[628/1657] Linking CXX static library src/lib/geo/libgeo.a
[629/1657] Building CXX object _deps/re2-build/CMakeFiles/re2.dir/re2/set.cc.o
[630/1657] Building CXX object _deps/re2-build/CMakeFiles/re2.dir/re2/dfa.cc.o
[631/1657] Building CXX object src/lib/collision_prevention/CMakeFiles/CollisionPrevention.dir/ObstacleMath.cpp.o
[632/1657] Building CXX object src/lib/dataman_client/CMakeFiles/dataman_client.dir/DatamanClient.cpp.o
[633/1657] Building CXX object _deps/re2-build/CMakeFiles/re2.dir/re2/tostring.cc.o
[634/1657] Building CXX object src/lib/lat_lon_alt/CMakeFiles/lat_lon_alt.dir/lat_lon_alt.cpp.o
[635/1657] Building CXX object _deps/re2-build/CMakeFiles/re2.dir/re2/re2.cc.o
[636/1657] Building CXX object src/lib/pid/CMakeFiles/PID.dir/PID.cpp.o
[637/1657] Building CXX object src/lib/ringbuffer/CMakeFiles/ringbuffer.dir/Ringbuffer.cpp.o
[638/1657] Building CXX object _deps/re2-build/CMakeFiles/re2.dir/re2/simplify.cc.o
[639/1657] Building CXX object src/lib/sensor_calibration/CMakeFiles/sensor_calibration.dir/Barometer.cpp.o
[640/1657] Linking CXX static library src/lib/systemlib/libsystemlib.a
[641/1657] Building CXX object src/lib/pure_pursuit/CMakeFiles/pure_pursuit.dir/PurePursuit.cpp.o
[642/1657] Building CXX object src/lib/collision_prevention/CMakeFiles/CollisionPrevention.dir/CollisionPrevention.cpp.o
[643/1657] Linking CXX static library src/lib/weather_vane/libWeatherVane.a
[644/1657] Linking CXX static library platforms/common/uORB/libuORB.a
[645/1657] Building CXX object _deps/re2-build/CMakeFiles/re2.dir/re2/prog.cc.o
[646/1657] Building CXX object src/modules/commander/ModeUtil/CMakeFiles/mode_util.dir/mode_requirements.cpp.o
[647/1657] Building CXX object src/modules/commander/ModeUtil/CMakeFiles/mode_util.dir/control_mode.cpp.o
[648/1657] Generating git version header
[649/1657] Building CXX object src/lib/sensor_calibration/CMakeFiles/sensor_calibration.dir/Utilities.cpp.o
[650/1657] Linking CXX static library src/modules/flight_mode_manager/tasks/ManualAltitudeSmoothVel/libFlightTaskManualAltitudeSmoothVel.a
[651/1657] Building CXX object src/lib/sensor_calibration/CMakeFiles/sensor_calibration.dir/Gyroscope.cpp.o
[652/1657] Building CXX object src/lib/sensor_calibration/CMakeFiles/sensor_calibration.dir/Accelerometer.cpp.o
[653/1657] Building CXX object src/lib/sensor_calibration/CMakeFiles/sensor_calibration.dir/Magnetometer.cpp.o
[654/1657] Linking CXX static library src/lib/events/libevents.a
[655/1657] Building CXX object src/modules/sensors/data_validator/CMakeFiles/data_validator.dir/DataValidator.cpp.o
[656/1657] Linking CXX static library _deps/abseil-cpp-build/absl/debugging/libabsl_failure_signal_handler.a
[657/1657] Performing install step for 'libmicroxrceddsclient_project'
[658/1657] Building CXX object src/lib/rtl/CMakeFiles/rtl_time_estimator.dir/rtl_time_estimator.cpp.o
[659/1657] Building CXX object src/modules/dataman/CMakeFiles/modules__dataman.dir/dataman.cpp.o
[660/1657] Linking CXX static library _deps/abseil-cpp-build/absl/flags/libabsl_flags_parse.a
[661/1657] Building CXX object src/modules/sensors/data_validator/CMakeFiles/data_validator.dir/DataValidatorGroup.cpp.o
[662/1657] Linking CXX static library src/lib/adsb/libadsb.a
[663/1657] Linking CXX static library src/lib/atmosphere/libatmosphere.a
[664/1657] Linking CXX static library src/lib/circuit_breaker/libcircuit_breaker.a
[665/1657] Linking CXX static library src/lib/collision_prevention/libCollisionPrevention.a
[666/1657] Building CXX object src/lib/airspeed/CMakeFiles/airspeed.dir/airspeed.cpp.o
[667/1657] Building CXX object src/modules/navigator/GeofenceBreachAvoidance/CMakeFiles/geofence_breach_avoidance.dir/geofence_breach_avoidance.cpp.o
[668/1657] Linking CXX static library src/lib/control_allocation/actuator_effectiveness/libActuatorEffectiveness.a
[669/1657] Building CXX object src/modules/flight_mode_manager/tasks/AutoFollowTarget/follow_target_estimator/CMakeFiles/follow_target_estimator.dir/TargetEstimator.cpp.o
[670/1657] Building CXX object src/modules/flight_mode_manager/tasks/ManualAcceleration/CMakeFiles/FlightTaskManualAcceleration.dir/FlightTaskManualAcceleration.cpp.o
[671/1657] Building CXX object src/lib/control_allocation/control_allocation/CMakeFiles/ControlAllocation.dir/ControlAllocation.cpp.o
[672/1657] Building CXX object src/lib/controllib/CMakeFiles/controllib.dir/block/Block.cpp.o
[673/1657] Building CXX object src/lib/controllib/CMakeFiles/controllib.dir/block/BlockParam.cpp.o
[674/1657] Building CXX object src/lib/control_allocation/control_allocation/CMakeFiles/ControlAllocation.dir/ControlAllocationPseudoInverse.cpp.o
[675/1657] Building CXX object src/lib/controllib/CMakeFiles/controllib.dir/BlockDerivative.cpp.o
[676/1657] Building CXX object src/lib/control_allocation/control_allocation/CMakeFiles/ControlAllocation.dir/ControlAllocationSequentialDesaturation.cpp.o
[677/1657] Building CXX object src/lib/controllib/CMakeFiles/controllib.dir/BlockHighPass.cpp.o
[678/1657] Building CXX object src/lib/controllib/CMakeFiles/controllib.dir/BlockIntegralTrap.cpp.o
[679/1657] Linking CXX static library src/lib/dataman_client/libdataman_client.a
[680/1657] Building CXX object src/lib/controllib/CMakeFiles/controllib.dir/BlockIntegral.cpp.o
[681/1657] Building CXX object src/lib/controllib/CMakeFiles/controllib.dir/BlockLimit.cpp.o
[682/1657] Building CXX object src/lib/controllib/CMakeFiles/controllib.dir/BlockLimitSym.cpp.o
[683/1657] Building CXX object src/modules/flight_mode_manager/tasks/Auto/CMakeFiles/FlightTaskAuto.dir/FlightTaskAuto.cpp.o
[684/1657] Building CXX object src/lib/battery/CMakeFiles/battery.dir/battery.cpp.o
[685/1657] Linking CXX static library src/lib/lat_lon_alt/liblat_lon_alt.a
[686/1657] Building CXX object src/lib/controllib/CMakeFiles/controllib.dir/BlockLowPass2.cpp.o
[687/1657] Building CXX object _deps/re2-build/CMakeFiles/re2.dir/re2/prefilter_tree.cc.o
[688/1657] Building CXX object src/lib/controllib/CMakeFiles/controllib.dir/BlockLowPass.cpp.o
[689/1657] Building CXX object src/lib/drivers/magnetometer/CMakeFiles/drivers_magnetometer.dir/PX4Magnetometer.cpp.o
[690/1657] Building CXX object src/lib/drivers/gyroscope/CMakeFiles/drivers_gyroscope.dir/PX4Gyroscope.cpp.o
[691/1657] Building CXX object src/lib/drivers/accelerometer/CMakeFiles/drivers_accelerometer.dir/PX4Accelerometer.cpp.o
[692/1657] Linking CXX static library src/lib/pid/libPID.a
[693/1657] Linking CXX static library src/lib/pure_pursuit/libpure_pursuit.a
[694/1657] Building CXX object src/lib/drivers/rangefinder/CMakeFiles/drivers_rangefinder.dir/PX4Rangefinder.cpp.o
[695/1657] Building CXX object src/lib/mixer_module/CMakeFiles/mixer_module.dir/actuator_test.cpp.o
[696/1657] Building CXX object src/lib/npfg/CMakeFiles/npfg.dir/AirspeedDirectionController.cpp.o
[697/1657] Building CXX object src/lib/npfg/CMakeFiles/npfg.dir/DirectionalGuidance.cpp.o
[698/1657] Building CXX object src/lib/rc/CMakeFiles/rc.dir/crsf.cpp.o
[699/1657] Building CXX object src/lib/rc/CMakeFiles/rc.dir/ghst.cpp.o
[700/1657] Building CXX object src/lib/rc/CMakeFiles/rc.dir/st24.cpp.o
[701/1657] Linking CXX static library src/lib/ringbuffer/libringbuffer.a
[702/1657] Building CXX object src/lib/npfg/CMakeFiles/npfg.dir/CourseToAirspeedRefMapper.cpp.o
[703/1657] Building CXX object src/lib/rate_control/CMakeFiles/RateControl.dir/rate_control.cpp.o
[704/1657] Building CXX object src/lib/rc/CMakeFiles/rc.dir/sumd.cpp.o
[705/1657] Building CXX object src/lib/rc/CMakeFiles/rc.dir/common_rc.cpp.o
[706/1657] Linking CXX static library src/lib/rtl/librtl_time_estimator.a
[707/1657] Linking CXX static library src/lib/sensor_calibration/libsensor_calibration.a
[708/1657] Building CXX object src/lib/fw_performance_model/CMakeFiles/performance_model.dir/PerformanceModel.cpp.o
[709/1657] Building CXX object src/lib/mixer_module/CMakeFiles/mixer_module.dir/mixer_module.cpp.o
[710/1657] Building CXX object src/lib/tunes/CMakeFiles/tunes.dir/default_tunes.cpp.o
[711/1657] Building CXX object src/lib/rc/CMakeFiles/rc.dir/dsm.cpp.o
[712/1657] Building CXX object _deps/re2-build/CMakeFiles/re2.dir/re2/regexp.cc.o
[713/1657] Building CXX object src/lib/variable_length_ringbuffer/CMakeFiles/variable_length_ringbuffer.dir/VariableLengthRingbuffer.cpp.o
[714/1657] Building CXX object src/lib/rc/CMakeFiles/rc.dir/sbus.cpp.o
[715/1657] Building CXX object src/lib/tunes/CMakeFiles/tunes.dir/tunes.cpp.o
[716/1657] Building C object src/lib/version/CMakeFiles/version.dir/version.c.o
[717/1657] Building CXX object src/lib/timesync/CMakeFiles/timesync.dir/Timesync.cpp.o
[718/1657] Building CXX object platforms/posix/src/px4/generic/generic/tone_alarm/CMakeFiles/arch_tone_alarm.dir/ToneAlarmInterface.cpp.o
[719/1657] Building CXX object src/lib/system_identification/CMakeFiles/SystemIdentification.dir/system_identification.cpp.o
[720/1657] Linking CXX static library _deps/re2-build/libre2.a
[721/1657] Building CXX object src/lib/rover_control/CMakeFiles/rover_control.dir/RoverControl.cpp.o
[722/1657] Building CXX object src/drivers/osd/msp_osd/MessageDisplay/CMakeFiles/message_display.dir/MessageDisplay.cpp.o
[723/1657] Building CXX object src/modules/commander/Arming/ArmAuthorization/CMakeFiles/ArmAuthorization.dir/ArmAuthorization.cpp.o
[724/1657] Building CXX object src/lib/world_magnetic_model/CMakeFiles/world_magnetic_model.dir/geo_mag_declination.cpp.o
[725/1657] Building CXX object src/lib/wind_estimator/CMakeFiles/wind_estimator.dir/WindEstimator.cpp.o
[726/1657] Building CXX object src/modules/commander/HealthAndArmingChecks/CMakeFiles/health_and_arming_checks.dir/Common.cpp.o
[727/1657] Building CXX object src/modules/commander/failure_detector/CMakeFiles/failure_detector.dir/FailureInjector.cpp.o
[728/1657] Building CXX object src/modules/commander/failsafe/CMakeFiles/failsafe.dir/framework.cpp.o
[729/1657] Building CXX object src/modules/commander/failsafe/CMakeFiles/failsafe.dir/failsafe.cpp.o
[730/1657] Building CXX object src/lib/tecs/CMakeFiles/tecs.dir/TECS.cpp.o
[731/1657] Building CXX object src/modules/commander/failure_detector/CMakeFiles/failure_detector.dir/FailureDetector.cpp.o
[732/1657] Building CXX object src/modules/commander/HealthAndArmingChecks/CMakeFiles/health_and_arming_checks.dir/checks/airspeedCheck.cpp.o
[733/1657] Building CXX object src/modules/commander/HealthAndArmingChecks/CMakeFiles/health_and_arming_checks.dir/checks/accelerometerCheck.cpp.o
[734/1657] Building CXX object src/modules/commander/HealthAndArmingChecks/CMakeFiles/health_and_arming_checks.dir/checks/armPermissionCheck.cpp.o
[735/1657] Building CXX object src/modules/commander/HealthAndArmingChecks/CMakeFiles/health_and_arming_checks.dir/HealthAndArmingChecks.cpp.o
[736/1657] Building CXX object src/modules/commander/HealthAndArmingChecks/CMakeFiles/health_and_arming_checks.dir/checks/batteryCheck.cpp.o
[737/1657] Building CXX object src/modules/commander/HealthAndArmingChecks/CMakeFiles/health_and_arming_checks.dir/checks/cpuResourceCheck.cpp.o
[738/1657] Building CXX object src/modules/commander/HealthAndArmingChecks/CMakeFiles/health_and_arming_checks.dir/checks/opticalFlowCheck.cpp.o
[739/1657] Building CXX object src/modules/commander/HealthAndArmingChecks/CMakeFiles/health_and_arming_checks.dir/checks/escCheck.cpp.o
[740/1657] Building CXX object src/modules/commander/HealthAndArmingChecks/CMakeFiles/health_and_arming_checks.dir/checks/distanceSensorChecks.cpp.o
[741/1657] Building CXX object src/modules/commander/HealthAndArmingChecks/CMakeFiles/health_and_arming_checks.dir/checks/baroCheck.cpp.o
[742/1657] Building CXX object src/modules/commander/HealthAndArmingChecks/CMakeFiles/health_and_arming_checks.dir/checks/failureDetectorCheck.cpp.o
[743/1657] Building CXX object src/modules/commander/HealthAndArmingChecks/CMakeFiles/health_and_arming_checks.dir/checks/geofenceCheck.cpp.o
[744/1657] Building CXX object src/modules/commander/HealthAndArmingChecks/CMakeFiles/health_and_arming_checks.dir/checks/flightTimeCheck.cpp.o
[745/1657] Building CXX object src/modules/commander/HealthAndArmingChecks/CMakeFiles/health_and_arming_checks.dir/checks/homePositionCheck.cpp.o
[746/1657] Building CXX object src/modules/commander/HealthAndArmingChecks/CMakeFiles/health_and_arming_checks.dir/checks/estimatorCheck.cpp.o
[747/1657] Building CXX object src/modules/commander/HealthAndArmingChecks/CMakeFiles/health_and_arming_checks.dir/checks/gyroCheck.cpp.o
[748/1657] Building CXX object src/modules/commander/HealthAndArmingChecks/CMakeFiles/health_and_arming_checks.dir/checks/magnetometerCheck.cpp.o
[749/1657] Building CXX object src/modules/commander/HealthAndArmingChecks/CMakeFiles/health_and_arming_checks.dir/checks/missionCheck.cpp.o
[750/1657] Building CXX object src/modules/commander/HealthAndArmingChecks/CMakeFiles/health_and_arming_checks.dir/checks/manualControlCheck.cpp.o
[751/1657] Building CXX object src/modules/commander/HealthAndArmingChecks/CMakeFiles/health_and_arming_checks.dir/checks/navigatorCheck.cpp.o
[752/1657] Building CXX object src/modules/commander/HealthAndArmingChecks/CMakeFiles/health_and_arming_checks.dir/checks/imuConsistencyCheck.cpp.o
[753/1657] Building CXX object src/modules/commander/HealthAndArmingChecks/CMakeFiles/health_and_arming_checks.dir/checks/loggerCheck.cpp.o
[754/1657] Building CXX object src/modules/commander/HealthAndArmingChecks/CMakeFiles/health_and_arming_checks.dir/checks/modeCheck.cpp.o
[755/1657] Building CXX object src/modules/commander/HealthAndArmingChecks/CMakeFiles/health_and_arming_checks.dir/checks/openDroneIDCheck.cpp.o
[756/1657] Building CXX object src/modules/commander/HealthAndArmingChecks/CMakeFiles/health_and_arming_checks.dir/checks/parachuteCheck.cpp.o
[757/1657] Linking CXX static library src/modules/commander/ModeUtil/libmode_util.a
[758/1657] Building CXX object src/modules/commander/HealthAndArmingChecks/CMakeFiles/health_and_arming_checks.dir/checks/offboardCheck.cpp.o
[759/1657] Building CXX object src/modules/commander/HealthAndArmingChecks/CMakeFiles/health_and_arming_checks.dir/checks/sdcardCheck.cpp.o
[760/1657] Building CXX object src/modules/commander/HealthAndArmingChecks/CMakeFiles/health_and_arming_checks.dir/checks/rcCalibrationCheck.cpp.o
[761/1657] Building CXX object src/modules/commander/HealthAndArmingChecks/CMakeFiles/health_and_arming_checks.dir/checks/systemCheck.cpp.o
[762/1657] Building CXX object src/modules/commander/HealthAndArmingChecks/CMakeFiles/health_and_arming_checks.dir/checks/rcAndDataLinkCheck.cpp.o
[763/1657] Building CXX object src/modules/commander/HealthAndArmingChecks/CMakeFiles/health_and_arming_checks.dir/checks/powerCheck.cpp.o
[764/1657] Building CXX object src/modules/commander/HealthAndArmingChecks/CMakeFiles/health_and_arming_checks.dir/checks/vtolCheck.cpp.o
[765/1657] Building CXX object src/modules/commander/HealthAndArmingChecks/CMakeFiles/health_and_arming_checks.dir/checks/windCheck.cpp.o
[766/1657] Building CXX object src/modules/commander/HealthAndArmingChecks/CMakeFiles/health_and_arming_checks.dir/checks/externalChecks.cpp.o
[767/1657] Building CXX object src/modules/commander/MulticopterThrowLaunch/CMakeFiles/MulticopterThrowLaunch.dir/MulticopterThrowLaunch.cpp.o
[768/1657] Building CXX object src/modules/control_allocator/VehicleActuatorEffectiveness/CMakeFiles/VehicleActuatorEffectiveness.dir/ActuatorEffectivenessCustom.cpp.o
[769/1657] Building CXX object src/modules/control_allocator/VehicleActuatorEffectiveness/CMakeFiles/VehicleActuatorEffectiveness.dir/ActuatorEffectivenessFixedWing.cpp.o
[770/1657] Building CXX object src/modules/control_allocator/VehicleActuatorEffectiveness/CMakeFiles/VehicleActuatorEffectiveness.dir/ActuatorEffectivenessHelicopter.cpp.o
[771/1657] Building CXX object src/modules/control_allocator/VehicleActuatorEffectiveness/CMakeFiles/VehicleActuatorEffectiveness.dir/ActuatorEffectivenessUUV.cpp.o
[772/1657] Building CXX object src/modules/control_allocator/VehicleActuatorEffectiveness/CMakeFiles/VehicleActuatorEffectiveness.dir/ActuatorEffectivenessControlSurfaces.cpp.o
[773/1657] Building CXX object src/modules/control_allocator/VehicleActuatorEffectiveness/CMakeFiles/VehicleActuatorEffectiveness.dir/ActuatorEffectivenessHelicopterCoaxial.cpp.o
[774/1657] Building CXX object src/modules/control_allocator/VehicleActuatorEffectiveness/CMakeFiles/VehicleActuatorEffectiveness.dir/ActuatorEffectivenessMultirotor.cpp.o
[775/1657] Building CXX object src/modules/control_allocator/VehicleActuatorEffectiveness/CMakeFiles/VehicleActuatorEffectiveness.dir/ActuatorEffectivenessMCTilt.cpp.o
[776/1657] Linking CXX static library src/modules/dataman/libmodules__dataman.a
[777/1657] Building CXX object src/modules/control_allocator/VehicleActuatorEffectiveness/CMakeFiles/VehicleActuatorEffectiveness.dir/ActuatorEffectivenessSpacecraft.cpp.o
[778/1657] Building CXX object src/modules/control_allocator/VehicleActuatorEffectiveness/CMakeFiles/VehicleActuatorEffectiveness.dir/ActuatorEffectivenessTilts.cpp.o
[779/1657] Linking CXX static library src/modules/flight_mode_manager/tasks/Auto/libFlightTaskAuto.a
[780/1657] Building CXX object src/modules/control_allocator/VehicleActuatorEffectiveness/CMakeFiles/VehicleActuatorEffectiveness.dir/ActuatorEffectivenessRotors.cpp.o
[781/1657] Building CXX object src/modules/control_allocator/VehicleActuatorEffectiveness/CMakeFiles/VehicleActuatorEffectiveness.dir/ActuatorEffectivenessTailsitterVTOL.cpp.o
[782/1657] Building CXX object src/modules/control_allocator/VehicleActuatorEffectiveness/CMakeFiles/VehicleActuatorEffectiveness.dir/ActuatorEffectivenessRoverAckermann.cpp.o
[783/1657] Linking CXX static library src/modules/flight_mode_manager/tasks/ManualAcceleration/libFlightTaskManualAcceleration.a
[784/1657] Building CXX object src/modules/control_allocator/VehicleActuatorEffectiveness/CMakeFiles/VehicleActuatorEffectiveness.dir/RpmControl.cpp.o
[785/1657] Building CXX object src/modules/control_allocator/VehicleActuatorEffectiveness/CMakeFiles/VehicleActuatorEffectiveness.dir/ActuatorEffectivenessStandardVTOL.cpp.o
[786/1657] Building CXX object src/modules/ekf2/EKF/bias_estimator/CMakeFiles/bias_estimator.dir/bias_estimator.cpp.o
[787/1657] Building CXX object src/modules/control_allocator/VehicleActuatorEffectiveness/CMakeFiles/VehicleActuatorEffectiveness.dir/ActuatorEffectivenessTiltrotorVTOL.cpp.o
[788/1657] Linking CXX static library src/modules/flight_mode_manager/tasks/AutoFollowTarget/follow_target_estimator/libfollow_target_estimator.a
[789/1657] Building CXX object src/modules/flight_mode_manager/tasks/Descend/CMakeFiles/FlightTaskDescend.dir/FlightTaskDescend.cpp.o
[790/1657] Building CXX object src/modules/ekf2/EKF/output_predictor/CMakeFiles/output_predictor.dir/output_predictor.cpp.o
[791/1657] Building CXX object src/modules/flight_mode_manager/tasks/Failsafe/CMakeFiles/FlightTaskFailsafe.dir/FlightTaskFailsafe.cpp.o
[792/1657] Building CXX object src/modules/flight_mode_manager/tasks/Transition/CMakeFiles/FlightTaskTransition.dir/FlightTaskTransition.cpp.o
[793/1657] Building CXX object src/modules/fw_mode_manager/launchdetection/CMakeFiles/launchdetection.dir/LaunchDetector.cpp.o
[794/1657] Building CXX object src/modules/flight_mode_manager/tasks/AltitudeCruise/CMakeFiles/FlightTaskAltitudeCruise.dir/FlightTaskAltitudeCruise.cpp.o
[795/1657] Building CXX object src/modules/flight_mode_manager/tasks/ManualAccelerationSlow/CMakeFiles/FlightTaskManualAccelerationSlow.dir/FlightTaskManualAccelerationSlow.cpp.o
[796/1657] Building CXX object src/modules/fw_mode_manager/runway_takeoff/CMakeFiles/runway_takeoff.dir/RunwayTakeoff.cpp.o
[797/1657] Building CXX object src/modules/ekf2/EKF/yaw_estimator/CMakeFiles/yaw_estimator.dir/EKFGSF_yaw.cpp.o
[798/1657] Building CXX object src/modules/mc_hover_thrust_estimator/CMakeFiles/zero_order_hover_thrust_ekf.dir/zero_order_hover_thrust_ekf.cpp.o
[799/1657] Linking CXX static library src/modules/navigator/GeofenceBreachAvoidance/libgeofence_breach_avoidance.a
[800/1657] Building CXX object src/modules/mc_att_control/AttitudeControl/CMakeFiles/AttitudeControl.dir/AttitudeControl.cpp.o
[801/1657] Building CXX object src/modules/mc_pos_control/GotoControl/CMakeFiles/GotoControl.dir/GotoControl.cpp.o
[802/1657] Building CXX object src/modules/flight_mode_manager/tasks/ManualPosition/CMakeFiles/FlightTaskManualPosition.dir/FlightTaskManualPosition.cpp.o
[803/1657] Building CXX object src/modules/mc_pos_control/Takeoff/CMakeFiles/Takeoff.dir/Takeoff.cpp.o
[804/1657] Building CXX object src/modules/flight_mode_manager/tasks/Orbit/CMakeFiles/FlightTaskOrbit.dir/FlightTaskOrbit.cpp.o
[805/1657] Building CXX object src/modules/fw_mode_manager/figure_eight/CMakeFiles/figure_eight.dir/FigureEight.cpp.o
[806/1657] Building CXX object src/modules/mc_pos_control/PositionControl/CMakeFiles/PositionControl.dir/PositionControl.cpp.o
[807/1657] Building CXX object src/modules/flight_mode_manager/tasks/AutoFollowTarget/CMakeFiles/FlightTaskAutoFollowTarget.dir/FlightTaskAutoFollowTarget.cpp.o
[808/1657] Building CXX object src/modules/mc_pos_control/PositionControl/CMakeFiles/PositionControl.dir/ControlMath.cpp.o
[809/1657] Building CXX object src/modules/rover_ackermann/AckermannAttControl/CMakeFiles/AckermannAttControl.dir/AckermannAttControl.cpp.o
[810/1657] Building CXX object test/fuzztest/fuzztest/internal/CMakeFiles/fuzztest_runtime.dir/runtime.cc.o
In file included from /home/dns/Desktop/sqe-a2-px4-kit/PX4-Autopilot/test/fuzztest/./fuzztest/domain_core.h:61,
                 from /home/dns/Desktop/sqe-a2-px4-kit/PX4-Autopilot/test/fuzztest/./fuzztest/internal/registration.h:32,
                 from /home/dns/Desktop/sqe-a2-px4-kit/PX4-Autopilot/test/fuzztest/./fuzztest/internal/fixture_driver.h:38,
                 from /home/dns/Desktop/sqe-a2-px4-kit/PX4-Autopilot/test/fuzztest/./fuzztest/internal/runtime.h:46,
                 from /home/dns/Desktop/sqe-a2-px4-kit/PX4-Autopilot/test/fuzztest/fuzztest/internal/runtime.cc:15:
/home/dns/Desktop/sqe-a2-px4-kit/PX4-Autopilot/test/fuzztest/./fuzztest/internal/domains/overlap_of_impl.h:190:43: warning: friend declaration ‘auto fuzztest::internal_no_adl::Utf8String()’ declares a non-template function [-Wnon-template-friend]
  190 |   friend auto internal_no_adl::Utf8String();
      |                                           ^
/home/dns/Desktop/sqe-a2-px4-kit/PX4-Autopilot/test/fuzztest/./fuzztest/internal/domains/overlap_of_impl.h:190:43: note: (if this is not what you intended, make sure the function template has already been declared and add ‘<>’ after the function name here)
[811/1657] Building CXX object src/modules/navigator/MissionFeasibility/CMakeFiles/mission_feasibility_checker.dir/FeasibilityChecker.cpp.o
[812/1657] Building CXX object src/modules/rover_ackermann/AckermannActControl/CMakeFiles/AckermannActControl.dir/AckermannActControl.cpp.o
[813/1657] Building CXX object src/modules/rover_ackermann/AckermannRateControl/CMakeFiles/AckermannRateControl.dir/AckermannRateControl.cpp.o
[814/1657] Linking CXX static library test/fuzztest/fuzztest/internal/libfuzztest_runtime.a
[815/1657] Building CXX object src/modules/rover_ackermann/AckermannDriveModes/AckermannOffboardMode/CMakeFiles/AckermannOffboardMode.dir/AckermannOffboardMode.cpp.o
[816/1657] Building CXX object src/modules/rover_ackermann/AckermannDriveModes/AckermannAutoMode/CMakeFiles/AckermannAutoMode.dir/AckermannAutoMode.cpp.o
[817/1657] Building CXX object src/modules/rover_ackermann/AckermannPosControl/CMakeFiles/AckermannPosControl.dir/AckermannPosControl.cpp.o
[818/1657] Building CXX object src/modules/rover_differential/DifferentialActControl/CMakeFiles/DifferentialActControl.dir/DifferentialActControl.cpp.o
[819/1657] Building CXX object src/modules/rover_ackermann/AckermannSpeedControl/CMakeFiles/AckermannSpeedControl.dir/AckermannSpeedControl.cpp.o
[820/1657] Building CXX object src/modules/rover_ackermann/AckermannDriveModes/AckermannManualMode/CMakeFiles/AckermannManualMode.dir/AckermannManualMode.cpp.o
[821/1657] Building CXX object src/modules/rover_differential/DifferentialRateControl/CMakeFiles/DifferentialRateControl.dir/DifferentialRateControl.cpp.o
[822/1657] Building CXX object src/modules/rover_differential/DifferentialAttControl/CMakeFiles/DifferentialAttControl.dir/DifferentialAttControl.cpp.o
[823/1657] Building CXX object src/modules/rover_differential/DifferentialDriveModes/DifferentialAutoMode/CMakeFiles/DifferentialAutoMode.dir/DifferentialAutoMode.cpp.o
[824/1657] Building CXX object test/fuzztest/fuzztest/internal/CMakeFiles/fuzztest_compatibility_mode.dir/compatibility_mode.cc.o
In file included from /home/dns/Desktop/sqe-a2-px4-kit/PX4-Autopilot/test/fuzztest/./fuzztest/domain_core.h:61,
                 from /home/dns/Desktop/sqe-a2-px4-kit/PX4-Autopilot/test/fuzztest/./fuzztest/internal/registration.h:32,
                 from /home/dns/Desktop/sqe-a2-px4-kit/PX4-Autopilot/test/fuzztest/./fuzztest/internal/fixture_driver.h:38,
                 from /home/dns/Desktop/sqe-a2-px4-kit/PX4-Autopilot/test/fuzztest/./fuzztest/internal/compatibility_mode.h:40,
                 from /home/dns/Desktop/sqe-a2-px4-kit/PX4-Autopilot/test/fuzztest/fuzztest/internal/compatibility_mode.cc:15:
/home/dns/Desktop/sqe-a2-px4-kit/PX4-Autopilot/test/fuzztest/./fuzztest/internal/domains/overlap_of_impl.h:190:43: warning: friend declaration ‘auto fuzztest::internal_no_adl::Utf8String()’ declares a non-template function [-Wnon-template-friend]
  190 |   friend auto internal_no_adl::Utf8String();
      |                                           ^
/home/dns/Desktop/sqe-a2-px4-kit/PX4-Autopilot/test/fuzztest/./fuzztest/internal/domains/overlap_of_impl.h:190:43: note: (if this is not what you intended, make sure the function template has already been declared and add ‘<>’ after the function name here)
[825/1657] Linking CXX static library test/fuzztest/fuzztest/internal/libfuzztest_compatibility_mode.a
[826/1657] Building CXX object src/modules/rover_differential/DifferentialSpeedControl/CMakeFiles/DifferentialSpeedControl.dir/DifferentialSpeedControl.cpp.o
[827/1657] Linking CXX static library src/modules/sensors/data_validator/libdata_validator.a
[828/1657] Building CXX object src/modules/rover_mecanum/MecanumActControl/CMakeFiles/MecanumActControl.dir/MecanumActControl.cpp.o
[829/1657] Building CXX object src/modules/rover_differential/DifferentialPosControl/CMakeFiles/DifferentialPosControl.dir/DifferentialPosControl.cpp.o
[830/1657] Building CXX object src/modules/rover_differential/DifferentialDriveModes/DifferentialOffboardMode/CMakeFiles/DifferentialOffboardMode.dir/DifferentialOffboardMode.cpp.o
[831/1657] Building CXX object src/modules/rover_mecanum/MecanumRateControl/CMakeFiles/MecanumRateControl.dir/MecanumRateControl.cpp.o
[832/1657] Building CXX object src/modules/rover_differential/DifferentialDriveModes/DifferentialManualMode/CMakeFiles/DifferentialManualMode.dir/DifferentialManualMode.cpp.o
[833/1657] Building CXX object src/modules/rover_mecanum/MecanumAttControl/CMakeFiles/MecanumAttControl.dir/MecanumAttControl.cpp.o
[834/1657] Building CXX object src/modules/rover_mecanum/MecanumDriveModes/MecanumAutoMode/CMakeFiles/MecanumAutoMode.dir/MecanumAutoMode.cpp.o
[835/1657] Building CXX object src/modules/rover_mecanum/MecanumDriveModes/MecanumOffboardMode/CMakeFiles/MecanumOffboardMode.dir/MecanumOffboardMode.cpp.o
[836/1657] Building CXX object src/modules/rover_mecanum/MecanumSpeedControl/CMakeFiles/MecanumSpeedControl.dir/MecanumSpeedControl.cpp.o
[837/1657] Completed 'libmicroxrceddsclient_project'
[838/1657] Building CXX object src/modules/sensors/vehicle_acceleration/CMakeFiles/vehicle_acceleration.dir/VehicleAcceleration.cpp.o
[839/1657] Linking CXX static library src/lib/airspeed/libairspeed.a
[840/1657] Linking CXX static library src/lib/battery/libbattery.a
[841/1657] Building CXX object src/modules/sensors/vehicle_gps_position/CMakeFiles/vehicle_gps_position.dir/gps_blending.cpp.o
[842/1657] Building CXX object src/modules/rover_mecanum/MecanumPosControl/CMakeFiles/MecanumPosControl.dir/MecanumPosControl.cpp.o
[843/1657] Building CXX object src/modules/rover_mecanum/MecanumDriveModes/MecanumManualMode/CMakeFiles/MecanumManualMode.dir/MecanumManualMode.cpp.o
[844/1657] Linking CXX static library src/lib/control_allocation/control_allocation/libControlAllocation.a
[845/1657] Building CXX object src/modules/sensors/vehicle_air_data/CMakeFiles/vehicle_air_data.dir/VehicleAirData.cpp.o
[846/1657] Building CXX object src/lib/cdev/test/CMakeFiles/lib__cdev__test__cdev_test.dir/cdevtest_main.cpp.o
[847/1657] Linking CXX static library src/lib/controllib/libcontrollib.a
[848/1657] Linking CXX static library src/lib/drivers/accelerometer/libdrivers_accelerometer.a
[849/1657] Building CXX object src/lib/cdev/test/CMakeFiles/lib__cdev__test__cdev_test.dir/cdevtest_start.cpp.o
[850/1657] Building CXX object src/lib/cdev/test/CMakeFiles/lib__cdev__test__cdev_test.dir/cdevtest_example.cpp.o
[851/1657] Linking CXX static library src/lib/drivers/gyroscope/libdrivers_gyroscope.a
[852/1657] Linking CXX static library src/lib/drivers/magnetometer/libdrivers_magnetometer.a
[853/1657] Building CXX object src/modules/sensors/vehicle_imu/CMakeFiles/vehicle_imu.dir/VehicleIMU.cpp.o
[854/1657] Linking CXX static library src/lib/drivers/rangefinder/libdrivers_rangefinder.a
[855/1657] Linking CXX static library src/lib/npfg/libnpfg.a
[856/1657] Building CXX object src/modules/sensors/vehicle_gps_position/CMakeFiles/vehicle_gps_position.dir/VehicleGPSPosition.cpp.o
[857/1657] Linking CXX static library src/lib/mixer_module/libmixer_module.a
[858/1657] Linking CXX static library src/lib/rate_control/libRateControl.a
[859/1657] Linking CXX static library src/lib/rc/librc.a
[860/1657] Linking CXX static library src/lib/rover_control/librover_control.a
[861/1657] Linking CXX static library src/lib/fw_performance_model/libperformance_model.a
[862/1657] Linking CXX static library src/lib/system_identification/libSystemIdentification.a
[863/1657] Linking CXX static library src/lib/tecs/libtecs.a
[864/1657] Linking CXX static library src/lib/timesync/libtimesync.a
[865/1657] Linking CXX static library src/lib/tunes/libtunes.a
[866/1657] Linking CXX static library src/lib/wind_estimator/libwind_estimator.a
[867/1657] Linking CXX static library src/lib/world_magnetic_model/libworld_magnetic_model.a
[868/1657] Linking CXX static library src/lib/variable_length_ringbuffer/libvariable_length_ringbuffer.a
[869/1657] Linking C static library src/lib/version/libversion.a
[870/1657] Linking CXX static library platforms/posix/src/px4/generic/generic/tone_alarm/libarch_tone_alarm.a
[871/1657] Building CXX object src/modules/sensors/vehicle_angular_velocity/CMakeFiles/vehicle_angular_velocity.dir/VehicleAngularVelocity.cpp.o
[872/1657] Building CXX object platforms/common/uORB/uORB_tests/CMakeFiles/modules__uORB__uORB_tests.dir/uORB_tests_main.cpp.o
[873/1657] Building CXX object platforms/common/px4_work_queue/test/CMakeFiles/lib__work_queue__test__wqueue_test.dir/wqueue_test.cpp.o
[874/1657] Building CXX object src/lib/rc/rc_tests/CMakeFiles/lib__rc__rc_tests.dir/RCTest.cpp.o
[875/1657] Building CXX object platforms/common/px4_work_queue/test/CMakeFiles/lib__work_queue__test__wqueue_test.dir/wqueue_main.cpp.o
[876/1657] Building CXX object platforms/common/px4_work_queue/test/CMakeFiles/lib__work_queue__test__wqueue_test.dir/wqueue_start.cpp.o
[877/1657] Building CXX object src/modules/sensors/vehicle_optical_flow/CMakeFiles/vehicle_optical_flow.dir/VehicleOpticalFlow.cpp.o
[878/1657] Building CXX object src/modules/sensors/vehicle_magnetometer/CMakeFiles/vehicle_magnetometer.dir/VehicleMagnetometer.cpp.o
[879/1657] Building CXX object platforms/common/px4_work_queue/test/CMakeFiles/lib__work_queue__test__wqueue_test.dir/wqueue_scheduled_test.cpp.o
[880/1657] Building CXX object src/drivers/camera_trigger/CMakeFiles/drivers__camera_trigger.dir/interfaces/src/camera_interface.cpp.o
[881/1657] Building CXX object src/drivers/camera_trigger/CMakeFiles/drivers__camera_trigger.dir/interfaces/src/pwm.cpp.o
[882/1657] Building CXX object src/drivers/camera_trigger/CMakeFiles/drivers__camera_trigger.dir/interfaces/src/gpio.cpp.o
[883/1657] Building CXX object src/drivers/camera_trigger/CMakeFiles/drivers__camera_trigger.dir/interfaces/src/seagull_map2.cpp.o
[884/1657] Building CXX object src/drivers/distance_sensor/lightware_laser_serial/CMakeFiles/drivers__distance_sensor__lightware_laser_serial.dir/parser.cpp.o
[885/1657] Building CXX object src/drivers/distance_sensor/lightware_laser_serial/tests/CMakeFiles/drivers__distance_sensor__lightware_laser_serial__tests.dir/__/parser.cpp.o
[886/1657] Building CXX object src/drivers/gnss/septentrio/CMakeFiles/driver__septentrio.dir/util.cpp.o
[887/1657] Building CXX object src/drivers/distance_sensor/lightware_laser_serial/tests/CMakeFiles/drivers__distance_sensor__lightware_laser_serial__tests.dir/lightware_laser_test.cpp.o
[888/1657] Building CXX object src/lib/controllib/controllib_test/CMakeFiles/lib__controllib__controllib_test.dir/controllib_test_main.cpp.o
[889/1657] Building CXX object src/drivers/distance_sensor/lightware_laser_serial/CMakeFiles/drivers__distance_sensor__lightware_laser_serial.dir/lightware_laser_serial_main.cpp.o
[890/1657] Building CXX object src/drivers/camera_trigger/CMakeFiles/drivers__camera_trigger.dir/camera_trigger.cpp.o
[891/1657] Building CXX object src/drivers/gps/CMakeFiles/drivers__gps.dir/devices/src/crc.cpp.o
[892/1657] Building CXX object src/drivers/gnss/septentrio/CMakeFiles/driver__septentrio.dir/rtcm.cpp.o
[893/1657] Building CXX object src/drivers/gnss/septentrio/CMakeFiles/driver__septentrio.dir/sbf/decoder.cpp.o
[894/1657] Building CXX object src/drivers/gps/CMakeFiles/drivers__gps.dir/devices/src/gps_helper.cpp.o
[895/1657] Building CXX object src/drivers/gps/CMakeFiles/drivers__gps.dir/devices/src/mtk.cpp.o
[896/1657] Building CXX object src/drivers/gps/CMakeFiles/drivers__gps.dir/devices/src/rtcm.cpp.o
[897/1657] Building CXX object platforms/common/uORB/uORB_tests/CMakeFiles/modules__uORB__uORB_tests.dir/uORBTest_UnitTest.cpp.o
[898/1657] Building CXX object src/drivers/distance_sensor/lightware_laser_serial/CMakeFiles/drivers__distance_sensor__lightware_laser_serial.dir/lightware_laser_serial.cpp.o
[899/1657] Building CXX object src/drivers/gps/CMakeFiles/drivers__gps.dir/devices/src/ashtech.cpp.o
[900/1657] Building CXX object src/drivers/gps/CMakeFiles/drivers__gps.dir/devices/src/unicore.cpp.o
[901/1657] Linking CXX static library src/drivers/osd/msp_osd/MessageDisplay/libmessage_display.a
[902/1657] Building CXX object src/drivers/gps/CMakeFiles/drivers__gps.dir/devices/src/emlid_reach.cpp.o
[903/1657] Building CXX object src/drivers/gps/CMakeFiles/drivers__gps.dir/devices/src/ubx.cpp.o
[904/1657] Building CXX object src/drivers/gps/CMakeFiles/drivers__gps.dir/devices/src/femtomes.cpp.o
[905/1657] Building CXX object src/drivers/gnss/septentrio/CMakeFiles/driver__septentrio.dir/septentrio.cpp.o
[906/1657] Building CXX object src/drivers/gps/CMakeFiles/drivers__gps.dir/gps.cpp.o
[907/1657] Building CXX object src/drivers/osd/msp_osd/CMakeFiles/drivers__osd__msp_osd.dir/MspV1.cpp.o
[908/1657] Building CXX object src/drivers/gps/CMakeFiles/drivers__gps.dir/devices/src/nmea.cpp.o
[909/1657] Building CXX object src/drivers/tone_alarm/CMakeFiles/drivers__tone_alarm.dir/ToneAlarm.cpp.o
[910/1657] Building CXX object src/drivers/osd/msp_osd/CMakeFiles/drivers__osd__msp_osd.dir/msp_osd.cpp.o
[911/1657] Building CXX object src/drivers/osd/msp_osd/CMakeFiles/drivers__osd__msp_osd.dir/uorb_to_msp.cpp.o
[912/1657] Building CXX object src/modules/airship_att_control/CMakeFiles/modules__airship_att_control.dir/airship_att_control_main.cpp.o
[913/1657] Building CXX object src/modules/commander/CMakeFiles/modules__commander.dir/airspeed_calibration.cpp.o
[914/1657] Building CXX object src/modules/airspeed_selector/CMakeFiles/modules__airspeed_selector.dir/AirspeedValidator.cpp.o
[915/1657] Building CXX object src/modules/commander/CMakeFiles/modules__commander.dir/factory_calibration_storage.cpp.o
[916/1657] Building CXX object test/fuzztest/fuzztest/internal/CMakeFiles/fuzztest_registry.dir/registry.cc.o
In file included from /home/dns/Desktop/sqe-a2-px4-kit/PX4-Autopilot/test/fuzztest/./fuzztest/domain_core.h:61,
                 from /home/dns/Desktop/sqe-a2-px4-kit/PX4-Autopilot/test/fuzztest/./fuzztest/internal/registration.h:32,
                 from /home/dns/Desktop/sqe-a2-px4-kit/PX4-Autopilot/test/fuzztest/./fuzztest/internal/fixture_driver.h:38,
                 from /home/dns/Desktop/sqe-a2-px4-kit/PX4-Autopilot/test/fuzztest/./fuzztest/internal/registry.h:30,
                 from /home/dns/Desktop/sqe-a2-px4-kit/PX4-Autopilot/test/fuzztest/fuzztest/internal/registry.cc:15:
/home/dns/Desktop/sqe-a2-px4-kit/PX4-Autopilot/test/fuzztest/./fuzztest/internal/domains/overlap_of_impl.h:190:43: warning: friend declaration ‘auto fuzztest::internal_no_adl::Utf8String()’ declares a non-template function [-Wnon-template-friend]
  190 |   friend auto internal_no_adl::Utf8String();
      |                                           ^
/home/dns/Desktop/sqe-a2-px4-kit/PX4-Autopilot/test/fuzztest/./fuzztest/internal/domains/overlap_of_impl.h:190:43: note: (if this is not what you intended, make sure the function template has already been declared and add ‘<>’ after the function name here)
[917/1657] Building CXX object src/modules/commander/CMakeFiles/modules__commander.dir/commander_helper.cpp.o
[918/1657] Linking CXX static library test/fuzztest/fuzztest/internal/libfuzztest_registry.a
[919/1657] Building CXX object src/modules/camera_feedback/CMakeFiles/modules__camera_feedback.dir/CameraFeedback.cpp.o
[920/1657] Building CXX object src/modules/commander/CMakeFiles/modules__commander.dir/baro_calibration.cpp.o
[921/1657] Building CXX object src/modules/commander/CMakeFiles/modules__commander.dir/calibration_routines.cpp.o
[922/1657] Building CXX object src/modules/commander/CMakeFiles/modules__commander.dir/esc_calibration.cpp.o
[923/1657] Building CXX object src/modules/commander/CMakeFiles/modules__commander.dir/accelerometer_calibration.cpp.o
[924/1657] Building CXX object src/modules/airspeed_selector/CMakeFiles/modules__airspeed_selector.dir/airspeed_selector_main.cpp.o
[925/1657] Building CXX object src/modules/commander/CMakeFiles/modules__commander.dir/gyro_calibration.cpp.o
[926/1657] Building CXX object src/modules/attitude_estimator_q/CMakeFiles/modules__attitude_estimator_q.dir/attitude_estimator_q_main.cpp.o
[927/1657] Linking CXX static library src/modules/commander/Arming/ArmAuthorization/libArmAuthorization.a
[928/1657] Building CXX object src/modules/commander/CMakeFiles/modules__commander.dir/Safety.cpp.o
[929/1657] Linking CXX static library src/modules/commander/failsafe/libfailsafe.a
[930/1657] Building CXX object src/modules/commander/CMakeFiles/modules__commander.dir/level_calibration.cpp.o
[931/1657] Building CXX object src/modules/commander/CMakeFiles/modules__commander.dir/rc_calibration.cpp.o
[932/1657] Linking CXX static library src/modules/commander/failure_detector/libfailure_detector.a
[933/1657] Linking CXX static library src/modules/commander/MulticopterThrowLaunch/libMulticopterThrowLaunch.a
[934/1657] Building CXX object src/modules/commander/CMakeFiles/modules__commander.dir/lm_fit.cpp.o
[935/1657] Building CXX object src/modules/commander/CMakeFiles/modules__commander.dir/ModeManagement.cpp.o
[936/1657] Linking CXX static library src/modules/commander/HealthAndArmingChecks/libhealth_and_arming_checks.a
[937/1657] Building CXX object src/modules/commander/CMakeFiles/modules__commander.dir/worker_thread.cpp.o
[938/1657] Linking CXX static library src/modules/control_allocator/VehicleActuatorEffectiveness/libVehicleActuatorEffectiveness.a
[939/1657] Building CXX object src/modules/commander/CMakeFiles/modules__commander.dir/HomePosition.cpp.o
[940/1657] Building CXX object src/modules/commander/CMakeFiles/modules__commander.dir/UserModeIntention.cpp.o
[941/1657] Building CXX object src/modules/commander/CMakeFiles/modules__commander.dir/mag_calibration.cpp.o
[942/1657] Building CXX object src/modules/ekf2/CMakeFiles/modules__ekf2.dir/EKF/control.cpp.o
[943/1657] Building CXX object src/modules/ekf2/CMakeFiles/modules__ekf2.dir/EKF/height_control.cpp.o
[944/1657] Building CXX object src/modules/commander/CMakeFiles/modules__commander.dir/Commander.cpp.o
[945/1657] Building CXX object src/modules/ekf2/CMakeFiles/modules__ekf2.dir/EKF/velocity_fusion.cpp.o
[946/1657] Building CXX object src/modules/ekf2/CMakeFiles/modules__ekf2.dir/EKF/position_fusion.cpp.o
[947/1657] Building CXX object src/modules/control_allocator/CMakeFiles/modules__control_allocator.dir/ControlAllocator.cpp.o
[948/1657] Building CXX object src/modules/ekf2/CMakeFiles/modules__ekf2.dir/EKF/ekf_helper.cpp.o
[949/1657] Building CXX object src/modules/ekf2/CMakeFiles/modules__ekf2.dir/EKF/covariance.cpp.o
[950/1657] Building CXX object src/modules/ekf2/CMakeFiles/modules__ekf2.dir/EKF/imu_down_sampler/imu_down_sampler.cpp.o
[951/1657] Building CXX object src/modules/ekf2/CMakeFiles/modules__ekf2.dir/EKF/yaw_fusion.cpp.o
[952/1657] Building CXX object src/modules/ekf2/CMakeFiles/modules__ekf2.dir/EKF/estimator_interface.cpp.o
[953/1657] Building CXX object src/modules/ekf2/CMakeFiles/modules__ekf2.dir/EKF/aid_sources/fake_height_control.cpp.o
[954/1657] Building CXX object src/modules/ekf2/CMakeFiles/modules__ekf2.dir/EKF/ekf.cpp.o
[955/1657] Building CXX object src/modules/ekf2/CMakeFiles/modules__ekf2.dir/EKF/aid_sources/fake_pos_control.cpp.o
[956/1657] Building CXX object src/modules/ekf2/CMakeFiles/modules__ekf2.dir/EKF/aid_sources/ZeroVelocityUpdate.cpp.o
[957/1657] Building CXX object src/modules/ekf2/CMakeFiles/modules__ekf2.dir/EKF/aid_sources/zero_innovation_heading_update.cpp.o
[958/1657] Building CXX object _deps/googletest-build/googletest/CMakeFiles/gtest.dir/src/gtest-all.cc.o
[959/1657] Building CXX object src/modules/ekf2/CMakeFiles/modules__ekf2.dir/EKF/aid_sources/ZeroGyroUpdate.cpp.o
[960/1657] Linking CXX static library lib/libgtest.a
[961/1657] Building CXX object src/modules/ekf2/CMakeFiles/modules__ekf2.dir/EKF/aid_sources/barometer/baro_height_control.cpp.o
[962/1657] Building CXX object src/modules/ekf2/CMakeFiles/modules__ekf2.dir/EKF/aid_sources/auxvel/auxvel_fusion.cpp.o
[963/1657] Building CXX object src/modules/ekf2/CMakeFiles/modules__ekf2.dir/EKF/aid_sources/aux_global_position/aux_global_position.cpp.o
[964/1657] Building CXX object src/modules/ekf2/CMakeFiles/modules__ekf2.dir/EKF/aid_sources/external_vision/ev_height_control.cpp.o
[965/1657] Building CXX object src/modules/ekf2/CMakeFiles/modules__ekf2.dir/EKF/aid_sources/drag/drag_fusion.cpp.o
[966/1657] Building CXX object src/modules/ekf2/CMakeFiles/modules__ekf2.dir/EKF/aid_sources/external_vision/ev_yaw_control.cpp.o
[967/1657] Building CXX object src/modules/ekf2/CMakeFiles/modules__ekf2.dir/EKF/aid_sources/external_vision/ev_pos_control.cpp.o
[968/1657] Building CXX object src/modules/ekf2/CMakeFiles/modules__ekf2.dir/EKF/aid_sources/external_vision/ev_control.cpp.o
[969/1657] Building CXX object src/modules/ekf2/CMakeFiles/modules__ekf2.dir/EKF/aid_sources/gnss/gnss_checks.cpp.o
[970/1657] Building CXX object src/modules/ekf2/CMakeFiles/modules__ekf2.dir/EKF/aid_sources/airspeed/airspeed_fusion.cpp.o
[971/1657] Building CXX object src/modules/ekf2/CMakeFiles/modules__ekf2.dir/EKF/aid_sources/external_vision/ev_vel_control.cpp.o
[972/1657] Building CXX object src/modules/ekf2/CMakeFiles/modules__ekf2.dir/EKF/aid_sources/range_finder/range_finder_consistency_check.cpp.o
[973/1657] Building CXX object src/modules/ekf2/CMakeFiles/modules__ekf2.dir/EKF/aid_sources/gnss/gnss_height_control.cpp.o
[974/1657] Building CXX object src/modules/ekf2/CMakeFiles/modules__ekf2.dir/EKF/aid_sources/gnss/gnss_yaw_control.cpp.o
[975/1657] Building CXX object src/modules/ekf2/CMakeFiles/modules__ekf2.dir/EKF/aid_sources/gravity/gravity_fusion.cpp.o
[976/1657] Building CXX object src/modules/ekf2/CMakeFiles/modules__ekf2.dir/EKF/aid_sources/magnetometer/mag_fusion.cpp.o
[977/1657] Building CXX object src/modules/ekf2/CMakeFiles/modules__ekf2.dir/EKF/aid_sources/range_finder/sensor_range_finder.cpp.o
[978/1657] Building CXX object src/modules/ekf2/CMakeFiles/modules__ekf2.dir/EKF/aid_sources/optical_flow/optical_flow_fusion.cpp.o
[979/1657] Linking CXX static library src/modules/ekf2/EKF/bias_estimator/libbias_estimator.a
[980/1657] Building CXX object src/modules/ekf2/CMakeFiles/modules__ekf2.dir/EKF/aid_sources/range_finder/range_height_fusion.cpp.o
[981/1657] Linking CXX static library src/modules/ekf2/EKF/yaw_estimator/libyaw_estimator.a
[982/1657] Linking CXX static library src/modules/ekf2/EKF/output_predictor/liboutput_predictor.a
[983/1657] Building CXX object src/modules/ekf2/CMakeFiles/modules__ekf2.dir/EKF/aid_sources/gnss/gps_control.cpp.o
[984/1657] Building CXX object src/modules/ekf2/CMakeFiles/modules__ekf2.dir/EKF/terrain_control.cpp.o
[985/1657] Building CXX object test/fuzztest/fuzztest/internal/domains/CMakeFiles/fuzztest_regexp_dfa.dir/regexp_dfa.cc.o
[986/1657] Building CXX object src/modules/ekf2/CMakeFiles/modules__ekf2.dir/EKF/aid_sources/magnetometer/mag_control.cpp.o
[987/1657] Linking CXX static library src/modules/flight_mode_manager/tasks/Descend/libFlightTaskDescend.a
[988/1657] Building CXX object src/modules/events/CMakeFiles/modules__events.dir/rc_loss_alarm.cpp.o
[989/1657] Building CXX object src/modules/ekf2/CMakeFiles/modules__ekf2.dir/EKF/aid_sources/optical_flow/optical_flow_control.cpp.o
[990/1657] Linking CXX static library src/modules/flight_mode_manager/tasks/Failsafe/libFlightTaskFailsafe.a
[991/1657] Linking CXX static library src/modules/flight_mode_manager/tasks/ManualAccelerationSlow/libFlightTaskManualAccelerationSlow.a
[992/1657] Linking CXX static library src/modules/flight_mode_manager/tasks/AltitudeCruise/libFlightTaskAltitudeCruise.a
[993/1657] Linking CXX static library src/modules/flight_mode_manager/tasks/Transition/libFlightTaskTransition.a
[994/1657] Linking CXX static library src/modules/flight_mode_manager/tasks/ManualPosition/libFlightTaskManualPosition.a
[995/1657] Building CXX object src/modules/ekf2/CMakeFiles/modules__ekf2.dir/EKF/aid_sources/sideslip/sideslip_fusion.cpp.o
[996/1657] Building CXX object src/modules/ekf2/CMakeFiles/modules__ekf2.dir/EKF/aid_sources/range_finder/range_height_control.cpp.o
[997/1657] Linking CXX static library src/modules/flight_mode_manager/tasks/AutoFollowTarget/libFlightTaskAutoFollowTarget.a
[998/1657] Linking CXX static library src/modules/flight_mode_manager/tasks/Orbit/libFlightTaskOrbit.a
[999/1657] Building CXX object src/modules/events/CMakeFiles/modules__events.dir/status_display.cpp.o
[1000/1657] Building CXX object src/modules/events/CMakeFiles/modules__events.dir/set_leds.cpp.o
[1001/1657] Building CXX object src/modules/ekf2/CMakeFiles/modules__ekf2.dir/EKF/wind.cpp.o
[1002/1657] Building CXX object src/modules/fw_att_control/CMakeFiles/modules__fw_att_control.dir/fw_pitch_controller.cpp.o
[1003/1657] Building CXX object src/modules/fw_att_control/CMakeFiles/modules__fw_att_control.dir/fw_roll_controller.cpp.o
[1004/1657] Building CXX object src/modules/fw_att_control/CMakeFiles/modules__fw_att_control.dir/fw_yaw_controller.cpp.o
[1005/1657] Linking CXX static library src/modules/fw_mode_manager/runway_takeoff/librunway_takeoff.a
[1006/1657] Linking CXX static library src/modules/fw_mode_manager/launchdetection/liblaunchdetection.a
[1007/1657] Linking CXX static library src/modules/fw_mode_manager/figure_eight/libfigure_eight.a
[1008/1657] Building CXX object src/modules/events/CMakeFiles/modules__events.dir/send_event.cpp.o
[1009/1657] Building CXX object src/modules/fw_att_control/CMakeFiles/modules__fw_att_control.dir/fw_wheel_controller.cpp.o
[1010/1657] Building CXX object src/modules/ekf2/CMakeFiles/modules__ekf2.dir/EKF2Selector.cpp.o
[1011/1657] Building CXX object src/modules/fw_mode_manager/CMakeFiles/modules__fw_mode_manager.dir/ControllerConfigurationHandler.cpp.o
[1012/1657] Building CXX object src/modules/gimbal/CMakeFiles/drivers__gimbal.dir/input.cpp.o
[1013/1657] Building CXX object src/modules/flight_mode_manager/CMakeFiles/modules__flight_mode_manager.dir/FlightModeManager.cpp.o
[1014/1657] Building CXX object src/modules/gimbal/CMakeFiles/drivers__gimbal.dir/input_test.cpp.o
[1015/1657] Building CXX object src/modules/flight_mode_manager/CMakeFiles/modules__flight_mode_manager.dir/FlightTasks_generated.cpp.o
[1016/1657] Building CXX object src/modules/fw_att_control/CMakeFiles/modules__fw_att_control.dir/FixedwingAttitudeControl.cpp.o
[1017/1657] Building CXX object src/modules/gimbal/CMakeFiles/drivers__gimbal.dir/input_rc.cpp.o
[1018/1657] Building CXX object src/modules/gimbal/CMakeFiles/drivers__gimbal.dir/input_mavlink.cpp.o
[1019/1657] Building C object src/modules/gyro_fft/CMakeFiles/modules__gyro_fft.dir/CMSIS_5/CMSIS/DSP/Source/BasicMathFunctions/arm_mult_q15.c.o
[1020/1657] Building CXX object src/modules/gimbal/CMakeFiles/drivers__gimbal.dir/output_rc.cpp.o
[1021/1657] Building C object src/modules/gyro_fft/CMakeFiles/modules__gyro_fft.dir/CMSIS_5/CMSIS/DSP/Source/CommonTables/arm_const_structs.c.o
[1022/1657] Building C object src/modules/gyro_fft/CMakeFiles/modules__gyro_fft.dir/CMSIS_5/CMSIS/DSP/Source/SupportFunctions/arm_float_to_q15.c.o
[1023/1657] Building CXX object src/modules/gimbal/CMakeFiles/drivers__gimbal.dir/gimbal.cpp.o
[1024/1657] Building CXX object src/modules/gimbal/CMakeFiles/drivers__gimbal.dir/output.cpp.o
[1025/1657] Building CXX object src/modules/gimbal/CMakeFiles/drivers__gimbal.dir/output_mavlink.cpp.o
[1026/1657] Building CXX object src/modules/fw_lateral_longitudinal_control/CMakeFiles/modules__fw_lateral_longitudinal_control.dir/FwLateralLongitudinalControl.cpp.o
[1027/1657] Building CXX object src/modules/fw_rate_control/CMakeFiles/modules__fw_rate_control.dir/FixedwingRateControl.cpp.o
[1028/1657] Building C object src/modules/gyro_fft/CMakeFiles/modules__gyro_fft.dir/CMSIS_5/CMSIS/DSP/Source/TransformFunctions/arm_bitreversal2.c.o
[1029/1657] Building C object src/modules/gyro_fft/CMakeFiles/modules__gyro_fft.dir/CMSIS_5/CMSIS/DSP/Source/TransformFunctions/arm_cfft_q15.c.o
[1030/1657] Building C object src/modules/gyro_fft/CMakeFiles/modules__gyro_fft.dir/CMSIS_5/CMSIS/DSP/Source/TransformFunctions/arm_rfft_init_q15.c.o
[1031/1657] Building C object src/modules/gyro_fft/CMakeFiles/modules__gyro_fft.dir/CMSIS_5/CMSIS/DSP/Source/TransformFunctions/arm_rfft_q15.c.o
[1032/1657] Building CXX object src/modules/fw_autotune_attitude_control/CMakeFiles/fw_autotune_attitude_control.dir/fw_autotune_attitude_control.cpp.o
[1033/1657] Building CXX object src/modules/gyro_calibration/CMakeFiles/modules__gyro_calibration.dir/GyroCalibration.cpp.o
[1034/1657] Building C object src/modules/gyro_fft/CMakeFiles/modules__gyro_fft.dir/CMSIS_5/CMSIS/DSP/Source/TransformFunctions/arm_cfft_radix4_q15.c.o
[1035/1657] Building CXX object src/modules/gyro_fft/CMakeFiles/modules__gyro_fft.dir/GyroFFT.cpp.o
[1036/1657] Building CXX object src/modules/land_detector/CMakeFiles/modules__land_detector.dir/land_detector_main.cpp.o
[1037/1657] Building CXX object src/modules/land_detector/CMakeFiles/modules__land_detector.dir/VtolLandDetector.cpp.o
[1038/1657] Building CXX object src/modules/land_detector/CMakeFiles/modules__land_detector.dir/LandDetector.cpp.o
[1039/1657] Building CXX object src/modules/land_detector/CMakeFiles/modules__land_detector.dir/AirshipLandDetector.cpp.o
[1040/1657] Building CXX object src/modules/landing_target_estimator/CMakeFiles/modules__landing_target_estimator.dir/KalmanFilter.cpp.o
[1041/1657] Building CXX object src/modules/land_detector/CMakeFiles/modules__land_detector.dir/MulticopterLandDetector.cpp.o
[1042/1657] Building CXX object src/modules/landing_target_estimator/CMakeFiles/modules__landing_target_estimator.dir/landing_target_estimator_main.cpp.o
[1043/1657] Building CXX object src/modules/land_detector/CMakeFiles/modules__land_detector.dir/RoverLandDetector.cpp.o
[1044/1657] Building CXX object src/modules/land_detector/CMakeFiles/modules__land_detector.dir/FixedwingLandDetector.cpp.o
[1045/1657] Building C object src/modules/gyro_fft/CMakeFiles/modules__gyro_fft.dir/CMSIS_5/CMSIS/DSP/Source/CommonTables/arm_common_tables.c.o
[1046/1657] Building CXX object src/modules/fw_mode_manager/CMakeFiles/modules__fw_mode_manager.dir/FixedWingModeManager.cpp.o
[1047/1657] Building CXX object src/modules/landing_target_estimator/CMakeFiles/modules__landing_target_estimator.dir/LandingTargetEstimator.cpp.o
[1048/1657] Building CXX object src/modules/load_mon/CMakeFiles/modules__load_mon.dir/LoadMon.cpp.o
[1049/1657] Building CXX object src/modules/ekf2/CMakeFiles/modules__ekf2.dir/EKF2.cpp.o
[1050/1657] Building CXX object src/modules/logger/CMakeFiles/modules__logger.dir/logged_topics.cpp.o
[1051/1657] Building CXX object src/modules/local_position_estimator/CMakeFiles/modules__local_position_estimator.dir/sensors/sonar.cpp.o
[1052/1657] Building CXX object src/modules/local_position_estimator/CMakeFiles/modules__local_position_estimator.dir/sensors/baro.cpp.o
[1053/1657] Building CXX object src/modules/logger/CMakeFiles/modules__logger.dir/log_writer.cpp.o
[1054/1657] Building CXX object src/modules/local_position_estimator/CMakeFiles/modules__local_position_estimator.dir/sensors/flow.cpp.o
[1055/1657] Building CXX object src/modules/local_position_estimator/CMakeFiles/modules__local_position_estimator.dir/sensors/gps.cpp.o
[1056/1657] Building CXX object src/modules/local_position_estimator/CMakeFiles/modules__local_position_estimator.dir/sensors/lidar.cpp.o
[1057/1657] Building CXX object src/modules/local_position_estimator/CMakeFiles/modules__local_position_estimator.dir/sensors/vision.cpp.o
[1058/1657] Building CXX object src/modules/local_position_estimator/CMakeFiles/modules__local_position_estimator.dir/sensors/mocap.cpp.o
[1059/1657] Building CXX object src/modules/logger/CMakeFiles/modules__logger.dir/watchdog.cpp.o
[1060/1657] Building CXX object src/modules/logger/CMakeFiles/modules__logger.dir/log_writer_mavlink.cpp.o
[1061/1657] Building CXX object src/modules/manual_control/CMakeFiles/modules__manual_control.dir/ManualControlSelector.cpp.o
[1062/1657] Building CXX object src/modules/logger/CMakeFiles/modules__logger.dir/log_writer_file.cpp.o
[1063/1657] Building CXX object src/modules/logger/CMakeFiles/modules__logger.dir/util.cpp.o
[1064/1657] Building CXX object src/modules/local_position_estimator/CMakeFiles/modules__local_position_estimator.dir/sensors/land.cpp.o
[1065/1657] Building CXX object src/modules/local_position_estimator/CMakeFiles/modules__local_position_estimator.dir/sensors/landing_target.cpp.o
[1066/1657] Building CXX object src/modules/local_position_estimator/CMakeFiles/modules__local_position_estimator.dir/BlockLocalPositionEstimator.cpp.o
[1067/1657] Building C object src/modules/mavlink/CMakeFiles/modules__mavlink.dir/mavlink.c.o
[1068/1657] Building CXX object src/modules/mavlink/CMakeFiles/modules__mavlink.dir/mavlink_rate_limiter.cpp.o
[1069/1657] Building CXX object src/modules/logger/CMakeFiles/modules__logger.dir/logger.cpp.o
[1070/1657] Building CXX object src/modules/mag_bias_estimator/CMakeFiles/modules__mag_bias_estimator.dir/MagBiasEstimator.cpp.o
[1071/1657] Building CXX object src/modules/mavlink/CMakeFiles/modules__mavlink.dir/mavlink_simple_analyzer.cpp.o
[1072/1657] Building CXX object src/modules/manual_control/CMakeFiles/modules__manual_control.dir/ManualControl.cpp.o
[1073/1657] Building CXX object src/modules/mavlink/CMakeFiles/modules__mavlink.dir/mavlink_shell.cpp.o
[1074/1657] Building CXX object src/modules/mavlink/CMakeFiles/modules__mavlink.dir/mavlink_command_sender.cpp.o
[1075/1657] Building CXX object src/modules/mavlink/CMakeFiles/modules__mavlink.dir/mavlink_events.cpp.o
[1076/1657] Building CXX object src/modules/mavlink/CMakeFiles/modules__mavlink.dir/mavlink_ftp.cpp.o
[1077/1657] Building CXX object test/fuzztest/fuzztest/internal/CMakeFiles/fuzztest_googletest_adaptor.dir/googletest_adaptor.cc.o
In file included from /home/dns/Desktop/sqe-a2-px4-kit/PX4-Autopilot/test/fuzztest/./fuzztest/domain_core.h:61,
                 from /home/dns/Desktop/sqe-a2-px4-kit/PX4-Autopilot/test/fuzztest/./fuzztest/internal/registration.h:32,
                 from /home/dns/Desktop/sqe-a2-px4-kit/PX4-Autopilot/test/fuzztest/./fuzztest/internal/fixture_driver.h:38,
                 from /home/dns/Desktop/sqe-a2-px4-kit/PX4-Autopilot/test/fuzztest/./fuzztest/internal/registry.h:30,
                 from /home/dns/Desktop/sqe-a2-px4-kit/PX4-Autopilot/test/fuzztest/./fuzztest/internal/googletest_adaptor.h:26,
                 from /home/dns/Desktop/sqe-a2-px4-kit/PX4-Autopilot/test/fuzztest/fuzztest/internal/googletest_adaptor.cc:2:
/home/dns/Desktop/sqe-a2-px4-kit/PX4-Autopilot/test/fuzztest/./fuzztest/internal/domains/overlap_of_impl.h:190:43: warning: friend declaration ‘auto fuzztest::internal_no_adl::Utf8String()’ declares a non-template function [-Wnon-template-friend]
  190 |   friend auto internal_no_adl::Utf8String();
      |                                           ^
/home/dns/Desktop/sqe-a2-px4-kit/PX4-Autopilot/test/fuzztest/./fuzztest/internal/domains/overlap_of_impl.h:190:43: note: (if this is not what you intended, make sure the function template has already been declared and add ‘<>’ after the function name here)
[1078/1657] Linking CXX static library src/modules/mc_att_control/AttitudeControl/libAttitudeControl.a
[1079/1657] Building CXX object src/modules/mavlink/CMakeFiles/modules__mavlink.dir/mavlink_stream.cpp.o
[1080/1657] Building CXX object src/modules/mavlink/CMakeFiles/modules__mavlink.dir/open_drone_id_translations.cpp.o
[1081/1657] Linking CXX static library src/modules/mc_hover_thrust_estimator/libzero_order_hover_thrust_ekf.a
[1082/1657] Building CXX object src/modules/mavlink/CMakeFiles/modules__mavlink.dir/tune_publisher.cpp.o
[1083/1657] Linking CXX static library src/modules/mc_pos_control/GotoControl/libGotoControl.a
[1084/1657] Linking CXX static library src/modules/mc_pos_control/PositionControl/libPositionControl.a
[1085/1657] Linking CXX static library src/modules/mc_pos_control/Takeoff/libTakeoff.a
[1086/1657] Building CXX object src/modules/mavlink/CMakeFiles/modules__mavlink.dir/mavlink_mission.cpp.o
[1087/1657] Building CXX object src/modules/mavlink/CMakeFiles/modules__mavlink.dir/mavlink_parameters.cpp.o
[1088/1657] Building CXX object src/modules/mavlink/CMakeFiles/modules__mavlink.dir/mavlink_log_handler.cpp.o
[1089/1657] Building CXX object src/modules/mavlink/CMakeFiles/modules__mavlink.dir/mavlink_ulog.cpp.o
[1090/1657] Building CXX object src/modules/mavlink/CMakeFiles/modules__mavlink.dir/MavlinkStatustextHandler.cpp.o
[1091/1657] Building CXX object src/modules/mc_hover_thrust_estimator/CMakeFiles/modules__mc_hover_thrust_estimator.dir/MulticopterHoverThrustEstimator.cpp.o
[1092/1657] Building CXX object src/modules/navigator/CMakeFiles/modules__navigator.dir/navigator_mode.cpp.o
[1093/1657] Building CXX object src/modules/mavlink/CMakeFiles/modules__mavlink.dir/mavlink_main.cpp.o
[1094/1657] Building CXX object src/modules/mavlink/CMakeFiles/modules__mavlink.dir/mavlink_timesync.cpp.o
[1095/1657] Building CXX object src/modules/mc_rate_control/CMakeFiles/modules__mc_rate_control.dir/MulticopterRateControl.cpp.o
[1096/1657] Building CXX object src/modules/mc_att_control/CMakeFiles/modules__mc_att_control.dir/mc_att_control_main.cpp.o
[1097/1657] Building CXX object src/modules/mavlink/CMakeFiles/modules__mavlink.dir/mavlink_receiver.cpp.o
[1098/1657] Building CXX object src/modules/navigator/CMakeFiles/modules__navigator.dir/mission.cpp.o
[1099/1657] Building CXX object src/modules/navigator/CMakeFiles/modules__navigator.dir/mission_base.cpp.o
[1100/1657] Building CXX object src/modules/mc_autotune_attitude_control/CMakeFiles/mc_autotune_attitude_control.dir/mc_autotune_attitude_control.cpp.o
[1101/1657] Building CXX object src/modules/navigator/CMakeFiles/modules__navigator.dir/mission_block.cpp.o
[1102/1657] Building CXX object src/modules/navigator/CMakeFiles/modules__navigator.dir/loiter.cpp.o
[1103/1657] Building CXX object src/modules/navigator/CMakeFiles/modules__navigator.dir/navigator_main.cpp.o
[1104/1657] Linking CXX static library src/modules/navigator/MissionFeasibility/libmission_feasibility_checker.a
[1105/1657] Building CXX object src/modules/navigator/CMakeFiles/modules__navigator.dir/rtl_direct_mission_land.cpp.o
[1106/1657] Building CXX object src/modules/navigator/CMakeFiles/modules__navigator.dir/rtl_mission_fast.cpp.o
[1107/1657] Building CXX object src/modules/navigator/CMakeFiles/modules__navigator.dir/rtl.cpp.o
[1108/1657] Building CXX object src/modules/mc_pos_control/CMakeFiles/modules__mc_pos_control.dir/MulticopterPositionControl.cpp.o
[1109/1657] Building CXX object src/modules/navigator/CMakeFiles/modules__navigator.dir/land.cpp.o
[1110/1657] Building CXX object src/modules/payload_deliverer/CMakeFiles/modules__payload_deliverer.dir/gripper.cpp.o
[1111/1657] Building CXX object src/modules/navigator/CMakeFiles/modules__navigator.dir/rtl_direct.cpp.o
[1112/1657] Linking CXX static library src/modules/rover_ackermann/AckermannActControl/libAckermannActControl.a
[1113/1657] Linking CXX static library src/modules/rover_ackermann/AckermannRateControl/libAckermannRateControl.a
[1114/1657] Linking CXX static library src/modules/rover_ackermann/AckermannAttControl/libAckermannAttControl.a
[1115/1657] Linking CXX static library src/modules/rover_ackermann/AckermannSpeedControl/libAckermannSpeedControl.a
[1116/1657] Building CXX object src/modules/navigator/CMakeFiles/modules__navigator.dir/rtl_mission_fast_reverse.cpp.o
[1117/1657] Building CXX object src/modules/navigator/CMakeFiles/modules__navigator.dir/mission_feasibility_checker.cpp.o
[1118/1657] Linking CXX static library src/modules/rover_ackermann/AckermannPosControl/libAckermannPosControl.a
[1119/1657] Linking CXX static library src/modules/rover_ackermann/AckermannDriveModes/AckermannAutoMode/libAckermannAutoMode.a
[1120/1657] Linking CXX static library src/modules/rover_ackermann/AckermannDriveModes/AckermannManualMode/libAckermannManualMode.a
[1121/1657] Linking CXX static library src/modules/rover_differential/DifferentialActControl/libDifferentialActControl.a
[1122/1657] Building CXX object src/modules/navigator/CMakeFiles/modules__navigator.dir/vtol_takeoff.cpp.o
[1123/1657] Linking CXX static library src/modules/rover_ackermann/AckermannDriveModes/AckermannOffboardMode/libAckermannOffboardMode.a
[1124/1657] Linking CXX static library src/modules/rover_differential/DifferentialRateControl/libDifferentialRateControl.a
[1125/1657] Linking CXX static library src/modules/rover_differential/DifferentialAttControl/libDifferentialAttControl.a
[1126/1657] Linking CXX static library src/modules/rover_differential/DifferentialSpeedControl/libDifferentialSpeedControl.a
[1127/1657] Linking CXX static library src/modules/rover_differential/DifferentialPosControl/libDifferentialPosControl.a
[1128/1657] Building CXX object src/modules/navigator/CMakeFiles/modules__navigator.dir/geofence.cpp.o
[1129/1657] Linking CXX static library src/modules/rover_differential/DifferentialDriveModes/DifferentialManualMode/libDifferentialManualMode.a
[1130/1657] Building CXX object src/modules/navigator/CMakeFiles/modules__navigator.dir/takeoff.cpp.o
[1131/1657] Linking CXX static library src/modules/rover_differential/DifferentialDriveModes/DifferentialAutoMode/libDifferentialAutoMode.a
[1132/1657] Linking CXX static library src/modules/rover_differential/DifferentialDriveModes/DifferentialOffboardMode/libDifferentialOffboardMode.a
[1133/1657] Linking CXX static library src/modules/rover_mecanum/MecanumActControl/libMecanumActControl.a
[1134/1657] Linking CXX static library src/modules/rover_mecanum/MecanumAttControl/libMecanumAttControl.a
[1135/1657] Linking CXX static library src/modules/rover_mecanum/MecanumRateControl/libMecanumRateControl.a
[1136/1657] Linking CXX static library src/modules/rover_mecanum/MecanumSpeedControl/libMecanumSpeedControl.a
[1137/1657] Linking CXX static library src/modules/rover_mecanum/MecanumDriveModes/MecanumAutoMode/libMecanumAutoMode.a
[1138/1657] Linking CXX static library src/modules/rover_mecanum/MecanumPosControl/libMecanumPosControl.a
[1139/1657] Linking CXX static library src/modules/rover_mecanum/MecanumDriveModes/MecanumOffboardMode/libMecanumOffboardMode.a
[1140/1657] Linking CXX static library src/modules/rover_mecanum/MecanumDriveModes/MecanumManualMode/libMecanumManualMode.a
[1141/1657] Linking CXX static library src/modules/sensors/vehicle_acceleration/libvehicle_acceleration.a
[1142/1657] Linking CXX static library src/modules/sensors/vehicle_imu/libvehicle_imu.a
[1143/1657] Linking CXX static library src/modules/sensors/vehicle_air_data/libvehicle_air_data.a
[1144/1657] Linking CXX static library src/modules/sensors/vehicle_angular_velocity/libvehicle_angular_velocity.a
[1145/1657] Linking CXX static library src/modules/sensors/vehicle_gps_position/libvehicle_gps_position.a
[1146/1657] Linking CXX static library src/modules/sensors/vehicle_magnetometer/libvehicle_magnetometer.a
[1147/1657] Linking CXX static library src/modules/sensors/vehicle_optical_flow/libvehicle_optical_flow.a
[1148/1657] Building CXX object src/modules/navigator/CMakeFiles/modules__navigator.dir/precland.cpp.o
[1149/1657] Building CXX object src/modules/payload_deliverer/CMakeFiles/modules__payload_deliverer.dir/payload_deliverer.cpp.o
[1150/1657] Building CXX object src/modules/replay/CMakeFiles/modules__replay.dir/ReplayEkf2.cpp.o
[1151/1657] Building CXX object src/modules/rc_update/CMakeFiles/modules__rc_update.dir/rc_update.cpp.o
[1152/1657] Building CXX object src/modules/rover_mecanum/CMakeFiles/modules__rover_mecanum.dir/RoverMecanum.cpp.o
[1153/1657] Building CXX object src/modules/replay/CMakeFiles/modules__replay.dir/replay_main.cpp.o
[1154/1657] Building CXX object src/modules/mavlink/CMakeFiles/modules__mavlink.dir/mavlink_messages.cpp.o
[1155/1657] Building CXX object src/modules/rover_differential/CMakeFiles/modules__rover_differential.dir/RoverDifferential.cpp.o
[1156/1657] Building CXX object src/modules/rover_ackermann/CMakeFiles/modules__rover_ackermann.dir/RoverAckermann.cpp.o
[1157/1657] Building CXX object src/modules/simulation/battery_simulator/CMakeFiles/modules__simulation__battery_simulator.dir/BatterySimulator.cpp.o
[1158/1657] Building CXX object src/modules/simulation/pwm_out_sim/CMakeFiles/modules__simulation__pwm_out_sim.dir/PWMSim.cpp.o
[1159/1657] Building CXX object src/modules/simulation/sensor_agp_sim/CMakeFiles/modules__simulation__sensor_agp_sim.dir/SensorAgpSim.cpp.o
[1160/1657] Building CXX object src/modules/simulation/sensor_airspeed_sim/CMakeFiles/modules__simulation__sensor_airspeed_sim.dir/SensorAirspeedSim.cpp.o
[1161/1657] Building CXX object src/modules/simulation/system_power_simulator/CMakeFiles/modules__simulation__system_power_simulator.dir/SystemPowerSimulator.cpp.o
[1162/1657] Building CXX object src/modules/simulation/sensor_gps_sim/CMakeFiles/modules__simulation__sensor_gps_sim.dir/SensorGpsSim.cpp.o
[1163/1657] Building CXX object src/modules/simulation/sensor_baro_sim/CMakeFiles/modules__simulation__sensor_baro_sim.dir/SensorBaroSim.cpp.o
[1164/1657] Building CXX object src/modules/sensors/CMakeFiles/modules__sensors.dir/sensors.cpp.o
[1165/1657] Building CXX object src/modules/sensors/CMakeFiles/modules__sensors.dir/voted_sensors_update.cpp.o
[1166/1657] Building CXX object src/modules/temperature_compensation/CMakeFiles/modules__temperature_compensation.dir/TemperatureCompensation.cpp.o
[1167/1657] Building CXX object src/modules/temperature_compensation/CMakeFiles/modules__temperature_compensation.dir/temperature_calibration/gyro.cpp.o
[1168/1657] Building CXX object src/modules/simulation/sensor_mag_sim/CMakeFiles/modules__simulation__senosr_mag_sim.dir/SensorMagSim.cpp.o
[1169/1657] Building CXX object src/modules/temperature_compensation/CMakeFiles/modules__temperature_compensation.dir/temperature_calibration/baro.cpp.o
[1170/1657] Building CXX object src/modules/uxrce_dds_client/CMakeFiles/modules__uxrce_dds_client.dir/srv_base.cpp.o
[1171/1657] Building CXX object src/modules/temperature_compensation/CMakeFiles/modules__temperature_compensation.dir/temperature_calibration/accel.cpp.o
[1172/1657] Building CXX object src/modules/temperature_compensation/CMakeFiles/modules__temperature_compensation.dir/TemperatureCompensationModule.cpp.o
[1173/1657] Building CXX object src/modules/temperature_compensation/CMakeFiles/modules__temperature_compensation.dir/temperature_calibration/task.cpp.o
[1174/1657] Building CXX object src/modules/temperature_compensation/CMakeFiles/modules__temperature_compensation.dir/temperature_calibration/mag.cpp.o
[1175/1657] Building CXX object src/modules/uxrce_dds_client/CMakeFiles/modules__uxrce_dds_client.dir/vehicle_command_srv.cpp.o
[1176/1657] Building CXX object src/systemcmds/bsondump/CMakeFiles/systemcmds__bsondump.dir/bsondump.cpp.o
[1177/1657] Building CXX object src/systemcmds/dyn/CMakeFiles/systemcmds__dyn.dir/dyn.cpp.o
[1178/1657] Building CXX object src/systemcmds/actuator_test/CMakeFiles/systemcmds__actuator_test.dir/actuator_test.cpp.o
[1179/1657] Building CXX object src/systemcmds/led_control/CMakeFiles/systemcmds__led_control.dir/led_control.cpp.o
[1180/1657] Building CXX object src/systemcmds/failure/CMakeFiles/systemcmds__failure.dir/failure.cpp.o
[1181/1657] Building CXX object src/modules/uuv_att_control/CMakeFiles/modules__uuv_att_control.dir/uuv_att_control.cpp.o
[1182/1657] Building CXX object src/modules/replay/CMakeFiles/modules__replay.dir/Replay.cpp.o
[1183/1657] Building CXX object src/systemcmds/perf/CMakeFiles/systemcmds__perf.dir/perf.cpp.o
[1184/1657] Building CXX object src/systemcmds/shutdown/CMakeFiles/systemcmds__shutdown.dir/shutdown.cpp.o
[1185/1657] Building CXX object src/modules/vtol_att_control/CMakeFiles/modules__vtol_att_control.dir/tiltrotor.cpp.o
[1186/1657] Building CXX object src/systemcmds/sd_bench/CMakeFiles/systemcmds__sd_bench.dir/sd_bench.cpp.o
[1187/1657] Building CXX object src/systemcmds/system_time/CMakeFiles/systemcmds__system_time.dir/system_time.cpp.o
[1188/1657] Building CXX object src/modules/vtol_att_control/CMakeFiles/modules__vtol_att_control.dir/vtol_att_control_main.cpp.o
[1189/1657] Building CXX object src/modules/uuv_pos_control/CMakeFiles/modules__uuv_pos_control.dir/uuv_pos_control.cpp.o
[1190/1657] Building CXX object src/modules/vtol_att_control/CMakeFiles/modules__vtol_att_control.dir/tailsitter.cpp.o
[1191/1657] Building CXX object src/modules/simulation/simulator_sih/CMakeFiles/modules__simulation__simulator_sih.dir/sih.cpp.o
[1192/1657] Building CXX object src/systemcmds/param/CMakeFiles/systemcmds__param.dir/param.cpp.o
[1193/1657] Building CXX object src/modules/vtol_att_control/CMakeFiles/modules__vtol_att_control.dir/vtol_type.cpp.o
[1194/1657] Building C object src/systemcmds/tests/CMakeFiles/systemcmds__tests.dir/test_hott_telemetry.c.o
[1195/1657] Building C object src/systemcmds/tests/CMakeFiles/systemcmds__tests.dir/test_file2.c.o
[1196/1657] Building CXX object src/systemcmds/tests/CMakeFiles/systemcmds__tests.dir/test_hrt.cpp.o
[1197/1657] Building CXX object src/modules/vtol_att_control/CMakeFiles/modules__vtol_att_control.dir/standard.cpp.o
[1198/1657] Building C object src/systemcmds/tests/CMakeFiles/systemcmds__tests.dir/test_file.c.o
[1199/1657] Building CXX object src/systemcmds/tests/CMakeFiles/systemcmds__tests.dir/test_atomic_bitset.cpp.o
[1200/1657] Building CXX object src/systemcmds/tests/CMakeFiles/systemcmds__tests.dir/test_bson.cpp.o
[1201/1657] Building CXX object src/systemcmds/tests/CMakeFiles/systemcmds__tests.dir/test_bitset.cpp.o
[1202/1657] Building CXX object src/systemcmds/tests/CMakeFiles/systemcmds__tests.dir/test_float.cpp.o
[1203/1657] Building CXX object src/systemcmds/tests/CMakeFiles/systemcmds__tests.dir/test_int.cpp.o
[1204/1657] Building C object src/systemcmds/tests/CMakeFiles/systemcmds__tests.dir/test_led.c.o
[1205/1657] Building C object src/systemcmds/tests/CMakeFiles/systemcmds__tests.dir/test_param.c.o
[1206/1657] Building C object src/systemcmds/tests/CMakeFiles/systemcmds__tests.dir/test_perf.c.o
[1207/1657] Building CXX object src/systemcmds/tests/CMakeFiles/systemcmds__tests.dir/test_ppm.cpp.o
[1208/1657] Building C object src/systemcmds/tests/CMakeFiles/systemcmds__tests.dir/test_sleep.c.o
[1209/1657] Building CXX object src/systemcmds/tests/CMakeFiles/systemcmds__tests.dir/test_rc.cpp.o
[1210/1657] Building CXX object src/systemcmds/tests/CMakeFiles/systemcmds__tests.dir/test_i2c_spi_cli.cpp.o
[1211/1657] Building C object src/systemcmds/tests/CMakeFiles/systemcmds__tests.dir/test_uart_baudchange.c.o
[1212/1657] Building C object src/systemcmds/tests/CMakeFiles/systemcmds__tests.dir/test_uart_console.c.o
[1213/1657] Building CXX object src/modules/uxrce_dds_client/CMakeFiles/modules__uxrce_dds_client.dir/uxrce_dds_client.cpp.o
[1214/1657] Building CXX object src/systemcmds/tests/CMakeFiles/systemcmds__tests.dir/test_search_min.cpp.o
[1215/1657] Building C object src/systemcmds/tests/CMakeFiles/systemcmds__tests.dir/test_uart_send.c.o
[1216/1657] Building C object src/systemcmds/tests/CMakeFiles/systemcmds__tests.dir/test_uart_loopback.c.o
[1217/1657] Building CXX object src/systemcmds/tests/CMakeFiles/systemcmds__tests.dir/test_dataman.cpp.o
[1218/1657] Building CXX object src/systemcmds/tests/CMakeFiles/systemcmds__tests.dir/test_List.cpp.o
[1219/1657] Building CXX object src/systemcmds/tests/hrt_test/CMakeFiles/systemcmds__tests__hrt_test.dir/hrt_test_main.cpp.o
[1220/1657] Building C object src/systemcmds/tests/CMakeFiles/systemcmds__tests.dir/test_cli.c.o
[1221/1657] Building CXX object src/systemcmds/tests/hrt_test/CMakeFiles/systemcmds__tests__hrt_test.dir/hrt_test_start.cpp.o
[1222/1657] Building CXX object src/systemcmds/tests/CMakeFiles/systemcmds__tests.dir/test_IntrusiveQueue.cpp.o
[1223/1657] Building CXX object src/systemcmds/tests/hrt_test/CMakeFiles/systemcmds__tests__hrt_test.dir/hrt_test.cpp.o
[1224/1657] Building CXX object src/systemcmds/tests/CMakeFiles/systemcmds__tests.dir/test_IntrusiveSortedList.cpp.o
[1225/1657] Building C object src/systemcmds/tests/CMakeFiles/systemcmds__tests.dir/tests_main.c.o
[1226/1657] Building CXX object src/systemcmds/tests/CMakeFiles/systemcmds__tests.dir/test_parameters.cpp.o
[1227/1657] Building CXX object src/systemcmds/uorb/CMakeFiles/systemcmds__uorb.dir/uorb.cpp.o
[1228/1657] Building CXX object src/systemcmds/topic_listener/CMakeFiles/systemcmds__topic_listener.dir/listener_main.cpp.o
[1229/1657] Building CXX object src/examples/hello/CMakeFiles/examples__hello.dir/hello_main.cpp.o
[1230/1657] Building CXX object src/modules/simulation/simulator_mavlink/CMakeFiles/modules__simulation__simulator_mavlink.dir/SimulatorMavlink.cpp.o
[1231/1657] Building CXX object src/systemcmds/work_queue/CMakeFiles/systemcmds__work_queue.dir/work_queue_main.cpp.o
[1232/1657] Building CXX object src/systemcmds/tune_control/CMakeFiles/systemcmds__tune_control.dir/tune_control.cpp.o
[1233/1657] Building CXX object src/systemcmds/ver/CMakeFiles/systemcmds__ver.dir/ver.cpp.o
[1234/1657] Building CXX object src/systemcmds/tests/CMakeFiles/systemcmds__tests.dir/test_versioning.cpp.o
[1235/1657] Building CXX object src/examples/hello/CMakeFiles/examples__hello.dir/hello_example.cpp.o
[1236/1657] Linking CXX static library test/fuzztest/fuzztest/internal/libfuzztest_googletest_adaptor.a
[1237/1657] Building CXX object src/examples/px4_mavlink_debug/CMakeFiles/examples__px4_mavlink_debug.dir/px4_mavlink_debug.cpp.o
[1238/1657] Linking CXX static library src/lib/cdev/test/liblib__cdev__test__cdev_test.a
[1239/1657] Building CXX object src/examples/hello/CMakeFiles/examples__hello.dir/hello_start.cpp.o
[1240/1657] Linking CXX static library platforms/common/uORB/uORB_tests/libmodules__uORB__uORB_tests.a
[1241/1657] Linking CXX static library test/fuzztest/fuzztest/internal/domains/libfuzztest_regexp_dfa.a
[1242/1657] Linking CXX static library src/lib/rc/rc_tests/liblib__rc__rc_tests.a
[1243/1657] Building C object src/examples/px4_simple_app/CMakeFiles/examples__px4_simple_app.dir/px4_simple_app.c.o
[1244/1657] Linking CXX static library src/lib/controllib/controllib_test/liblib__controllib__controllib_test.a
[1245/1657] Linking CXX static library platforms/common/px4_work_queue/test/liblib__work_queue__test__wqueue_test.a
[1246/1657] Linking CXX static library src/drivers/distance_sensor/lightware_laser_serial/libdrivers__distance_sensor__lightware_laser_serial.a
[1247/1657] Linking CXX static library src/drivers/distance_sensor/lightware_laser_serial/tests/libdrivers__distance_sensor__lightware_laser_serial__tests.a
[1248/1657] Linking CXX static library src/drivers/camera_trigger/libdrivers__camera_trigger.a
[1249/1657] Linking CXX static library src/drivers/gnss/septentrio/libdriver__septentrio.a
[1250/1657] Linking CXX static library src/drivers/tone_alarm/libdrivers__tone_alarm.a
[1251/1657] Linking CXX static library src/drivers/osd/msp_osd/libdrivers__osd__msp_osd.a
[1252/1657] Linking CXX static library src/drivers/gps/libdrivers__gps.a
[1253/1657] Linking CXX static library src/modules/airship_att_control/libmodules__airship_att_control.a
[1254/1657] Linking CXX static library src/modules/airspeed_selector/libmodules__airspeed_selector.a
[1255/1657] Linking CXX static library src/modules/attitude_estimator_q/libmodules__attitude_estimator_q.a
[1256/1657] Linking CXX static library src/modules/camera_feedback/libmodules__camera_feedback.a
[1257/1657] Linking CXX static library src/modules/control_allocator/libmodules__control_allocator.a
[1258/1657] Linking CXX static library src/modules/commander/libmodules__commander.a
[1259/1657] Building CXX object src/examples/fake_imu/CMakeFiles/modules__fake_imu.dir/FakeImu.cpp.o
[1260/1657] Building CXX object src/examples/fake_gps/CMakeFiles/modules__fake_gps.dir/FakeGps.cpp.o
[1261/1657] Linking CXX static library src/modules/ekf2/libmodules__ekf2.a
[1262/1657] Building CXX object src/examples/fake_magnetometer/CMakeFiles/examples__fake_magnetometer.dir/FakeMagnetometer.cpp.o
[1263/1657] Building CXX object src/examples/work_item/CMakeFiles/examples__work_item.dir/WorkItemExample.cpp.o
[1264/1657] Building CXX object src/modules/ekf2/EKF/CMakeFiles/ecl_EKF.dir/height_control.cpp.o
[1265/1657] Building CXX object src/modules/ekf2/EKF/CMakeFiles/ecl_EKF.dir/control.cpp.o
[1266/1657] Building CXX object src/systemcmds/tests/CMakeFiles/systemcmds__tests.dir/test_mathlib.cpp.o
[1267/1657] Building CXX object src/modules/ekf2/EKF/CMakeFiles/ecl_EKF.dir/estimator_interface.cpp.o
[1268/1657] Building CXX object src/modules/ekf2/EKF/CMakeFiles/ecl_EKF.dir/covariance.cpp.o
[1269/1657] Building CXX object src/modules/ekf2/EKF/CMakeFiles/ecl_EKF.dir/position_fusion.cpp.o
[1270/1657] Building CXX object src/modules/ekf2/EKF/CMakeFiles/ecl_EKF.dir/velocity_fusion.cpp.o
[1271/1657] Building CXX object src/modules/ekf2/EKF/CMakeFiles/ecl_EKF.dir/aid_sources/fake_height_control.cpp.o
[1272/1657] Building CXX object src/modules/ekf2/EKF/CMakeFiles/ecl_EKF.dir/imu_down_sampler/imu_down_sampler.cpp.o
[1273/1657] Building CXX object src/modules/ekf2/EKF/CMakeFiles/ecl_EKF.dir/aid_sources/ZeroVelocityUpdate.cpp.o
[1274/1657] Building CXX object src/modules/ekf2/EKF/CMakeFiles/ecl_EKF.dir/aid_sources/ZeroGyroUpdate.cpp.o
[1275/1657] Building CXX object src/modules/ekf2/EKF/CMakeFiles/ecl_EKF.dir/aid_sources/zero_innovation_heading_update.cpp.o
[1276/1657] Building CXX object src/modules/ekf2/EKF/CMakeFiles/ecl_EKF.dir/ekf_helper.cpp.o
[1277/1657] Building CXX object src/modules/ekf2/EKF/CMakeFiles/ecl_EKF.dir/ekf.cpp.o
[1278/1657] Building CXX object src/modules/ekf2/EKF/CMakeFiles/ecl_EKF.dir/aid_sources/aux_global_position/aux_global_position.cpp.o
[1279/1657] Building CXX object src/modules/ekf2/EKF/CMakeFiles/ecl_EKF.dir/aid_sources/fake_pos_control.cpp.o
[1280/1657] Building CXX object src/modules/ekf2/EKF/CMakeFiles/ecl_EKF.dir/aid_sources/auxvel/auxvel_fusion.cpp.o
[1281/1657] Building CXX object src/modules/ekf2/EKF/CMakeFiles/ecl_EKF.dir/yaw_fusion.cpp.o
[1282/1657] Building CXX object src/modules/ekf2/EKF/CMakeFiles/ecl_EKF.dir/aid_sources/airspeed/airspeed_fusion.cpp.o
[1283/1657] Building CXX object src/modules/ekf2/EKF/CMakeFiles/ecl_EKF.dir/aid_sources/external_vision/ev_height_control.cpp.o
[1284/1657] Building CXX object src/modules/ekf2/EKF/CMakeFiles/ecl_EKF.dir/aid_sources/drag/drag_fusion.cpp.o
[1285/1657] Building CXX object src/modules/ekf2/EKF/CMakeFiles/ecl_EKF.dir/aid_sources/external_vision/ev_vel_control.cpp.o
[1286/1657] Building CXX object src/modules/ekf2/EKF/CMakeFiles/ecl_EKF.dir/aid_sources/barometer/baro_height_control.cpp.o
[1287/1657] Building CXX object src/modules/ekf2/EKF/CMakeFiles/ecl_EKF.dir/aid_sources/external_vision/ev_yaw_control.cpp.o
[1288/1657] Building CXX object src/modules/ekf2/EKF/CMakeFiles/ecl_EKF.dir/aid_sources/gnss/gnss_height_control.cpp.o
[1289/1657] Building CXX object src/modules/ekf2/EKF/CMakeFiles/ecl_EKF.dir/aid_sources/external_vision/ev_control.cpp.o
[1290/1657] Building CXX object src/modules/ekf2/EKF/CMakeFiles/ecl_EKF.dir/aid_sources/gnss/gnss_checks.cpp.o
[1291/1657] Building CXX object src/modules/ekf2/EKF/CMakeFiles/ecl_EKF.dir/aid_sources/external_vision/ev_pos_control.cpp.o
[1292/1657] Building CXX object src/modules/ekf2/EKF/CMakeFiles/ecl_EKF.dir/aid_sources/range_finder/range_finder_consistency_check.cpp.o
[1293/1657] Building CXX object src/modules/ekf2/EKF/CMakeFiles/ecl_EKF.dir/aid_sources/gnss/gnss_yaw_control.cpp.o
[1294/1657] Building CXX object src/modules/ekf2/EKF/CMakeFiles/ecl_EKF.dir/aid_sources/gravity/gravity_fusion.cpp.o
[1295/1657] Building CXX object src/modules/ekf2/EKF/CMakeFiles/ecl_EKF.dir/aid_sources/gnss/gps_control.cpp.o
[1296/1657] Linking CXX static library src/modules/events/libmodules__events.a
[1297/1657] Building CXX object src/modules/ekf2/EKF/CMakeFiles/ecl_EKF.dir/aid_sources/range_finder/sensor_range_finder.cpp.o
[1298/1657] Linking CXX static library src/modules/flight_mode_manager/libmodules__flight_mode_manager.a
[1299/1657] Building CXX object src/modules/ekf2/EKF/CMakeFiles/ecl_EKF.dir/aid_sources/magnetometer/mag_fusion.cpp.o
[1300/1657] Linking CXX static library src/modules/fw_att_control/libmodules__fw_att_control.a
[1301/1657] Linking CXX static library src/modules/fw_autotune_attitude_control/libfw_autotune_attitude_control.a
[1302/1657] Linking CXX static library src/modules/fw_lateral_longitudinal_control/libmodules__fw_lateral_longitudinal_control.a
[1303/1657] Linking CXX static library src/modules/gimbal/libdrivers__gimbal.a
[1304/1657] Linking CXX static library src/modules/fw_rate_control/libmodules__fw_rate_control.a
[1305/1657] Linking CXX static library src/modules/fw_mode_manager/libmodules__fw_mode_manager.a
[1306/1657] Building CXX object src/modules/ekf2/EKF/CMakeFiles/ecl_EKF.dir/aid_sources/range_finder/range_height_fusion.cpp.o
[1307/1657] Building CXX object src/modules/ekf2/EKF/CMakeFiles/ecl_EKF.dir/aid_sources/optical_flow/optical_flow_control.cpp.o
[1308/1657] Linking CXX static library src/modules/gyro_calibration/libmodules__gyro_calibration.a
[1309/1657] Linking CXX static library src/modules/load_mon/libmodules__load_mon.a
[1310/1657] Linking CXX static library src/modules/landing_target_estimator/libmodules__landing_target_estimator.a
[1311/1657] Linking CXX static library src/modules/gyro_fft/libmodules__gyro_fft.a
[1312/1657] Linking CXX static library src/modules/land_detector/libmodules__land_detector.a
[1313/1657] Linking CXX static library src/modules/mag_bias_estimator/libmodules__mag_bias_estimator.a
[1314/1657] Linking CXX static library src/modules/logger/libmodules__logger.a
[1315/1657] Linking CXX static library src/modules/manual_control/libmodules__manual_control.a
[1316/1657] Building CXX object src/modules/ekf2/EKF/CMakeFiles/ecl_EKF.dir/aid_sources/optical_flow/optical_flow_fusion.cpp.o
[1317/1657] Linking CXX static library src/modules/mc_att_control/libmodules__mc_att_control.a
[1318/1657] Building CXX object src/modules/ekf2/EKF/CMakeFiles/ecl_EKF.dir/aid_sources/magnetometer/mag_control.cpp.o
[1319/1657] Linking CXX static library src/modules/mc_autotune_attitude_control/libmc_autotune_attitude_control.a
[1320/1657] Linking CXX static library src/modules/mc_rate_control/libmodules__mc_rate_control.a
[1321/1657] Linking CXX static library src/modules/mc_hover_thrust_estimator/libmodules__mc_hover_thrust_estimator.a
[1322/1657] Linking CXX static library src/modules/local_position_estimator/libmodules__local_position_estimator.a
[1323/1657] Linking CXX static library src/modules/mc_pos_control/libmodules__mc_pos_control.a
[1324/1657] Linking CXX static library src/modules/payload_deliverer/libmodules__payload_deliverer.a
[1325/1657] Linking CXX static library src/modules/rc_update/libmodules__rc_update.a
[1326/1657] Linking CXX static library src/modules/rover_ackermann/libmodules__rover_ackermann.a
[1327/1657] Building CXX object src/modules/ekf2/EKF/CMakeFiles/ecl_EKF.dir/aid_sources/range_finder/range_height_control.cpp.o
[1328/1657] Linking CXX static library src/modules/rover_differential/libmodules__rover_differential.a
[1329/1657] Linking CXX static library src/modules/replay/libmodules__replay.a
[1330/1657] Linking CXX static library src/modules/simulation/sensor_agp_sim/libmodules__simulation__sensor_agp_sim.a
[1331/1657] Linking CXX static library src/modules/simulation/battery_simulator/libmodules__simulation__battery_simulator.a
[1332/1657] Linking CXX static library src/modules/simulation/pwm_out_sim/libmodules__simulation__pwm_out_sim.a
[1333/1657] Building CXX object src/modules/ekf2/EKF/CMakeFiles/ecl_EKF.dir/terrain_control.cpp.o
[1334/1657] Linking CXX static library src/modules/sensors/libmodules__sensors.a
[1335/1657] Linking CXX static library src/modules/simulation/sensor_airspeed_sim/libmodules__simulation__sensor_airspeed_sim.a
[1336/1657] Linking CXX static library src/modules/rover_mecanum/libmodules__rover_mecanum.a
[1337/1657] Linking CXX static library src/modules/simulation/sensor_baro_sim/libmodules__simulation__sensor_baro_sim.a
[1338/1657] Linking CXX static library src/modules/simulation/system_power_simulator/libmodules__simulation__system_power_simulator.a
[1339/1657] Linking CXX static library src/modules/simulation/sensor_gps_sim/libmodules__simulation__sensor_gps_sim.a
[1340/1657] Linking CXX static library src/modules/simulation/sensor_mag_sim/libmodules__simulation__senosr_mag_sim.a
[1341/1657] Linking CXX static library src/modules/temperature_compensation/libmodules__temperature_compensation.a
[1342/1657] Linking CXX static library src/modules/navigator/libmodules__navigator.a
[1343/1657] Linking CXX static library src/modules/uuv_att_control/libmodules__uuv_att_control.a
[1344/1657] Building CXX object src/modules/ekf2/EKF/CMakeFiles/ecl_EKF.dir/aid_sources/sideslip/sideslip_fusion.cpp.o
[1345/1657] Linking CXX static library src/modules/simulation/simulator_mavlink/libmodules__simulation__simulator_mavlink.a
[1346/1657] Linking CXX static library src/modules/simulation/simulator_sih/libmodules__simulation__simulator_sih.a
[1347/1657] Linking CXX static library src/modules/uuv_pos_control/libmodules__uuv_pos_control.a
[1348/1657] Linking CXX static library src/systemcmds/bsondump/libsystemcmds__bsondump.a
[1349/1657] Linking CXX static library src/modules/uxrce_dds_client/libmodules__uxrce_dds_client.a
[1350/1657] Linking CXX static library src/modules/mavlink/libmodules__mavlink.a
[1351/1657] Linking CXX static library src/systemcmds/failure/libsystemcmds__failure.a
[1352/1657] Linking CXX static library src/systemcmds/dyn/libsystemcmds__dyn.a
[1353/1657] Linking CXX static library src/systemcmds/actuator_test/libsystemcmds__actuator_test.a
[1354/1657] Linking CXX static library src/systemcmds/perf/libsystemcmds__perf.a
[1355/1657] Linking CXX static library src/systemcmds/param/libsystemcmds__param.a
[1356/1657] Linking CXX static library src/systemcmds/sd_bench/libsystemcmds__sd_bench.a
[1357/1657] Linking CXX static library src/systemcmds/system_time/libsystemcmds__system_time.a
[1358/1657] Linking CXX static library src/systemcmds/led_control/libsystemcmds__led_control.a
[1359/1657] Linking CXX static library src/systemcmds/uorb/libsystemcmds__uorb.a
[1360/1657] Linking CXX static library src/systemcmds/shutdown/libsystemcmds__shutdown.a
[1361/1657] Linking CXX static library src/systemcmds/topic_listener/libsystemcmds__topic_listener.a
[1362/1657] Linking CXX static library src/systemcmds/ver/libsystemcmds__ver.a
[1363/1657] Linking CXX static library src/systemcmds/work_queue/libsystemcmds__work_queue.a
[1364/1657] Linking CXX static library src/examples/fake_gps/libmodules__fake_gps.a
[1365/1657] Linking CXX static library src/systemcmds/tune_control/libsystemcmds__tune_control.a
[1366/1657] Linking CXX static library src/systemcmds/tests/hrt_test/libsystemcmds__tests__hrt_test.a
[1367/1657] Linking CXX static library src/examples/px4_mavlink_debug/libexamples__px4_mavlink_debug.a
[1368/1657] Linking CXX static library src/examples/fake_magnetometer/libexamples__fake_magnetometer.a
[1369/1657] Linking CXX static library src/examples/fake_imu/libmodules__fake_imu.a
[1370/1657] Linking CXX static library src/examples/px4_simple_app/libexamples__px4_simple_app.a
[1371/1657] Linking CXX static library src/examples/hello/libexamples__hello.a
[1372/1657] Linking CXX static library src/modules/vtol_att_control/libmodules__vtol_att_control.a
[1373/1657] Linking CXX static library src/examples/work_item/libexamples__work_item.a
[1374/1657] Building CXX object src/modules/ekf2/EKF/CMakeFiles/ecl_EKF.dir/wind.cpp.o
[1375/1657] Linking CXX static library src/modules/ekf2/EKF/libecl_EKF.a
[1376/1657] Building CXX object platforms/posix/src/px4/common/lockstep_scheduler/CMakeFiles/lockstep_scheduler.dir/src/lockstep_components.cpp.o
[1377/1657] Building CXX object platforms/posix/src/px4/common/lockstep_scheduler/CMakeFiles/lockstep_scheduler.dir/src/lockstep_scheduler.cpp.o
[1378/1657] Building CXX object platforms/posix/src/px4/common/test_stubs/CMakeFiles/test_stubs.dir/stub_daemon.cpp.o
[1379/1657] Building CXX object src/systemcmds/tests/CMakeFiles/systemcmds__tests.dir/test_matrix.cpp.o
[1380/1657] Linking CXX static library src/systemcmds/tests/libsystemcmds__tests.a
[1381/1657] Building CXX object platforms/posix/CMakeFiles/px4.dir/apps.cpp.o
[1382/1657] Building CXX object src/modules/ekf2/test/sensor_simulator/CMakeFiles/ecl_sensor_sim.dir/sensor.cpp.o
[1383/1657] Building CXX object src/modules/ekf2/test/sensor_simulator/CMakeFiles/ecl_sensor_sim.dir/ekf_wrapper.cpp.o
[1384/1657] Building CXX object src/modules/ekf2/test/sensor_simulator/CMakeFiles/ecl_sensor_sim.dir/mag.cpp.o
[1385/1657] Building CXX object src/modules/ekf2/test/sensor_simulator/CMakeFiles/ecl_sensor_sim.dir/sensor_simulator.cpp.o
[1386/1657] Building CXX object src/modules/ekf2/test/sensor_simulator/CMakeFiles/ecl_sensor_sim.dir/imu.cpp.o
[1387/1657] Building CXX object src/modules/ekf2/test/sensor_simulator/CMakeFiles/ecl_sensor_sim.dir/flow.cpp.o
[1388/1657] Building CXX object src/modules/ekf2/test/sensor_simulator/CMakeFiles/ecl_sensor_sim.dir/baro.cpp.o
[1389/1657] Building CXX object src/modules/ekf2/test/sensor_simulator/CMakeFiles/ecl_sensor_sim.dir/ekf_logger.cpp.o
[1390/1657] Building CXX object platforms/posix/CMakeFiles/px4.dir/src/px4/common/main.cpp.o
[1391/1657] Building CXX object src/modules/ekf2/test/sensor_simulator/CMakeFiles/ecl_sensor_sim.dir/range_finder.cpp.o
[1392/1657] Building CXX object src/modules/ekf2/test/sensor_simulator/CMakeFiles/ecl_sensor_sim.dir/vio.cpp.o
[1393/1657] Building CXX object src/modules/ekf2/test/sensor_simulator/CMakeFiles/ecl_sensor_sim.dir/gps.cpp.o
[1394/1657] Building CXX object src/modules/ekf2/test/test_helper/CMakeFiles/ecl_test_helper.dir/comparison_helper.cpp.o
[1395/1657] Building CXX object src/modules/ekf2/test/test_helper/CMakeFiles/ecl_test_helper.dir/reset_logging_checker.cpp.o
[1396/1657] Building CXX object src/modules/ekf2/test/sensor_simulator/CMakeFiles/ecl_sensor_sim.dir/airspeed.cpp.o
[1397/1657] Building CXX object test/fuzztest/fuzztest/CMakeFiles/fuzztest_fuzztest_gtest_main.dir/fuzztest_gtest_main.cc.o
[1398/1657] Building CXX object platforms/posix/src/px4/common/gtest_runner/CMakeFiles/gtest_functional_main.dir/gtest_functional_main.cpp.o
[1399/1657] Building CXX object test/fuzztest/fuzztest/internal/domains/CMakeFiles/fuzztest_in_regexp_impl.dir/in_regexp_impl.cc.o
[1400/1657] Linking CXX static library test/fuzztest/fuzztest/internal/domains/libfuzztest_in_regexp_impl.a
[1401/1657] Building CXX object src/lib/conversion/CMakeFiles/unit-Rotation.dir/RotationTest.cpp.o
[1402/1657] Building CXX object src/lib/control_allocation/control_allocation/CMakeFiles/unit-ControlAllocationPseudoInverse.dir/ControlAllocationPseudoInverseTest.cpp.o
[1403/1657] Building CXX object test/fuzztest/fuzztest/internal/domains/CMakeFiles/fuzztest_in_grammar_impl.dir/in_grammar_impl.cc.o
[1404/1657] Linking CXX static library test/fuzztest/fuzztest/internal/domains/libfuzztest_in_grammar_impl.a
[1405/1657] Building CXX object src/lib/atmosphere/CMakeFiles/unit-test_atmosphere.dir/test_atmosphere.cpp.o
[1406/1657] Linking CXX executable bin/px4
[1407/1657] Building CXX object src/lib/field_sensor_bias_estimator/CMakeFiles/unit-FieldSensorBiasEstimator.dir/FieldSensorBiasEstimatorTest.cpp.o
[1408/1657] Building CXX object src/lib/collision_prevention/CMakeFiles/unit-ObstacleMath.dir/ObstacleMathTest.cpp.o
[1409/1657] Building CXX object src/lib/hysteresis/CMakeFiles/unit-Hysteresis.dir/HysteresisTest.cpp.o
[1410/1657] Building CXX object src/lib/collision_prevention/CMakeFiles/functional-CollisionPrevention.dir/CollisionPreventionTest.cpp.o
[1411/1657] Building CXX object src/lib/adsb/CMakeFiles/functional-AdsbConflict.dir/AdsbConflictTest.cpp.o
[1412/1657] Building CXX object src/lib/geo/CMakeFiles/unit-test_geo.dir/test_geo.cpp.o
[1413/1657] Building CXX object test/fuzztest/fuzztest/CMakeFiles/fuzztest_init_fuzztest.dir/init_fuzztest.cc.o
In file included from /home/dns/Desktop/sqe-a2-px4-kit/PX4-Autopilot/test/fuzztest/./fuzztest/domain_core.h:61,
                 from /home/dns/Desktop/sqe-a2-px4-kit/PX4-Autopilot/test/fuzztest/./fuzztest/internal/registration.h:32,
                 from /home/dns/Desktop/sqe-a2-px4-kit/PX4-Autopilot/test/fuzztest/./fuzztest/internal/fixture_driver.h:38,
                 from /home/dns/Desktop/sqe-a2-px4-kit/PX4-Autopilot/test/fuzztest/./fuzztest/internal/registry.h:30,
                 from /home/dns/Desktop/sqe-a2-px4-kit/PX4-Autopilot/test/fuzztest/./fuzztest/internal/googletest_adaptor.h:26,
                 from /home/dns/Desktop/sqe-a2-px4-kit/PX4-Autopilot/test/fuzztest/fuzztest/init_fuzztest.cc:35:
/home/dns/Desktop/sqe-a2-px4-kit/PX4-Autopilot/test/fuzztest/./fuzztest/internal/domains/overlap_of_impl.h:190:43: warning: friend declaration ‘auto fuzztest::internal_no_adl::Utf8String()’ declares a non-template function [-Wnon-template-friend]
  190 |   friend auto internal_no_adl::Utf8String();
      |                                           ^
/home/dns/Desktop/sqe-a2-px4-kit/PX4-Autopilot/test/fuzztest/./fuzztest/internal/domains/overlap_of_impl.h:190:43: note: (if this is not what you intended, make sure the function template has already been declared and add ‘<>’ after the function name here)
[1414/1657] Linking CXX static library test/fuzztest/fuzztest/libfuzztest_init_fuzztest.a
[1415/1657] Linking CXX static library test/fuzztest/fuzztest/libfuzztest_fuzztest_gtest_main.a
[1416/1657] Building CXX object src/lib/matrix/test/CMakeFiles/unit-MatrixCopyTo.dir/MatrixCopyToTest.cpp.o
[1417/1657] Building CXX object src/lib/control_allocation/control_allocation/CMakeFiles/functional-ControlAllocationSequentialDesaturation.dir/ControlAllocationSequentialDesaturationTest.cpp.o
[1418/1657] Building CXX object src/lib/matrix/test/CMakeFiles/unit-MatrixAssignment.dir/MatrixAssignmentTest.cpp.o
[1419/1657] Building CXX object src/lib/matrix/test/CMakeFiles/unit-MatrixDcm2.dir/MatrixDcm2Test.cpp.o
[1420/1657] Building CXX object src/lib/matrix/test/CMakeFiles/unit-MatrixAttitude.dir/MatrixAttitudeTest.cpp.o
[1421/1657] Building CXX object src/lib/lat_lon_alt/CMakeFiles/unit-test_lat_lon_alt.dir/test_lat_lon_alt.cpp.o
[1422/1657] Building CXX object src/lib/matrix/test/CMakeFiles/unit-MatrixDual.dir/MatrixDualTest.cpp.o
[1423/1657] Building CXX object src/lib/matrix/test/CMakeFiles/unit-MatrixHatvee.dir/MatrixHatveeTest.cpp.o
[1424/1657] Building CXX object src/lib/matrix/test/CMakeFiles/unit-MatrixInverse.dir/MatrixInverseTest.cpp.o
[1425/1657] Building CXX object test/fuzztest/fuzztest/CMakeFiles/fuzztest_fuzztest_macros.dir/fuzztest_macros.cc.o
In file included from /home/dns/Desktop/sqe-a2-px4-kit/PX4-Autopilot/test/fuzztest/./fuzztest/domain_core.h:61,
                 from /home/dns/Desktop/sqe-a2-px4-kit/PX4-Autopilot/test/fuzztest/./fuzztest/internal/registration.h:32,
                 from /home/dns/Desktop/sqe-a2-px4-kit/PX4-Autopilot/test/fuzztest/./fuzztest/fuzztest_macros.h:27,
                 from /home/dns/Desktop/sqe-a2-px4-kit/PX4-Autopilot/test/fuzztest/fuzztest/fuzztest_macros.cc:15:
/home/dns/Desktop/sqe-a2-px4-kit/PX4-Autopilot/test/fuzztest/./fuzztest/internal/domains/overlap_of_impl.h:190:43: warning: friend declaration ‘auto fuzztest::internal_no_adl::Utf8String()’ declares a non-template function [-Wnon-template-friend]
  190 |   friend auto internal_no_adl::Utf8String();
      |                                           ^
/home/dns/Desktop/sqe-a2-px4-kit/PX4-Autopilot/test/fuzztest/./fuzztest/internal/domains/overlap_of_impl.h:190:43: note: (if this is not what you intended, make sure the function template has already been declared and add ‘<>’ after the function name here)
[1426/1657] Linking CXX static library test/fuzztest/fuzztest/libfuzztest_fuzztest_macros.a
[1427/1657] Building CXX object src/lib/matrix/test/CMakeFiles/unit-MatrixFilter.dir/MatrixFilterTest.cpp.o
[1428/1657] Building CXX object src/lib/matrix/test/CMakeFiles/unit-MatrixLeastSquares.dir/MatrixLeastSquaresTest.cpp.o
[1429/1657] Building CXX object src/lib/matrix/test/CMakeFiles/unit-MatrixIntegral.dir/MatrixIntegralTest.cpp.o
[1430/1657] Building CXX object src/lib/matrix/test/CMakeFiles/unit-MatrixHelper.dir/MatrixHelperTest.cpp.o
[1431/1657] Building CXX object src/lib/matrix/test/CMakeFiles/unit-MatrixSetIdentity.dir/MatrixSetIdentityTest.cpp.o
[1432/1657] Building CXX object src/lib/matrix/test/CMakeFiles/unit-MatrixMultiplication.dir/MatrixMultiplicationTest.cpp.o
[1433/1657] Building CXX object src/lib/matrix/test/CMakeFiles/unit-MatrixPseudoInverse.dir/MatrixPseudoInverseTest.cpp.o
[1434/1657] Building CXX object src/lib/matrix/test/CMakeFiles/unit-MatrixScalarMultiplication.dir/MatrixScalarMultiplicationTest.cpp.o
[1435/1657] Building CXX object src/lib/matrix/test/CMakeFiles/unit-MatrixSparseVector.dir/MatrixSparseVectorTest.cpp.o
[1436/1657] Building CXX object src/lib/matrix/test/CMakeFiles/unit-MatrixSquare.dir/MatrixSquareTest.cpp.o
[1437/1657] Building CXX object src/lib/matrix/test/CMakeFiles/unit-MatrixVector.dir/MatrixVectorTest.cpp.o
[1438/1657] Building CXX object src/lib/matrix/test/CMakeFiles/unit-MatrixUpperRightTriangle.dir/MatrixUpperRightTriangleTest.cpp.o
[1439/1657] Building CXX object src/lib/matrix/test/CMakeFiles/unit-MatrixTranspose.dir/MatrixTransposeTest.cpp.o
[1440/1657] Building CXX object src/lib/matrix/test/CMakeFiles/unit-MatrixVector3.dir/MatrixVector3Test.cpp.o
[1441/1657] Building CXX object src/lib/matrix/test/CMakeFiles/unit-MatrixVector2.dir/MatrixVector2Test.cpp.o
[1442/1657] Building CXX object src/lib/matrix/test/CMakeFiles/unit-MatrixSlice.dir/MatrixSliceTest.cpp.o
[1443/1657] Building CXX object src/lib/matrix/test/CMakeFiles/unit-MatrixUnwrap.dir/MatrixUnwrapTest.cpp.o
[1444/1657] Building CXX object src/lib/matrix/test/CMakeFiles/unit-MatrixVectorAssignment.dir/MatrixVectorAssignmentTest.cpp.o
[1445/1657] Building CXX object src/lib/mathlib/CMakeFiles/unit-LowPassFilter2pVector3f.dir/math/test/LowPassFilter2pVector3fTest.cpp.o
[1446/1657] Building CXX object src/lib/mathlib/CMakeFiles/unit-NotchFilter.dir/math/test/NotchFilterTest.cpp.o
[1447/1657] Building CXX object src/lib/mathlib/CMakeFiles/unit-MedianFilter.dir/math/test/MedianFilterTest.cpp.o
[1448/1657] Building CXX object src/lib/mathlib/CMakeFiles/unit-AlphaFilter.dir/math/test/AlphaFilterTest.cpp.o
[1449/1657] Building CXX object src/lib/mathlib/CMakeFiles/unit-Utilities.dir/math/test/UtilitiesTest.cpp.o
[1450/1657] Building CXX object src/lib/mathlib/CMakeFiles/unit-second_order_reference_model_test.dir/math/test/second_order_reference_model_test.cpp.o
[1451/1657] Building CXX object src/lib/mixer_module/CMakeFiles/functional-mixer_module_tests.dir/mixer_module_tests.cpp.o
[1452/1657] Building CXX object src/lib/mathlib/CMakeFiles/unit-WelfordMeanVector.dir/math/WelfordMeanVectorTest.cpp.o
[1453/1657] Building CXX object src/lib/mathlib/CMakeFiles/unit-MaxDistanceToCircle.dir/math/MaxDistanceToCircleTest.cpp.o
[1454/1657] Building CXX object src/lib/mathlib/CMakeFiles/unit-WelfordMean.dir/math/WelfordMeanTest.cpp.o
[1455/1657] Building CXX object src/lib/motion_planning/CMakeFiles/unit-VelocitySmoothing.dir/VelocitySmoothingTest.cpp.o
[1456/1657] Building CXX object src/lib/mathlib/CMakeFiles/unit-Functions.dir/math/FunctionsTest.cpp.o
[1457/1657] Building CXX object src/lib/motion_planning/CMakeFiles/unit-HeadingSmoothing.dir/HeadingSmoothingTest.cpp.o
[1458/1657] Building CXX object src/lib/motion_planning/CMakeFiles/unit-PositionSmoothing.dir/PositionSmoothingTest.cpp.o
[1459/1657] Building CXX object src/lib/npfg/CMakeFiles/unit-Npfg.dir/NpfgTest.cpp.o
[1460/1657] Linking CXX static library platforms/posix/src/px4/common/lockstep_scheduler/liblockstep_scheduler.a
[1461/1657] Building CXX object src/lib/pid/CMakeFiles/unit-PID.dir/PIDTest.cpp.o
[1462/1657] Linking CXX static library platforms/posix/src/px4/common/test_stubs/libtest_stubs.a
[1463/1657] Linking CXX static library platforms/posix/src/px4/common/gtest_runner/libgtest_functional_main.a
[1464/1657] Building CXX object src/lib/rate_control/CMakeFiles/unit-rate_control_test.dir/rate_control_test.cpp.o
[1465/1657] Building CXX object src/lib/pure_pursuit/CMakeFiles/unit-PurePursuit.dir/PurePursuitTest.cpp.o
[1466/1657] Building CXX object src/lib/pid_design/CMakeFiles/unit-pid_design_test.dir/pid_design_test.cpp.o
[1467/1657] Building CXX object src/lib/ringbuffer/CMakeFiles/unit-Ringbuffer.dir/RingbufferTest.cpp.o
[1468/1657] Building CXX object src/lib/slew_rate/CMakeFiles/unit-SlewRateYaw.dir/SlewRateYawTest.cpp.o
[1469/1657] Building CXX object src/lib/slew_rate/CMakeFiles/unit-SlewRate.dir/SlewRateTest.cpp.o
[1470/1657] Building CXX object src/lib/rover_control/CMakeFiles/unit-RoverControl.dir/RoverControlTest.cpp.o
[1471/1657] Building CXX object src/lib/variable_length_ringbuffer/CMakeFiles/unit-VariableLengthRingbuffer.dir/VariableLengthRingbufferTest.cpp.o
[1472/1657] Building CXX object src/lib/system_identification/CMakeFiles/unit-arx_rls_test.dir/arx_rls_test.cpp.o
[1473/1657] Building CXX object src/lib/wind_estimator/test/CMakeFiles/unit-test_airspeed_fusion.dir/test_airspeed_fusion.cpp.o
[1474/1657] Building CXX object src/lib/system_identification/CMakeFiles/unit-system_identification_test.dir/system_identification_test.cpp.o
[1475/1657] Building CXX object platforms/common/CMakeFiles/unit-board_identity_test.dir/board_identity_test.cpp.o
[1476/1657] Building CXX object platforms/common/uORB/test/CMakeFiles/functional-uORBMessageFields.dir/uORBMessageFieldsTest.cpp.o
[1477/1657] Building CXX object platforms/posix/src/px4/common/lockstep_scheduler/CMakeFiles/functional-lockstep_scheduler_test.dir/test/src/lockstep_scheduler_test.cpp.o
[1478/1657] Building CXX object platforms/common/uORB/test/CMakeFiles/functional-uORBSubscription.dir/uORBSubscriptionTest.cpp.o
[1479/1657] Building CXX object src/drivers/osd/msp_osd/MessageDisplay/CMakeFiles/unit-MessageDisplay.dir/MessageDisplayTest.cpp.o
[1480/1657] Building CXX object src/modules/commander/CMakeFiles/unit-mag_calibration_test.dir/mag_calibration_test.cpp.o
[1481/1657] Building CXX object src/modules/commander/failsafe/CMakeFiles/functional-failsafe_test.dir/failsafe_test.cpp.o
[1482/1657] Building CXX object src/modules/commander/CMakeFiles/functional-ModeManagement.dir/ModeManagementTest.cpp.o
[1483/1657] Building CXX object src/modules/ekf2/test/CMakeFiles/unit-test_EKF_accelerometer.dir/test_EKF_accelerometer.cpp.o
[1484/1657] Building CXX object src/modules/commander/HealthAndArmingChecks/CMakeFiles/functional-HealthAndArmingChecks.dir/HealthAndArmingChecksTest.cpp.o
[1485/1657] Building CXX object src/modules/control_allocator/VehicleActuatorEffectiveness/CMakeFiles/functional-ActuatorEffectivenessRotors.dir/ActuatorEffectivenessRotorsTest.cpp.o
[1486/1657] Building CXX object src/modules/control_allocator/VehicleActuatorEffectiveness/CMakeFiles/functional-ActuatorEffectivenessHelicopter.dir/ActuatorEffectivenessHelicopterTest.cpp.o
[1487/1657] Building CXX object src/modules/ekf2/test/CMakeFiles/unit-test_EKF_airspeed.dir/test_EKF_airspeed.cpp.o
[1488/1657] Building CXX object src/modules/ekf2/test/CMakeFiles/unit-test_EKF_flow_generated.dir/test_EKF_flow_generated.cpp.o
[1489/1657] Building CXX object src/modules/ekf2/test/CMakeFiles/unit-test_EKF_externalVision.dir/test_EKF_externalVision.cpp.o
[1490/1657] Building CXX object src/modules/ekf2/test/CMakeFiles/unit-test_EKF_fake_pos.dir/test_EKF_fake_pos.cpp.o
[1491/1657] Building CXX object src/modules/ekf2/test/CMakeFiles/unit-test_EKF_basics.dir/test_EKF_basics.cpp.o
[1492/1657] Building CXX object src/modules/ekf2/test/CMakeFiles/unit-test_EKF_gyroscope.dir/test_EKF_gyroscope.cpp.o
[1493/1657] Building CXX object src/modules/ekf2/test/CMakeFiles/unit-test_EKF_flow.dir/test_EKF_flow.cpp.o
[1494/1657] Building CXX object src/modules/ekf2/test/CMakeFiles/unit-test_EKF_fusionLogic.dir/test_EKF_fusionLogic.cpp.o
[1495/1657] Building CXX object src/modules/ekf2/test/CMakeFiles/unit-test_EKF_gnss_yaw_generated.dir/test_EKF_gnss_yaw_generated.cpp.o
[1496/1657] Building CXX object src/modules/ekf2/test/CMakeFiles/unit-test_EKF_gps.dir/test_EKF_gps.cpp.o
[1497/1657] Building CXX object src/modules/ekf2/test/CMakeFiles/unit-test_EKF_gnss_yaw.dir/test_EKF_gnss_yaw.cpp.o
[1498/1657] Building CXX object src/modules/ekf2/test/CMakeFiles/unit-test_EKF_height_fusion.dir/test_EKF_height_fusion.cpp.o
[1499/1657] Building CXX object src/modules/ekf2/test/CMakeFiles/unit-test_EKF_mag_declination_generated.dir/test_EKF_mag_declination_generated.cpp.o
[1500/1657] Building CXX object src/modules/ekf2/test/CMakeFiles/unit-test_EKF_imuSampling.dir/test_EKF_imuSampling.cpp.o
[1501/1657] Building CXX object src/modules/ekf2/test/CMakeFiles/unit-test_EKF_measurementSampling.dir/test_EKF_measurementSampling.cpp.o
[1502/1657] Linking CXX static library src/modules/ekf2/test/sensor_simulator/libecl_sensor_sim.a
[1503/1657] Building CXX object src/modules/ekf2/test/CMakeFiles/unit-test_EKF_mag.dir/test_EKF_mag.cpp.o
[1504/1657] Linking CXX static library src/modules/ekf2/test/test_helper/libecl_test_helper.a
[1505/1657] Building CXX object src/modules/ekf2/test/CMakeFiles/unit-test_EKF_initialization.dir/test_EKF_initialization.cpp.o
[1506/1657] Building CXX object src/modules/ekf2/test/CMakeFiles/unit-test_EKF_ringbuffer.dir/test_EKF_ringbuffer.cpp.o
[1507/1657] Building CXX object src/modules/ekf2/test/CMakeFiles/unit-test_EKF_utils.dir/test_EKF_utils.cpp.o
[1508/1657] Building CXX object src/modules/ekf2/test/CMakeFiles/unit-test_SensorRangeFinder.dir/test_SensorRangeFinder.cpp.o
[1509/1657] Building CXX object src/modules/ekf2/test/CMakeFiles/unit-test_EKF_yaw_estimator.dir/test_EKF_yaw_estimator.cpp.o
[1510/1657] Building CXX object src/modules/ekf2/test/CMakeFiles/unit-test_EKF_yaw_fusion_generated.dir/test_EKF_yaw_fusion_generated.cpp.o
[1511/1657] Building CXX object src/modules/ekf2/test/CMakeFiles/unit-test_EKF_withReplayData.dir/test_EKF_withReplayData.cpp.o
[1512/1657] Building CXX object src/modules/ekf2/test/CMakeFiles/unit-test_EKF_terrain.dir/test_EKF_terrain.cpp.o
[1513/1657] Building CXX object src/modules/flight_mode_manager/tasks/Utility/CMakeFiles/functional-StickTiltXY.dir/StickTiltXYTest.cpp.o
[1514/1657] Building CXX object src/modules/ekf2/test/CMakeFiles/unit-test_EKF_grounded.dir/test_EKF_grounded.cpp.o
[1515/1657] Building CXX object src/modules/ekf2/test/CMakeFiles/unit-test_EKF_drag_fusion.dir/test_EKF_drag_fusion.cpp.o
[1516/1657] Building CXX object src/modules/mc_att_control/AttitudeControl/CMakeFiles/unit-AttitudeControl.dir/AttitudeControlTest.cpp.o
[1517/1657] Building CXX object src/modules/manual_control/CMakeFiles/functional-ManualControl.dir/ManualControlTest.cpp.o
[1518/1657] Building CXX object src/modules/manual_control/CMakeFiles/unit-ManualControlSelector.dir/ManualControlSelectorTest.cpp.o
[1519/1657] Building CXX object src/examples/dyn_hello/CMakeFiles/examples__dyn_hello.dir/hello.cpp.o
[1520/1657] Building CXX object src/modules/mc_att_control/AttitudeControl/CMakeFiles/unit-AttitudeControlMath.dir/AttitudeControlMathTest.cpp.o
[1521/1657] Building CXX object src/modules/mc_hover_thrust_estimator/CMakeFiles/unit-zero_order_hover_thrust_ekf_test.dir/zero_order_hover_thrust_ekf_test.cpp.o
[1522/1657] Building CXX object src/drivers/gnss/septentrio/CMakeFiles/functional-septentrio_fuzz_tests.dir/septentrio_fuzz_tests.cpp.o
[1523/1657] Building CXX object src/modules/mc_pos_control/Takeoff/CMakeFiles/unit-Takeoff.dir/TakeoffTest.cpp.o
[1524/1657] Building CXX object src/modules/mc_pos_control/PositionControl/CMakeFiles/unit-ControlMath.dir/ControlMathTest.cpp.o
[1525/1657] Building CXX object src/modules/mavlink/CMakeFiles/unit-MavlinkStatustextHandler.dir/MavlinkStatustextHandlerTest.cpp.o
[1526/1657] Building CXX object src/modules/navigator/MissionFeasibility/CMakeFiles/functional-FeasibilityChecker.dir/FeasibilityCheckerTest.cpp.o
[1527/1657] Linking CXX executable functional-AdsbConflict
[1528/1657] Linking CXX executable unit-test_atmosphere
[1529/1657] Building CXX object platforms/posix/CMakeFiles/mavlink_fuzz_tests.dir/apps.cpp.o
[1530/1657] Linking CXX executable unit-ObstacleMath
[1531/1657] Building CXX object src/modules/navigator/GeofenceBreachAvoidance/CMakeFiles/functional-GeofenceBreachAvoidance.dir/GeofenceBreachAvoidanceTest.cpp.o
[1532/1657] Linking CXX executable unit-FieldSensorBiasEstimator
[1533/1657] Linking CXX executable unit-ControlAllocationPseudoInverse
[1534/1657] Linking CXX executable functional-CollisionPrevention
[1535/1657] Building CXX object src/modules/mc_pos_control/PositionControl/CMakeFiles/unit-PositionControl.dir/PositionControlTest.cpp.o
[1536/1657] Linking CXX executable unit-Rotation
[1537/1657] Linking CXX executable unit-test_geo
[1538/1657] Linking CXX executable functional-ControlAllocationSequentialDesaturation
[1539/1657] Building CXX object src/modules/rc_update/CMakeFiles/functional-RCUpdate.dir/RCUpdateTest.cpp.o
[1540/1657] Linking CXX executable unit-MatrixAssignment
[1541/1657] Building CXX object src/modules/sensors/vehicle_gps_position/CMakeFiles/unit-gps_blending_test.dir/gps_blending_test.cpp.o
[1542/1657] Building CXX object src/lib/parameters/CMakeFiles/functional-Parameter.dir/ParameterTest.cpp.o
[1543/1657] Linking CXX executable unit-MatrixAttitude
[1544/1657] Linking CXX executable unit-test_lat_lon_alt
[1545/1657] Linking CXX executable unit-Hysteresis
[1546/1657] Building CXX object src/modules/sensors/vehicle_optical_flow/test/CMakeFiles/functional-VehicleOpticalFlow.dir/VehicleOpticalFlowTest.cpp.o
[1547/1657] Linking CXX executable unit-MatrixCopyTo
[1548/1657] Linking CXX executable unit-MatrixDual
[1549/1657] Linking CXX executable unit-MatrixDcm2
[1550/1657] Linking CXX executable unit-MatrixFilter
[1551/1657] Linking CXX executable unit-MatrixHelper
[1552/1657] Linking CXX executable unit-MatrixHatvee
[1553/1657] Linking CXX executable unit-MatrixIntegral
[1554/1657] Linking CXX executable unit-MatrixLeastSquares
[1555/1657] Linking CXX executable unit-MatrixInverse
[1556/1657] Linking CXX executable unit-MatrixSlice
[1557/1657] Linking CXX executable unit-MatrixMultiplication
[1558/1657] Linking CXX executable unit-MatrixPseudoInverse
[1559/1657] Linking CXX executable unit-MatrixScalarMultiplication
[1560/1657] Linking CXX executable unit-MatrixSquare
[1561/1657] Linking CXX executable unit-MatrixTranspose
[1562/1657] Linking CXX executable unit-MatrixUpperRightTriangle
[1563/1657] Linking CXX executable unit-MatrixSetIdentity
[1564/1657] Linking CXX executable unit-MatrixSparseVector
[1565/1657] Linking CXX executable unit-MatrixUnwrap
[1566/1657] Linking CXX executable unit-MatrixVector2
[1567/1657] Linking CXX executable unit-MatrixVector
[1568/1657] Linking CXX executable unit-MatrixVectorAssignment
[1569/1657] Linking CXX executable unit-MatrixVector3
[1570/1657] Linking CXX executable unit-AlphaFilter
[1571/1657] Linking CXX executable unit-LowPassFilter2pVector3f
[1572/1657] Linking CXX executable unit-MedianFilter
[1573/1657] Linking CXX executable unit-NotchFilter
[1574/1657] Linking CXX executable unit-second_order_reference_model_test
[1575/1657] Linking CXX executable unit-WelfordMeanVector
[1576/1657] Building CXX object src/lib/world_magnetic_model/CMakeFiles/unit-test_geo_lookup.dir/test_geo_lookup.cpp.o
[1577/1657] Linking CXX executable unit-Utilities
[1578/1657] Linking CXX executable unit-VelocitySmoothing
[1579/1657] Linking CXX executable unit-Functions
[1580/1657] Linking CXX executable unit-WelfordMean
[1581/1657] Linking CXX executable unit-MaxDistanceToCircle
[1582/1657] Linking CXX executable unit-PositionSmoothing
[1583/1657] Linking CXX executable unit-Npfg
[1584/1657] Linking CXX executable unit-HeadingSmoothing
[1585/1657] Linking CXX executable unit-PID
[1586/1657] Linking CXX executable functional-mixer_module_tests
[1587/1657] Linking CXX executable unit-pid_design_test
[1588/1657] Linking CXX executable unit-Ringbuffer
[1589/1657] Linking CXX executable unit-SlewRate
[1590/1657] Linking CXX executable unit-PurePursuit
[1591/1657] Linking CXX executable unit-rate_control_test
[1592/1657] Linking CXX executable unit-RoverControl
[1593/1657] Linking CXX executable unit-arx_rls_test
[1594/1657] Linking CXX executable unit-system_identification_test
[1595/1657] Linking CXX executable unit-test_airspeed_fusion
[1596/1657] Linking CXX executable unit-board_identity_test
[1597/1657] Linking CXX executable unit-VariableLengthRingbuffer
[1598/1657] Linking CXX executable unit-SlewRateYaw
[1599/1657] Linking CXX executable unit-test_geo_lookup
[1600/1657] Linking CXX executable functional-uORBMessageFields
[1601/1657] Linking CXX executable unit-MessageDisplay
[1602/1657] Linking CXX executable functional-uORBSubscription
[1603/1657] Linking CXX executable unit-mag_calibration_test
[1604/1657] Linking CXX executable functional-lockstep_scheduler_test
[1605/1657] Linking CXX executable functional-septentrio_fuzz_tests
[1606/1657] Linking CXX executable unit-test_EKF_airspeed
[1607/1657] Linking CXX executable functional-HealthAndArmingChecks
[1608/1657] Linking CXX executable functional-ActuatorEffectivenessHelicopter
[1609/1657] Linking CXX executable functional-failsafe_test
[1610/1657] Linking CXX executable functional-ModeManagement
[1611/1657] Linking CXX executable unit-test_EKF_accelerometer
[1612/1657] Linking CXX executable functional-ActuatorEffectivenessRotors
[1613/1657] Linking CXX executable unit-test_EKF_basics
[1614/1657] Linking CXX executable unit-test_EKF_flow_generated
[1615/1657] Linking CXX executable unit-test_EKF_externalVision
[1616/1657] Linking CXX executable unit-test_EKF_gyroscope
[1617/1657] Linking CXX executable unit-test_EKF_flow
[1618/1657] Linking CXX executable unit-test_EKF_fake_pos
[1619/1657] Linking CXX executable unit-test_EKF_gps
[1620/1657] Linking CXX executable unit-test_EKF_height_fusion
[1621/1657] Linking CXX executable unit-test_EKF_fusionLogic
[1622/1657] Linking CXX executable unit-test_EKF_gnss_yaw
[1623/1657] Linking CXX executable unit-test_EKF_initialization
[1624/1657] Linking CXX executable unit-test_EKF_mag_declination_generated
[1625/1657] Linking CXX executable unit-test_EKF_mag
[1626/1657] Linking CXX executable unit-test_EKF_gnss_yaw_generated
[1627/1657] Linking CXX executable unit-test_EKF_measurementSampling
[1628/1657] Linking CXX executable unit-test_EKF_imuSampling
[1629/1657] Linking CXX executable unit-test_EKF_utils
[1630/1657] Linking CXX executable unit-test_EKF_ringbuffer
[1631/1657] Linking CXX executable unit-test_EKF_yaw_fusion_generated
[1632/1657] Linking CXX executable unit-test_EKF_withReplayData
[1633/1657] Linking CXX executable unit-test_EKF_terrain
[1634/1657] Linking CXX executable unit-test_SensorRangeFinder
[1635/1657] Linking CXX executable unit-test_EKF_yaw_estimator
[1636/1657] Linking CXX executable unit-ManualControlSelector
[1637/1657] Linking CXX executable unit-MavlinkStatustextHandler
[1638/1657] Linking CXX executable functional-StickTiltXY
[1639/1657] Linking CXX executable unit-test_EKF_grounded
[1640/1657] Linking CXX executable unit-test_EKF_drag_fusion
[1641/1657] Linking CXX shared library src/examples/dyn_hello/examples__dyn_hello.px4mod
[1642/1657] Linking CXX executable unit-AttitudeControl
[1643/1657] Linking CXX executable functional-ManualControl
[1644/1657] Linking CXX executable unit-AttitudeControlMath
[1645/1657] Linking CXX executable unit-Takeoff
[1646/1657] Linking CXX executable unit-zero_order_hover_thrust_ekf_test
[1647/1657] Linking CXX executable unit-PositionControl
[1648/1657] Linking CXX executable unit-ControlMath
[1649/1657] Linking CXX executable unit-gps_blending_test
[1650/1657] Linking CXX executable functional-RCUpdate
[1651/1657] Linking CXX executable functional-GeofenceBreachAvoidance
[1652/1657] Linking CXX executable functional-VehicleOpticalFlow
[1653/1657] Linking CXX executable functional-FeasibilityChecker
[1654/1657] Linking CXX executable functional-Parameter
[1655/1657] Building CXX object platforms/posix/CMakeFiles/mavlink_fuzz_tests.dir/src/px4/common/mavlink_fuzz_tests.cpp.o
[1656/1657] Linking CXX executable mavlink_fuzz_tests
[1656/1657] Running tests
Test project /home/dns/Desktop/sqe-a2-px4-kit/PX4-Autopilot/build/px4_sitl_test
No tests were found!!!
CMAKE_BUILD_TYPE:STRING=Coverage
